1	1	0
994	1	0
995	1	0
996	1	0
997	1	1
998	1	0
999	1	0
1000	1	0
1001	1	0
1002	1	0
1003	1	0
1004	1	0
1005	1	0
1006	1	0
1007	1	0
1008	1	0
1009	1	0
1010	1	-1
1011	1	0
1012	1	0
1013	1	0
1014	1	0
1015	1	0
1016	1	0
1017	1	-1
1018	1	0
1019	1	1
1020	1	0
1021	1	0
1022	1	0
1023	1	0
1024	1	0
1	2	0
2	2	0
995	2	1
996	2	0
997	2	0
998	2	0
999	2	0
1000	2	0
1001	2	1
1002	2	0
1003	2	0
1004	2	0
1005	2	0
1006	2	0
1007	2	0
1008	2	0
1009	2	0
1010	2	0
1011	2	0
1012	2	1
1013	2	0
1014	2	0
1015	2	-1
1016	2	0
1017	2	1
1018	2	0
1019	2	1
1020	2	-1
1021	2	0
1022	2	0
1023	2	0
1024	2	0
1	3	0
2	3	-1
3	3	0
996	3	-1
997	3	0
998	3	1
999	3	0
1000	3	-1
1001	3	0
1002	3	1
1003	3	1
1004	3	0
1005	3	0
1006	3	0
1007	3	0
1008	3	0
1009	3	0
1010	3	0
1011	3	0
1012	3	0
1013	3	0
1014	3	-1
1015	3	0
1016	3	0
1017	3	0
1018	3	0
1019	3	0
1020	3	0
1021	3	0
1022	3	1
1023	3	0
1024	3	0
1	4	-1
2	4	-1
3	4	0
4	4	0
997	4	0
998	4	0
999	4	0
1000	4	1
1001	4	0
1002	4	0
1003	4	0
1004	4	0
1005	4	0
1006	4	0
1007	4	0
1008	4	0
1009	4	0
1010	4	0
1011	4	0
1012	4	0
1013	4	0
1014	4	0
1015	4	0
1016	4	1
1017	4	0
1018	4	0
1019	4	0
1020	4	-1
1021	4	0
1022	4	-1
1023	4	0
1024	4	0
1	5	0
2	5	0
3	5	0
4	5	0
5	5	0
998	5	0
999	5	-1
1000	5	0
1001	5	0
1002	5	0
1003	5	0
1004	5	0
1005	5	0
1006	5	0
1007	5	0
1008	5	0
1009	5	0
1010	5	0
1011	5	0
1012	5	0
1013	5	0
1014	5	0
1015	5	1
1016	5	0
1017	5	0
1018	5	0
1019	5	-1
1020	5	0
1021	5	0
1022	5	0
1023	5	-1
1024	5	-1
1	6	0
2	6	0
3	6	0
4	6	0
5	6	0
6	6	1
999	6	0
1000	6	0
1001	6	0
1002	6	-1
1003	6	0
1004	6	0
1005	6	-1
1006	6	0
1007	6	0
1008	6	0
1009	6	0
1010	6	0
1011	6	0
1012	6	0
1013	6	1
1014	6	0
1015	6	0
1016	6	0
1017	6	0
1018	6	-1
1019	6	0
1020	6	0
1021	6	0
1022	6	0
1023	6	0
1024	6	0
1	7	0
2	7	0
3	7	0
4	7	0
5	7	0
6	7	0
7	7	1
1000	7	0
1001	7	0
1002	7	0
1003	7	-1
1004	7	-1
1005	7	0
1006	7	1
1007	7	0
1008	7	1
1009	7	0
1010	7	0
1011	7	0
1012	7	0
1013	7	-1
1014	7	0
1015	7	0
1016	7	0
1017	7	-1
1018	7	0
1019	7	0
1020	7	-1
1021	7	0
1022	7	0
1023	7	0
1024	7	0
1	8	0
2	8	-1
3	8	0
4	8	0
5	8	0
6	8	0
7	8	0
8	8	0
1001	8	0
1002	8	-1
1003	8	1
1004	8	0
1005	8	1
1006	8	0
1007	8	0
1008	8	0
1009	8	0
1010	8	0
1011	8	0
1012	8	0
1013	8	0
1014	8	0
1015	8	0
1016	8	0
1017	8	0
1018	8	0
1019	8	0
1020	8	0
1021	8	0
1022	8	0
1023	8	0
1024	8	0
1	9	0
2	9	0
3	9	0
4	9	0
5	9	0
6	9	0
7	9	0
8	9	0
9	9	0
1002	9	-1
1003	9	0
1004	9	1
1005	9	0
1006	9	-1
1007	9	0
1008	9	0
1009	9	0
1010	9	0
1011	9	0
1012	9	0
1013	9	-1
1014	9	0
1015	9	0
1016	9	1
1017	9	0
1018	9	0
1019	9	0
1020	9	0
1021	9	0
1022	9	0
1023	9	-1
1024	9	0
1	10	-1
2	10	0
3	10	-1
4	10	0
5	10	0
6	10	0
7	10	0
8	10	0
9	10	0
10	10	0
1003	10	0
1004	10	0
1005	10	0
1006	10	0
1007	10	0
1008	10	0
1009	10	0
1010	10	0
1011	10	-1
1012	10	1
1013	10	0
1014	10	0
1015	10	0
1016	10	0
1017	10	1
1018	10	0
1019	10	0
1020	10	0
1021	10	0
1022	10	0
1023	10	1
1024	10	0
1	11	-1
2	11	0
3	11	0
4	11	0
5	11	0
6	11	0
7	11	-1
8	11	1
9	11	0
10	11	0
11	11	-1
1004	11	0
1005	11	0
1006	11	0
1007	11	0
1008	11	1
1009	11	0
1010	11	1
1011	11	1
1012	11	-1
1013	11	0
1014	11	0
1015	11	0
1016	11	0
1017	11	0
1018	11	1
1019	11	1
1020	11	-1
1021	11	0
1022	11	-1
1023	11	0
1024	11	0
1	12	0
2	12	0
3	12	0
4	12	0
5	12	0
6	12	0
7	12	0
8	12	1
9	12	0
10	12	1
11	12	0
12	12	0
1005	12	0
1006	12	0
1007	12	-1
1008	12	-1
1009	12	0
1010	12	-1
1011	12	0
1012	12	0
1013	12	0
1014	12	0
1015	12	0
1016	12	1
1017	12	1
1018	12	0
1019	12	0
1020	12	0
1021	12	0
1022	12	0
1023	12	-1
1024	12	0
1	13	0
2	13	0
3	13	-1
4	13	-1
5	13	0
6	13	0
7	13	0
8	13	0
9	13	0
10	13	-1
11	13	0
12	13	-1
13	13	0
1006	13	1
1007	13	-1
1008	13	0
1009	13	0
1010	13	0
1011	13	0
1012	13	0
1013	13	0
1014	13	0
1015	13	0
1016	13	0
1017	13	0
1018	13	0
1019	13	0
1020	13	0
1021	13	0
1022	13	0
1023	13	0
1024	13	0
1	14	-1
2	14	0
3	14	-1
4	14	0
5	14	0
6	14	0
7	14	0
8	14	0
9	14	-1
10	14	1
11	14	0
12	14	0
13	14	0
14	14	0
1007	14	0
1008	14	0
1009	14	0
1010	14	-1
1011	14	0
1012	14	0
1013	14	1
1014	14	0
1015	14	0
1016	14	0
1017	14	-1
1018	14	0
1019	14	0
1020	14	0
1021	14	-1
1022	14	0
1023	14	0
1024	14	0
1	15	1
2	15	0
3	15	0
4	15	0
5	15	0
6	15	0
7	15	0
8	15	1
9	15	-1
10	15	-1
11	15	-1
12	15	0
13	15	0
14	15	0
15	15	0
1008	15	0
1009	15	0
1010	15	0
1011	15	0
1012	15	1
1013	15	0
1014	15	0
1015	15	-1
1016	15	-1
1017	15	0
1018	15	0
1019	15	0
1020	15	0
1021	15	0
1022	15	0
1023	15	0
1024	15	-1
1	16	0
2	16	0
3	16	0
4	16	0
5	16	0
6	16	0
7	16	1
8	16	0
9	16	0
10	16	0
11	16	0
12	16	-1
13	16	0
14	16	-1
15	16	0
16	16	0
1009	16	0
1010	16	0
1011	16	0
1012	16	-1
1013	16	0
1014	16	1
1015	16	0
1016	16	0
1017	16	0
1018	16	0
1019	16	0
1020	16	-1
1021	16	0
1022	16	-1
1023	16	-1
1024	16	-1
1	17	0
2	17	0
3	17	0
4	17	0
5	17	-1
6	17	0
7	17	1
8	17	1
9	17	0
10	17	0
11	17	0
12	17	0
13	17	0
14	17	0
15	17	0
16	17	1
17	17	0
1010	17	0
1011	17	0
1012	17	0
1013	17	0
1014	17	0
1015	17	1
1016	17	-1
1017	17	0
1018	17	0
1019	17	0
1020	17	0
1021	17	0
1022	17	0
1023	17	0
1024	17	-1
1	18	0
2	18	0
3	18	0
4	18	0
5	18	0
6	18	1
7	18	0
8	18	0
9	18	0
10	18	0
11	18	0
12	18	0
13	18	-1
14	18	0
15	18	-1
16	18	0
17	18	0
18	18	0
1011	18	0
1012	18	0
1013	18	0
1014	18	1
1015	18	1
1016	18	0
1017	18	-1
1018	18	0
1019	18	0
1020	18	0
1021	18	0
1022	18	0
1023	18	0
1024	18	0
1	19	0
2	19	0
3	19	1
4	19	0
5	19	0
6	19	0
7	19	0
8	19	-1
9	19	0
10	19	0
11	19	1
12	19	-1
13	19	0
14	19	0
15	19	0
16	19	0
17	19	1
18	19	1
19	19	0
1012	19	1
1013	19	0
1014	19	0
1015	19	-1
1016	19	0
1017	19	0
1018	19	-1
1019	19	-1
1020	19	0
1021	19	-1
1022	19	0
1023	19	0
1024	19	1
1	20	0
2	20	0
3	20	0
4	20	0
5	20	0
6	20	0
7	20	-1
8	20	0
9	20	-1
10	20	1
11	20	0
12	20	1
13	20	0
14	20	-1
15	20	0
16	20	0
17	20	0
18	20	0
19	20	0
20	20	0
1013	20	0
1014	20	0
1015	20	0
1016	20	0
1017	20	0
1018	20	0
1019	20	0
1020	20	0
1021	20	0
1022	20	0
1023	20	0
1024	20	0
1	21	0
2	21	-1
3	21	0
4	21	0
5	21	0
6	21	0
7	21	0
8	21	1
9	21	0
10	21	0
11	21	0
12	21	-1
13	21	0
14	21	0
15	21	0
16	21	0
17	21	1
18	21	0
19	21	0
20	21	0
21	21	1
1014	21	1
1015	21	0
1016	21	0
1017	21	0
1018	21	0
1019	21	0
1020	21	0
1021	21	0
1022	21	0
1023	21	0
1024	21	1
1	22	0
2	22	0
3	22	0
4	22	0
5	22	1
6	22	0
7	22	-1
8	22	0
9	22	0
10	22	0
11	22	-1
12	22	0
13	22	0
14	22	0
15	22	0
16	22	-1
17	22	0
18	22	1
19	22	0
20	22	-1
21	22	0
22	22	-1
1015	22	0
1016	22	0
1017	22	0
1018	22	0
1019	22	0
1020	22	0
1021	22	0
1022	22	0
1023	22	0
1024	22	1
1	23	1
2	23	0
3	23	0
4	23	0
5	23	0
6	23	0
7	23	-1
8	23	0
9	23	-1
10	23	0
11	23	0
12	23	0
13	23	0
14	23	0
15	23	0
16	23	-1
17	23	1
18	23	0
19	23	0
20	23	1
21	23	0
22	23	0
23	23	0
1016	23	-1
1017	23	0
1018	23	0
1019	23	0
1020	23	0
1021	23	0
1022	23	1
1023	23	0
1024	23	1
1	24	1
2	24	0
3	24	0
4	24	0
5	24	0
6	24	1
7	24	0
8	24	0
9	24	0
10	24	-1
11	24	0
12	24	0
13	24	0
14	24	0
15	24	0
16	24	1
17	24	0
18	24	0
19	24	-1
20	24	0
21	24	0
22	24	0
23	24	0
24	24	0
1017	24	-1
1018	24	0
1019	24	-1
1020	24	-1
1021	24	0
1022	24	0
1023	24	-1
1024	24	0
1	25	0
2	25	-1
3	25	0
4	25	0
5	25	-1
6	25	0
7	25	0
8	25	0
9	25	0
10	25	0
11	25	-1
12	25	1
13	25	0
14	25	0
15	25	1
16	25	0
17	25	0
18	25	0
19	25	0
20	25	0
21	25	0
22	25	1
23	25	-1
24	25	0
25	25	-1
1018	25	0
1019	25	0
1020	25	0
1021	25	0
1022	25	0
1023	25	0
1024	25	0
1	26	0
2	26	1
3	26	0
4	26	0
5	26	0
6	26	0
7	26	0
8	26	0
9	26	1
10	26	0
11	26	0
12	26	0
13	26	0
14	26	0
15	26	0
16	26	0
17	26	0
18	26	1
19	26	0
20	26	1
21	26	0
22	26	1
23	26	0
24	26	0
25	26	0
26	26	0
1019	26	0
1020	26	0
1021	26	0
1022	26	0
1023	26	0
1024	26	0
1	27	-1
2	27	0
3	27	0
4	27	0
5	27	-1
6	27	-1
7	27	0
8	27	-1
9	27	0
10	27	0
11	27	0
12	27	0
13	27	0
14	27	0
15	27	1
16	27	1
17	27	-1
18	27	0
19	27	1
20	27	-1
21	27	0
22	27	0
23	27	0
24	27	0
25	27	0
26	27	0
27	27	1
1020	27	0
1021	27	0
1022	27	0
1023	27	0
1024	27	0
1	28	0
2	28	0
3	28	0
4	28	0
5	28	0
6	28	0
7	28	0
8	28	0
9	28	0
10	28	0
11	28	1
12	28	1
13	28	1
14	28	0
15	28	0
16	28	0
17	28	0
18	28	-1
19	28	0
20	28	-1
21	28	-1
22	28	0
23	28	0
24	28	0
25	28	0
26	28	0
27	28	0
28	28	0
1021	28	-1
1022	28	0
1023	28	0
1024	28	0
1	29	-1
2	29	0
3	29	0
4	29	0
5	29	1
6	29	0
7	29	0
8	29	0
9	29	0
10	29	0
11	29	0
12	29	-1
13	29	1
14	29	-1
15	29	1
16	29	0
17	29	0
18	29	1
19	29	1
20	29	0
21	29	0
22	29	0
23	29	0
24	29	1
25	29	0
26	29	0
27	29	0
28	29	0
29	29	-1
1022	29	0
1023	29	0
1024	29	0
1	30	0
2	30	0
3	30	0
4	30	0
5	30	0
6	30	-1
7	30	0
8	30	0
9	30	0
10	30	0
11	30	-1
12	30	0
13	30	1
14	30	1
15	30	-1
16	30	0
17	30	0
18	30	-1
19	30	0
20	30	-1
21	30	0
22	30	0
23	30	1
24	30	1
25	30	0
26	30	0
27	30	-1
28	30	1
29	30	0
30	30	0
1023	30	0
1024	30	0
1	31	0
2	31	0
3	31	0
4	31	0
5	31	0
6	31	0
7	31	0
8	31	0
9	31	0
10	31	0
11	31	0
12	31	0
13	31	0
14	31	0
15	31	0
16	31	1
17	31	0
18	31	0
19	31	1
20	31	-1
21	31	0
22	31	0
23	31	0
24	31	0
25	31	0
26	31	0
27	31	1
28	31	0
29	31	-1
30	31	-1
31	31	0
1024	31	0
1	32	-1
2	32	0
3	32	0
4	32	1
5	32	0
6	32	0
7	32	0
8	32	0
9	32	0
10	32	0
11	32	0
12	32	0
13	32	1
14	32	0
15	32	0
16	32	0
17	32	0
18	32	0
19	32	0
20	32	0
21	32	0
22	32	0
23	32	1
24	32	0
25	32	0
26	32	0
27	32	1
28	32	0
29	32	0
30	32	0
31	32	0
32	32	-1
2	33	0
3	33	0
4	33	-1
5	33	-1
6	33	0
7	33	0
8	33	1
9	33	0
10	33	1
11	33	0
12	33	1
13	33	0
14	33	0
15	33	0
16	33	0
17	33	0
18	33	1
19	33	1
20	33	0
21	33	-1
22	33	0
23	33	0
24	33	1
25	33	0
26	33	0
27	33	-1
28	33	0
29	33	0
30	33	0
31	33	-1
32	33	-1
33	33	0
3	34	-1
4	34	0
5	34	0
6	34	0
7	34	0
8	34	0
9	34	0
10	34	0
11	34	0
12	34	0
13	34	-1
14	34	0
15	34	1
16	34	-1
17	34	0
18	34	0
19	34	0
20	34	0
21	34	0
22	34	0
23	34	1
24	34	-1
25	34	0
26	34	1
27	34	0
28	34	-1
29	34	0
30	34	0
31	34	0
32	34	0
33	34	0
34	34	0
4	35	0
5	35	0
6	35	0
7	35	0
8	35	0
9	35	0
10	35	0
11	35	0
12	35	0
13	35	0
14	35	0
15	35	0
16	35	0
17	35	0
18	35	0
19	35	0
20	35	0
21	35	0
22	35	0
23	35	0
24	35	0
25	35	0
26	35	0
27	35	0
28	35	0
29	35	0
30	35	0
31	35	0
32	35	-1
33	35	1
34	35	0
35	35	0
5	36	0
6	36	0
7	36	0
8	36	0
9	36	0
10	36	0
11	36	0
12	36	0
13	36	0
14	36	0
15	36	0
16	36	0
17	36	0
18	36	0
19	36	0
20	36	0
21	36	0
22	36	0
23	36	0
24	36	0
25	36	0
26	36	0
27	36	0
28	36	0
29	36	-1
30	36	-1
31	36	0
32	36	0
33	36	0
34	36	0
35	36	-1
36	36	1
6	37	0
7	37	0
8	37	1
9	37	0
10	37	0
11	37	0
12	37	0
13	37	-1
14	37	0
15	37	0
16	37	1
17	37	0
18	37	-1
19	37	0
20	37	0
21	37	0
22	37	0
23	37	0
24	37	0
25	37	0
26	37	0
27	37	0
28	37	-1
29	37	0
30	37	0
31	37	0
32	37	0
33	37	0
34	37	0
35	37	0
36	37	-1
37	37	0
7	38	0
8	38	0
9	38	1
10	38	0
11	38	-1
12	38	0
13	38	1
14	38	-1
15	38	0
16	38	0
17	38	0
18	38	0
19	38	0
20	38	-1
21	38	0
22	38	0
23	38	0
24	38	1
25	38	0
26	38	0
27	38	0
28	38	0
29	38	1
30	38	-1
31	38	0
32	38	0
33	38	1
34	38	0
35	38	0
36	38	0
37	38	0
38	38	0
8	39	0
9	39	0
10	39	0
11	39	0
12	39	0
13	39	0
14	39	-1
15	39	0
16	39	0
17	39	1
18	39	0
19	39	0
20	39	-1
21	39	0
22	39	0
23	39	0
24	39	0
25	39	0
26	39	0
27	39	1
28	39	0
29	39	0
30	39	0
31	39	0
32	39	0
33	39	0
34	39	0
35	39	0
36	39	0
37	39	0
38	39	0
39	39	-1
9	40	1
10	40	0
11	40	-1
12	40	0
13	40	0
14	40	0
15	40	0
16	40	-1
17	40	1
18	40	0
19	40	1
20	40	0
21	40	1
22	40	0
23	40	0
24	40	0
25	40	-1
26	40	0
27	40	0
28	40	0
29	40	0
30	40	1
31	40	0
32	40	0
33	40	-1
34	40	0
35	40	0
36	40	0
37	40	-1
38	40	0
39	40	-1
40	40	0
10	41	1
11	41	0
12	41	1
13	41	0
14	41	0
15	41	1
16	41	-1
17	41	0
18	41	1
19	41	0
20	41	-1
21	41	0
22	41	0
23	41	0
24	41	-1
25	41	0
26	41	0
27	41	0
28	41	0
29	41	0
30	41	0
31	41	0
32	41	0
33	41	-1
34	41	-1
35	41	0
36	41	0
37	41	0
38	41	0
39	41	0
40	41	-1
41	41	0
11	42	0
12	42	0
13	42	-1
14	42	0
15	42	1
16	42	1
17	42	0
18	42	0
19	42	0
20	42	-1
21	42	0
22	42	0
23	42	0
24	42	0
25	42	0
26	42	0
27	42	0
28	42	0
29	42	1
30	42	-1
31	42	0
32	42	0
33	42	0
34	42	0
35	42	0
36	42	0
37	42	0
38	42	0
39	42	1
40	42	0
41	42	0
42	42	1
12	43	0
13	43	-1
14	43	0
15	43	0
16	43	1
17	43	0
18	43	0
19	43	0
20	43	0
21	43	0
22	43	0
23	43	0
24	43	0
25	43	0
26	43	-1
27	43	0
28	43	0
29	43	0
30	43	-1
31	43	0
32	43	0
33	43	0
34	43	0
35	43	0
36	43	0
37	43	0
38	43	1
39	43	-1
40	43	0
41	43	0
42	43	0
43	43	0
13	44	0
14	44	0
15	44	0
16	44	0
17	44	0
18	44	0
19	44	0
20	44	0
21	44	0
22	44	0
23	44	0
24	44	0
25	44	0
26	44	0
27	44	0
28	44	0
29	44	-1
30	44	0
31	44	0
32	44	0
33	44	1
34	44	0
35	44	0
36	44	-1
37	44	0
38	44	1
39	44	0
40	44	0
41	44	-1
42	44	1
43	44	-1
44	44	0
14	45	0
15	45	0
16	45	0
17	45	0
18	45	0
19	45	0
20	45	-1
21	45	0
22	45	0
23	45	0
24	45	0
25	45	0
26	45	1
27	45	0
28	45	-1
29	45	0
30	45	0
31	45	0
32	45	0
33	45	0
34	45	0
35	45	0
36	45	0
37	45	0
38	45	0
39	45	0
40	45	-1
41	45	0
42	45	0
43	45	0
44	45	0
45	45	0
15	46	0
16	46	0
17	46	0
18	46	0
19	46	0
20	46	0
21	46	0
22	46	0
23	46	-1
24	46	1
25	46	0
26	46	0
27	46	-1
28	46	0
29	46	0
30	46	0
31	46	0
32	46	-1
33	46	0
34	46	0
35	46	0
36	46	0
37	46	0
38	46	1
39	46	0
40	46	0
41	46	0
42	46	0
43	46	0
44	46	0
45	46	0
46	46	0
16	47	0
17	47	0
18	47	0
19	47	0
20	47	0
21	47	-1
22	47	0
23	47	-1
24	47	0
25	47	0
26	47	0
27	47	-1
28	47	0
29	47	0
30	47	0
31	47	0
32	47	-1
33	47	0
34	47	1
35	47	0
36	47	0
37	47	0
38	47	0
39	47	0
40	47	-1
41	47	-1
42	47	0
43	47	0
44	47	0
45	47	-1
46	47	0
47	47	0
17	48	0
18	48	0
19	48	0
20	48	0
21	48	0
22	48	0
23	48	-1
24	48	0
25	48	1
26	48	0
27	48	0
28	48	0
29	48	0
30	48	0
31	48	0
32	48	0
33	48	0
34	48	0
35	48	-1
36	48	0
37	48	0
38	48	0
39	48	0
40	48	0
41	48	0
42	48	0
43	48	1
44	48	0
45	48	0
46	48	0
47	48	0
48	48	0
18	49	0
19	49	0
20	49	0
21	49	1
22	49	-1
23	49	0
24	49	-1
25	49	1
26	49	0
27	49	0
28	49	-1
29	49	0
30	49	0
31	49	0
32	49	0
33	49	0
34	49	-1
35	49	0
36	49	0
37	49	0
38	49	0
39	49	0
40	49	0
41	49	0
42	49	0
43	49	0
44	49	0
45	49	0
46	49	0
47	49	-1
48	49	0
49	49	0
19	50	0
20	50	0
21	50	0
22	50	0
23	50	0
24	50	-1
25	50	0
26	50	0
27	50	-1
28	50	0
29	50	0
30	50	0
31	50	0
32	50	-1
33	50	0
34	50	0
35	50	0
36	50	0
37	50	0
38	50	0
39	50	0
40	50	0
41	50	0
42	50	0
43	50	0
44	50	0
45	50	0
46	50	-1
47	50	0
48	50	0
49	50	0
50	50	0
20	51	0
21	51	0
22	51	-1
23	51	0
24	51	0
25	51	0
26	51	0
27	51	0
28	51	0
29	51	1
30	51	0
31	51	0
32	51	0
33	51	0
34	51	0
35	51	-1
36	51	1
37	51	0
38	51	0
39	51	-1
40	51	0
41	51	0
42	51	0
43	51	0
44	51	1
45	51	0
46	51	0
47	51	-1
48	51	0
49	51	0
50	51	0
51	51	0
21	52	1
22	52	0
23	52	1
24	52	0
25	52	0
26	52	0
27	52	1
28	52	0
29	52	0
30	52	0
31	52	1
32	52	0
33	52	0
34	52	0
35	52	0
36	52	0
37	52	0
38	52	0
39	52	0
40	52	0
41	52	0
42	52	0
43	52	0
44	52	0
45	52	0
46	52	0
47	52	-1
48	52	0
49	52	0
50	52	0
51	52	0
52	52	0
22	53	1
23	53	0
24	53	-1
25	53	0
26	53	0
27	53	0
28	53	0
29	53	1
30	53	0
31	53	0
32	53	0
33	53	0
34	53	0
35	53	1
36	53	0
37	53	0
38	53	0
39	53	0
40	53	0
41	53	-1
42	53	0
43	53	0
44	53	0
45	53	0
46	53	0
47	53	0
48	53	0
49	53	1
50	53	1
51	53	0
52	53	0
53	53	1
23	54	0
24	54	1
25	54	0
26	54	0
27	54	-1
28	54	0
29	54	0
30	54	-1
31	54	0
32	54	0
33	54	0
34	54	0
35	54	0
36	54	0
37	54	1
38	54	0
39	54	0
40	54	-1
41	54	0
42	54	0
43	54	0
44	54	0
45	54	0
46	54	0
47	54	0
48	54	0
49	54	0
50	54	0
51	54	0
52	54	-1
53	54	1
54	54	0
24	55	0
25	55	0
26	55	0
27	55	0
28	55	0
29	55	0
30	55	-1
31	55	-1
32	55	0
33	55	-1
34	55	0
35	55	-1
36	55	0
37	55	0
38	55	0
39	55	0
40	55	-1
41	55	-1
42	55	0
43	55	0
44	55	0
45	55	0
46	55	1
47	55	0
48	55	0
49	55	0
50	55	1
51	55	0
52	55	0
53	55	0
54	55	0
55	55	0
25	56	0
26	56	0
27	56	0
28	56	0
29	56	0
30	56	0
31	56	0
32	56	0
33	56	-1
34	56	0
35	56	0
36	56	0
37	56	0
38	56	0
39	56	0
40	56	0
41	56	0
42	56	0
43	56	0
44	56	0
45	56	-1
46	56	0
47	56	-1
48	56	0
49	56	0
50	56	0
51	56	0
52	56	0
53	56	0
54	56	0
55	56	0
56	56	-1
26	57	0
27	57	0
28	57	0
29	57	-1
30	57	0
31	57	0
32	57	0
33	57	0
34	57	0
35	57	0
36	57	0
37	57	1
38	57	0
39	57	0
40	57	0
41	57	1
42	57	0
43	57	1
44	57	-1
45	57	0
46	57	0
47	57	0
48	57	0
49	57	1
50	57	0
51	57	1
52	57	0
53	57	0
54	57	0
55	57	0
56	57	1
57	57	0
27	58	0
28	58	0
29	58	0
30	58	0
31	58	0
32	58	0
33	58	1
34	58	0
35	58	0
36	58	0
37	58	0
38	58	0
39	58	-1
40	58	0
41	58	0
42	58	0
43	58	0
44	58	0
45	58	0
46	58	0
47	58	0
48	58	0
49	58	0
50	58	-1
51	58	0
52	58	0
53	58	0
54	58	0
55	58	0
56	58	0
57	58	-1
58	58	0
28	59	0
29	59	0
30	59	0
31	59	1
32	59	0
33	59	0
34	59	0
35	59	0
36	59	-1
37	59	0
38	59	0
39	59	0
40	59	-1
41	59	-1
42	59	0
43	59	0
44	59	0
45	59	1
46	59	0
47	59	0
48	59	-1
49	59	0
50	59	-1
51	59	1
52	59	0
53	59	1
54	59	-1
55	59	0
56	59	1
57	59	0
58	59	1
59	59	0
29	60	0
30	60	0
31	60	0
32	60	0
33	60	0
34	60	0
35	60	0
36	60	0
37	60	1
38	60	0
39	60	0
40	60	1
41	60	0
42	60	0
43	60	1
44	60	0
45	60	0
46	60	0
47	60	0
48	60	0
49	60	0
50	60	1
51	60	0
52	60	-1
53	60	0
54	60	-1
55	60	0
56	60	0
57	60	0
58	60	-1
59	60	0
60	60	1
30	61	0
31	61	0
32	61	0
33	61	0
34	61	1
35	61	0
36	61	0
37	61	0
38	61	0
39	61	0
40	61	0
41	61	0
42	61	0
43	61	0
44	61	0
45	61	0
46	61	0
47	61	-1
48	61	0
49	61	0
50	61	0
51	61	1
52	61	0
53	61	0
54	61	0
55	61	0
56	61	0
57	61	-1
58	61	0
59	61	0
60	61	0
61	61	1
31	62	0
32	62	0
33	62	1
34	62	0
35	62	0
36	62	1
37	62	0
38	62	0
39	62	1
40	62	0
41	62	0
42	62	0
43	62	0
44	62	0
45	62	0
46	62	0
47	62	0
48	62	0
49	62	0
50	62	0
51	62	0
52	62	-1
53	62	-1
54	62	0
55	62	0
56	62	0
57	62	0
58	62	0
59	62	0
60	62	0
61	62	0
62	62	0
32	63	0
33	63	-1
34	63	0
35	63	0
36	63	0
37	63	0
38	63	0
39	63	0
40	63	-1
41	63	0
42	63	0
43	63	0
44	63	1
45	63	0
46	63	0
47	63	0
48	63	1
49	63	-1
50	63	0
51	63	0
52	63	0
53	63	0
54	63	0
55	63	0
56	63	0
57	63	0
58	63	0
59	63	0
60	63	1
61	63	0
62	63	0
63	63	1
33	64	0
34	64	0
35	64	0
36	64	0
37	64	0
38	64	0
39	64	0
40	64	0
41	64	0
42	64	0
43	64	1
44	64	0
45	64	0
46	64	0
47	64	0
48	64	0
49	64	0
50	64	-1
51	64	0
52	64	0
53	64	0
54	64	0
55	64	0
56	64	0
57	64	0
58	64	0
59	64	0
60	64	0
61	64	0
62	64	-1
63	64	-1
64	64	0
34	65	1
35	65	0
36	65	0
37	65	0
38	65	0
39	65	0
40	65	0
41	65	0
42	65	-1
43	65	1
44	65	0
45	65	0
46	65	0
47	65	0
48	65	0
49	65	0
50	65	0
51	65	0
52	65	0
53	65	1
54	65	-1
55	65	0
56	65	1
57	65	-1
58	65	0
59	65	0
60	65	0
61	65	0
62	65	0
63	65	0
64	65	0
65	65	0
35	66	0
36	66	0
37	66	0
38	66	0
39	66	0
40	66	-1
41	66	0
42	66	1
43	66	1
44	66	0
45	66	1
46	66	0
47	66	0
48	66	0
49	66	0
50	66	0
51	66	0
52	66	0
53	66	0
54	66	0
55	66	0
56	66	0
57	66	0
58	66	0
59	66	0
60	66	-1
61	66	0
62	66	1
63	66	0
64	66	0
65	66	0
66	66	0
36	67	0
37	67	0
38	67	-1
39	67	0
40	67	0
41	67	0
42	67	0
43	67	0
44	67	0
45	67	0
46	67	0
47	67	0
48	67	0
49	67	1
50	67	0
51	67	1
52	67	0
53	67	1
54	67	0
55	67	0
56	67	-1
57	67	-1
58	67	1
59	67	0
60	67	0
61	67	0
62	67	-1
63	67	-1
64	67	0
65	67	0
66	67	1
67	67	0
37	68	-1
38	68	0
39	68	0
40	68	0
41	68	0
42	68	0
43	68	0
44	68	-1
45	68	0
46	68	0
47	68	0
48	68	0
49	68	0
50	68	0
51	68	0
52	68	0
53	68	0
54	68	0
55	68	0
56	68	0
57	68	0
58	68	-1
59	68	0
60	68	0
61	68	0
62	68	-1
63	68	0
64	68	0
65	68	1
66	68	0
67	68	0
68	68	-1
38	69	0
39	69	0
40	69	0
41	69	0
42	69	1
43	69	1
44	69	0
45	69	0
46	69	0
47	69	0
48	69	0
49	69	0
50	69	1
51	69	0
52	69	-1
53	69	0
54	69	0
55	69	0
56	69	0
57	69	0
58	69	0
59	69	0
60	69	-1
61	69	1
62	69	0
63	69	0
64	69	-1
65	69	0
66	69	0
67	69	0
68	69	-1
69	69	0
39	70	0
40	70	0
41	70	0
42	70	-1
43	70	0
44	70	1
45	70	0
46	70	-1
47	70	1
48	70	0
49	70	0
50	70	0
51	70	0
52	70	1
53	70	0
54	70	1
55	70	0
56	70	0
57	70	-1
58	70	0
59	70	0
60	70	0
61	70	0
62	70	0
63	70	0
64	70	-1
65	70	0
66	70	0
67	70	0
68	70	0
69	70	0
70	70	-1
40	71	0
41	71	0
42	71	0
43	71	0
44	71	0
45	71	0
46	71	0
47	71	0
48	71	1
49	71	1
50	71	0
51	71	0
52	71	0
53	71	-1
54	71	0
55	71	1
56	71	0
57	71	1
58	71	0
59	71	0
60	71	0
61	71	0
62	71	0
63	71	0
64	71	0
65	71	-1
66	71	0
67	71	0
68	71	0
69	71	0
70	71	1
71	71	0
41	72	-1
42	72	0
43	72	0
44	72	0
45	72	0
46	72	1
47	72	0
48	72	-1
49	72	-1
50	72	0
51	72	0
52	72	1
53	72	0
54	72	0
55	72	1
56	72	0
57	72	0
58	72	0
59	72	-1
60	72	0
61	72	0
62	72	1
63	72	-1
64	72	0
65	72	0
66	72	0
67	72	1
68	72	0
69	72	0
70	72	0
71	72	0
72	72	0
42	73	0
43	73	0
44	73	0
45	73	0
46	73	0
47	73	1
48	73	0
49	73	1
50	73	0
51	73	-1
52	73	0
53	73	0
54	73	0
55	73	1
56	73	0
57	73	0
58	73	1
59	73	0
60	73	0
61	73	1
62	73	0
63	73	0
64	73	0
65	73	0
66	73	0
67	73	0
68	73	0
69	73	0
70	73	0
71	73	0
72	73	0
73	73	0
43	74	0
44	74	1
45	74	1
46	74	-1
47	74	1
48	74	0
49	74	1
50	74	0
51	74	0
52	74	0
53	74	-1
54	74	0
55	74	0
56	74	0
57	74	1
58	74	1
59	74	0
60	74	1
61	74	0
62	74	1
63	74	0
64	74	-1
65	74	0
66	74	0
67	74	1
68	74	0
69	74	-1
70	74	-1
71	74	0
72	74	0
73	74	0
74	74	1
44	75	-1
45	75	0
46	75	0
47	75	-1
48	75	0
49	75	0
50	75	-1
51	75	1
52	75	0
53	75	0
54	75	-1
55	75	0
56	75	0
57	75	-1
58	75	0
59	75	0
60	75	-1
61	75	-1
62	75	0
63	75	0
64	75	0
65	75	0
66	75	0
67	75	0
68	75	0
69	75	1
70	75	0
71	75	0
72	75	0
73	75	0
74	75	0
75	75	0
45	76	0
46	76	0
47	76	-1
48	76	1
49	76	0
50	76	0
51	76	0
52	76	0
53	76	0
54	76	0
55	76	0
56	76	0
57	76	0
58	76	0
59	76	1
60	76	1
61	76	0
62	76	0
63	76	1
64	76	0
65	76	0
66	76	1
67	76	0
68	76	0
69	76	0
70	76	0
71	76	0
72	76	0
73	76	0
74	76	1
75	76	0
76	76	0
46	77	1
47	77	0
48	77	0
49	77	0
50	77	0
51	77	0
52	77	0
53	77	0
54	77	0
55	77	0
56	77	0
57	77	0
58	77	1
59	77	0
60	77	0
61	77	0
62	77	0
63	77	0
64	77	0
65	77	0
66	77	-1
67	77	1
68	77	0
69	77	0
70	77	-1
71	77	0
72	77	0
73	77	0
74	77	0
75	77	0
76	77	0
77	77	0
47	78	0
48	78	0
49	78	0
50	78	0
51	78	0
52	78	0
53	78	0
54	78	0
55	78	0
56	78	0
57	78	0
58	78	0
59	78	0
60	78	0
61	78	0
62	78	-1
63	78	0
64	78	0
65	78	0
66	78	0
67	78	0
68	78	0
69	78	0
70	78	0
71	78	0
72	78	0
73	78	-1
74	78	0
75	78	0
76	78	-1
77	78	0
78	78	0
48	79	0
49	79	0
50	79	0
51	79	0
52	79	0
53	79	0
54	79	0
55	79	0
56	79	0
57	79	1
58	79	0
59	79	1
60	79	0
61	79	0
62	79	0
63	79	-1
64	79	0
65	79	0
66	79	0
67	79	0
68	79	0
69	79	0
70	79	0
71	79	1
72	79	0
73	79	-1
74	79	0
75	79	0
76	79	0
77	79	0
78	79	0
79	79	1
49	80	0
50	80	0
51	80	-1
52	80	0
53	80	-1
54	80	0
55	80	0
56	80	0
57	80	0
58	80	0
59	80	0
60	80	0
61	80	0
62	80	0
63	80	0
64	80	-1
65	80	0
66	80	1
67	80	0
68	80	0
69	80	-1
70	80	0
71	80	-1
72	80	-1
73	80	1
74	80	0
75	80	0
76	80	0
77	80	0
78	80	0
79	80	1
80	80	1
50	81	0
51	81	0
52	81	0
53	81	0
54	81	0
55	81	0
56	81	0
57	81	1
58	81	1
59	81	0
60	81	0
61	81	0
62	81	0
63	81	0
64	81	1
65	81	0
66	81	0
67	81	0
68	81	0
69	81	0
70	81	0
71	81	0
72	81	-1
73	81	0
74	81	0
75	81	1
76	81	0
77	81	0
78	81	0
79	81	0
80	81	0
81	81	1
51	82	1
52	82	-1
53	82	0
54	82	-1
55	82	0
56	82	0
57	82	0
58	82	0
59	82	0
60	82	-1
61	82	-1
62	82	0
63	82	0
64	82	1
65	82	0
66	82	0
67	82	0
68	82	0
69	82	0
70	82	0
71	82	0
72	82	0
73	82	-1
74	82	1
75	82	0
76	82	-1
77	82	0
78	82	0
79	82	-1
80	82	0
81	82	0
82	82	0
52	83	0
53	83	1
54	83	0
55	83	0
56	83	0
57	83	0
58	83	1
59	83	0
60	83	-1
61	83	1
62	83	0
63	83	0
64	83	0
65	83	0
66	83	0
67	83	0
68	83	0
69	83	0
70	83	0
71	83	0
72	83	0
73	83	0
74	83	0
75	83	0
76	83	0
77	83	-1
78	83	0
79	83	0
80	83	0
81	83	0
82	83	0
83	83	0
53	84	0
54	84	1
55	84	0
56	84	1
57	84	1
58	84	0
59	84	1
60	84	0
61	84	0
62	84	0
63	84	0
64	84	0
65	84	0
66	84	0
67	84	-1
68	84	0
69	84	0
70	84	1
71	84	0
72	84	0
73	84	0
74	84	0
75	84	0
76	84	0
77	84	0
78	84	0
79	84	-1
80	84	0
81	84	0
82	84	0
83	84	0
84	84	0
54	85	0
55	85	0
56	85	1
57	85	0
58	85	0
59	85	0
60	85	0
61	85	0
62	85	0
63	85	0
64	85	0
65	85	0
66	85	0
67	85	1
68	85	0
69	85	0
70	85	0
71	85	-1
72	85	0
73	85	0
74	85	0
75	85	0
76	85	0
77	85	0
78	85	0
79	85	-1
80	85	0
81	85	0
82	85	0
83	85	0
84	85	0
85	85	0
55	86	0
56	86	0
57	86	0
58	86	-1
59	86	0
60	86	0
61	86	-1
62	86	1
63	86	-1
64	86	0
65	86	0
66	86	0
67	86	0
68	86	0
69	86	0
70	86	0
71	86	1
72	86	0
73	86	0
74	86	1
75	86	0
76	86	0
77	86	-1
78	86	0
79	86	0
80	86	0
81	86	0
82	86	0
83	86	0
84	86	0
85	86	0
86	86	0
56	87	0
57	87	0
58	87	0
59	87	0
60	87	0
61	87	-1
62	87	0
63	87	0
64	87	-1
65	87	-1
66	87	1
67	87	0
68	87	0
69	87	0
70	87	0
71	87	0
72	87	0
73	87	0
74	87	0
75	87	0
76	87	0
77	87	0
78	87	1
79	87	0
80	87	0
81	87	0
82	87	0
83	87	0
84	87	0
85	87	0
86	87	1
87	87	0
57	88	0
58	88	0
59	88	0
60	88	0
61	88	0
62	88	0
63	88	0
64	88	0
65	88	0
66	88	0
67	88	1
68	88	0
69	88	0
70	88	0
71	88	0
72	88	0
73	88	0
74	88	0
75	88	0
76	88	0
77	88	0
78	88	0
79	88	-1
80	88	-1
81	88	0
82	88	0
83	88	0
84	88	0
85	88	0
86	88	0
87	88	0
88	88	1
58	89	-1
59	89	0
60	89	1
61	89	0
62	89	0
63	89	-1
64	89	0
65	89	-1
66	89	0
67	89	0
68	89	0
69	89	0
70	89	0
71	89	0
72	89	0
73	89	0
74	89	0
75	89	0
76	89	1
77	89	0
78	89	1
79	89	0
80	89	0
81	89	0
82	89	0
83	89	0
84	89	1
85	89	0
86	89	1
87	89	0
88	89	1
89	89	0
59	90	0
60	90	0
61	90	0
62	90	-1
63	90	0
64	90	0
65	90	0
66	90	0
67	90	0
68	90	0
69	90	0
70	90	-1
71	90	0
72	90	0
73	90	0
74	90	0
75	90	0
76	90	0
77	90	0
78	90	0
79	90	0
80	90	0
81	90	0
82	90	0
83	90	1
84	90	0
85	90	0
86	90	-1
87	90	0
88	90	0
89	90	0
90	90	0
60	91	1
61	91	0
62	91	0
63	91	0
64	91	0
65	91	0
66	91	1
67	91	0
68	91	0
69	91	-1
70	91	0
71	91	0
72	91	0
73	91	0
74	91	0
75	91	0
76	91	0
77	91	0
78	91	0
79	91	0
80	91	1
81	91	0
82	91	0
83	91	0
84	91	0
85	91	0
86	91	0
87	91	0
88	91	0
89	91	0
90	91	1
91	91	-1
61	92	0
62	92	0
63	92	0
64	92	0
65	92	0
66	92	0
67	92	0
68	92	0
69	92	1
70	92	1
71	92	0
72	92	0
73	92	0
74	92	-1
75	92	0
76	92	-1
77	92	0
78	92	0
79	92	0
80	92	0
81	92	1
82	92	0
83	92	0
84	92	0
85	92	0
86	92	1
87	92	-1
88	92	0
89	92	0
90	92	0
91	92	0
92	92	1
62	93	0
63	93	0
64	93	0
65	93	-1
66	93	0
67	93	0
68	93	0
69	93	0
70	93	0
71	93	0
72	93	0
73	93	0
74	93	0
75	93	-1
76	93	-1
77	93	0
78	93	0
79	93	0
80	93	0
81	93	0
82	93	0
83	93	-1
84	93	0
85	93	0
86	93	1
87	93	0
88	93	0
89	93	1
90	93	1
91	93	0
92	93	0
93	93	0
63	94	0
64	94	0
65	94	0
66	94	0
67	94	0
68	94	0
69	94	0
70	94	0
71	94	0
72	94	-1
73	94	0
74	94	1
75	94	0
76	94	-1
77	94	1
78	94	1
79	94	0
80	94	-1
81	94	0
82	94	0
83	94	-1
84	94	0
85	94	1
86	94	0
87	94	0
88	94	0
89	94	0
90	94	0
91	94	0
92	94	1
93	94	-1
94	94	0
64	95	0
65	95	0
66	95	0
67	95	0
68	95	0
69	95	1
70	95	0
71	95	0
72	95	0
73	95	0
74	95	-1
75	95	0
76	95	0
77	95	1
78	95	1
79	95	1
80	95	1
81	95	0
82	95	0
83	95	-1
84	95	0
85	95	0
86	95	0
87	95	0
88	95	0
89	95	0
90	95	0
91	95	0
92	95	0
93	95	1
94	95	0
95	95	0
65	96	0
66	96	0
67	96	0
68	96	0
69	96	0
70	96	1
71	96	0
72	96	0
73	96	0
74	96	0
75	96	0
76	96	0
77	96	0
78	96	0
79	96	1
80	96	0
81	96	0
82	96	1
83	96	1
84	96	-1
85	96	0
86	96	0
87	96	0
88	96	0
89	96	-1
90	96	1
91	96	-1
92	96	0
93	96	1
94	96	0
95	96	0
96	96	1
66	97	0
67	97	0
68	97	0
69	97	0
70	97	0
71	97	0
72	97	0
73	97	0
74	97	0
75	97	0
76	97	0
77	97	0
78	97	0
79	97	1
80	97	0
81	97	0
82	97	-1
83	97	0
84	97	0
85	97	0
86	97	1
87	97	0
88	97	0
89	97	1
90	97	0
91	97	0
92	97	1
93	97	0
94	97	1
95	97	0
96	97	0
97	97	1
67	98	0
68	98	1
69	98	0
70	98	0
71	98	1
72	98	0
73	98	0
74	98	0
75	98	0
76	98	0
77	98	0
78	98	1
79	98	1
80	98	1
81	98	-1
82	98	0
83	98	0
84	98	1
85	98	-1
86	98	1
87	98	0
88	98	0
89	98	0
90	98	0
91	98	0
92	98	-1
93	98	0
94	98	1
95	98	0
96	98	-1
97	98	0
98	98	0
68	99	1
69	99	0
70	99	0
71	99	0
72	99	-1
73	99	-1
74	99	0
75	99	0
76	99	0
77	99	0
78	99	0
79	99	0
80	99	0
81	99	0
82	99	-1
83	99	1
84	99	0
85	99	-1
86	99	-1
87	99	0
88	99	1
89	99	0
90	99	0
91	99	0
92	99	0
93	99	0
94	99	0
95	99	1
96	99	0
97	99	0
98	99	0
99	99	0
69	100	0
70	100	1
71	100	0
72	100	0
73	100	0
74	100	0
75	100	0
76	100	0
77	100	0
78	100	0
79	100	1
80	100	0
81	100	-1
82	100	-1
83	100	0
84	100	0
85	100	0
86	100	0
87	100	0
88	100	0
89	100	0
90	100	0
91	100	1
92	100	0
93	100	0
94	100	0
95	100	0
96	100	1
97	100	0
98	100	1
99	100	0
100	100	0
70	101	0
71	101	1
72	101	0
73	101	0
74	101	0
75	101	1
76	101	0
77	101	0
78	101	0
79	101	1
80	101	0
81	101	-1
82	101	0
83	101	0
84	101	0
85	101	0
86	101	-1
87	101	0
88	101	0
89	101	0
90	101	1
91	101	0
92	101	0
93	101	0
94	101	0
95	101	0
96	101	0
97	101	0
98	101	1
99	101	0
100	101	0
101	101	0
71	102	0
72	102	1
73	102	0
74	102	0
75	102	0
76	102	1
77	102	0
78	102	0
79	102	0
80	102	0
81	102	0
82	102	0
83	102	0
84	102	0
85	102	0
86	102	0
87	102	0
88	102	0
89	102	0
90	102	0
91	102	0
92	102	0
93	102	-1
94	102	1
95	102	1
96	102	0
97	102	0
98	102	0
99	102	0
100	102	0
101	102	0
102	102	0
72	103	0
73	103	1
74	103	1
75	103	0
76	103	0
77	103	0
78	103	0
79	103	0
80	103	0
81	103	1
82	103	0
83	103	0
84	103	0
85	103	0
86	103	0
87	103	0
88	103	0
89	103	0
90	103	0
91	103	-1
92	103	0
93	103	0
94	103	-1
95	103	0
96	103	0
97	103	-1
98	103	0
99	103	0
100	103	0
101	103	0
102	103	0
103	103	0
73	104	-1
74	104	0
75	104	0
76	104	0
77	104	0
78	104	0
79	104	1
80	104	0
81	104	0
82	104	0
83	104	0
84	104	0
85	104	0
86	104	0
87	104	0
88	104	1
89	104	0
90	104	0
91	104	0
92	104	0
93	104	0
94	104	0
95	104	-1
96	104	0
97	104	1
98	104	0
99	104	0
100	104	0
101	104	0
102	104	0
103	104	0
104	104	0
74	105	1
75	105	1
76	105	1
77	105	1
78	105	0
79	105	0
80	105	0
81	105	0
82	105	0
83	105	0
84	105	0
85	105	0
86	105	0
87	105	1
88	105	0
89	105	1
90	105	-1
91	105	0
92	105	0
93	105	0
94	105	0
95	105	0
96	105	0
97	105	0
98	105	0
99	105	0
100	105	0
101	105	0
102	105	0
103	105	0
104	105	0
105	105	0
75	106	0
76	106	0
77	106	0
78	106	-1
79	106	0
80	106	0
81	106	0
82	106	-1
83	106	0
84	106	0
85	106	0
86	106	0
87	106	0
88	106	1
89	106	1
90	106	1
91	106	1
92	106	0
93	106	0
94	106	0
95	106	0
96	106	0
97	106	0
98	106	0
99	106	0
100	106	0
101	106	0
102	106	0
103	106	1
104	106	0
105	106	0
106	106	0
76	107	0
77	107	0
78	107	0
79	107	0
80	107	0
81	107	0
82	107	0
83	107	0
84	107	0
85	107	0
86	107	-1
87	107	0
88	107	0
89	107	0
90	107	0
91	107	0
92	107	0
93	107	1
94	107	0
95	107	-1
96	107	0
97	107	1
98	107	0
99	107	0
100	107	0
101	107	0
102	107	0
103	107	-1
104	107	0
105	107	2
106	107	3
107	107	3
77	108	-1
78	108	0
79	108	-1
80	108	-1
81	108	0
82	108	0
83	108	0
84	108	0
85	108	0
86	108	0
87	108	0
88	108	1
89	108	0
90	108	0
91	108	0
92	108	0
93	108	0
94	108	1
95	108	0
96	108	0
97	108	0
98	108	0
99	108	0
100	108	-1
101	108	0
102	108	0
103	108	-1
104	108	-1
105	108	-1
106	108	-1
107	108	-1
108	108	-2
78	109	0
79	109	0
80	109	-1
81	109	0
82	109	0
83	109	0
84	109	0
85	109	0
86	109	0
87	109	-1
88	109	0
89	109	0
90	109	0
91	109	0
92	109	1
93	109	0
94	109	0
95	109	0
96	109	0
97	109	0
98	109	0
99	109	0
100	109	1
101	109	1
102	109	0
103	109	0
104	109	0
105	109	-2
106	109	-1
107	109	-1
108	109	-1
109	109	-2
79	110	0
80	110	1
81	110	1
82	110	1
83	110	0
84	110	1
85	110	-1
86	110	0
87	110	0
88	110	0
89	110	-1
90	110	0
91	110	0
92	110	0
93	110	0
94	110	-1
95	110	0
96	110	0
97	110	0
98	110	0
99	110	0
100	110	0
101	110	0
102	110	0
103	110	1
104	110	1
105	110	1
106	110	2
107	110	2
108	110	3
109	110	3
110	110	4
80	111	0
81	111	0
82	111	0
83	111	0
84	111	0
85	111	0
86	111	0
87	111	0
88	111	0
89	111	0
90	111	0
91	111	0
92	111	0
93	111	0
94	111	0
95	111	0
96	111	0
97	111	0
98	111	0
99	111	0
100	111	0
101	111	1
102	111	0
103	111	0
104	111	0
105	111	-1
106	111	-1
107	111	1
108	111	-1
109	111	-1
110	111	-2
111	111	-2
81	112	0
82	112	0
83	112	0
84	112	0
85	112	-1
86	112	0
87	112	0
88	112	0
89	112	0
90	112	0
91	112	0
92	112	0
93	112	0
94	112	0
95	112	0
96	112	0
97	112	0
98	112	0
99	112	0
100	112	0
101	112	0
102	112	0
103	112	0
104	112	0
105	112	0
106	112	0
107	112	-1
108	112	0
109	112	-1
110	112	0
111	112	0
112	112	-1
82	113	1
83	113	1
84	113	0
85	113	0
86	113	0
87	113	0
88	113	0
89	113	0
90	113	0
91	113	1
92	113	0
93	113	0
94	113	1
95	113	-1
96	113	0
97	113	0
98	113	0
99	113	0
100	113	0
101	113	0
102	113	0
103	113	-1
104	113	-1
105	113	0
106	113	0
107	113	0
108	113	-1
109	113	0
110	113	-1
111	113	0
112	113	0
113	113	0
83	114	1
84	114	0
85	114	0
86	114	0
87	114	0
88	114	0
89	114	0
90	114	0
91	114	0
92	114	1
93	114	0
94	114	1
95	114	0
96	114	1
97	114	0
98	114	-1
99	114	1
100	114	0
101	114	0
102	114	0
103	114	0
104	114	1
105	114	0
106	114	0
107	114	-1
108	114	0
109	114	0
110	114	0
111	114	0
112	114	0
113	114	0
114	114	-1
84	115	0
85	115	0
86	115	0
87	115	0
88	115	0
89	115	0
90	115	0
91	115	0
92	115	0
93	115	0
94	115	0
95	115	-1
96	115	0
97	115	0
98	115	0
99	115	-1
100	115	0
101	115	0
102	115	1
103	115	0
104	115	0
105	115	-1
106	115	-1
107	115	1
108	115	1
109	115	0
110	115	0
111	115	0
112	115	0
113	115	1
114	115	0
115	115	0
85	116	0
86	116	1
87	116	-1
88	116	0
89	116	-1
90	116	0
91	116	0
92	116	1
93	116	0
94	116	0
95	116	0
96	116	0
97	116	0
98	116	0
99	116	0
100	116	0
101	116	0
102	116	0
103	116	1
104	116	0
105	116	0
106	116	-1
107	116	1
108	116	0
109	116	1
110	116	2
111	116	1
112	116	1
113	116	1
114	116	0
115	116	0
116	116	1
86	117	0
87	117	-1
88	117	0
89	117	0
90	117	0
91	117	0
92	117	0
93	117	0
94	117	0
95	117	-1
96	117	0
97	117	0
98	117	0
99	117	0
100	117	0
101	117	0
102	117	-1
103	117	0
104	117	1
105	117	1
106	117	1
107	117	1
108	117	2
109	117	2
110	117	1
111	117	1
112	117	0
113	117	2
114	117	1
115	117	2
116	117	1
117	117	0
87	118	0
88	118	0
89	118	0
90	118	0
91	118	0
92	118	1
93	118	0
94	118	0
95	118	-1
96	118	0
97	118	-1
98	118	0
99	118	1
100	118	0
101	118	0
102	118	0
103	118	0
104	118	0
105	118	-1
106	118	0
107	118	-1
108	118	0
109	118	-1
110	118	0
111	118	0
112	118	0
113	118	0
114	118	0
115	118	0
116	118	0
117	118	0
118	118	0
88	119	-1
89	119	0
90	119	0
91	119	0
92	119	0
93	119	0
94	119	0
95	119	0
96	119	0
97	119	0
98	119	0
99	119	-1
100	119	1
101	119	0
102	119	0
103	119	1
104	119	1
105	119	1
106	119	2
107	119	2
108	119	3
109	119	3
110	119	2
111	119	3
112	119	3
113	119	-1
114	119	1
115	119	2
116	119	3
117	119	3
118	119	1
119	119	1
89	120	0
90	120	0
91	120	0
92	120	-1
93	120	0
94	120	0
95	120	0
96	120	0
97	120	0
98	120	1
99	120	0
100	120	0
101	120	0
102	120	0
103	120	0
104	120	0
105	120	2
106	120	2
107	120	1
108	120	2
109	120	3
110	120	3
111	120	3
112	120	2
113	120	-1
114	120	1
115	120	2
116	120	2
117	120	3
118	120	2
119	120	2
120	120	1
90	121	0
91	121	0
92	121	-1
93	121	1
94	121	0
95	121	0
96	121	-1
97	121	-1
98	121	0
99	121	0
100	121	0
101	121	0
102	121	-1
103	121	0
104	121	0
105	121	1
106	121	2
107	121	2
108	121	3
109	121	3
110	121	3
111	121	4
112	121	3
113	121	2
114	121	3
115	121	3
116	121	3
117	121	3
118	121	3
119	121	2
120	121	1
121	121	2
91	122	0
92	122	0
93	122	0
94	122	0
95	122	0
96	122	0
97	122	0
98	122	0
99	122	0
100	122	1
101	122	0
102	122	0
103	122	0
104	122	0
105	122	-1
106	122	-1
107	122	-1
108	122	-1
109	122	-1
110	122	-1
111	122	-1
112	122	-1
113	122	-1
114	122	-1
115	122	-1
116	122	-1
117	122	-1
118	122	-1
119	122	-2
120	122	-1
121	122	-1
122	122	0
92	123	0
93	123	0
94	123	0
95	123	0
96	123	0
97	123	0
98	123	0
99	123	0
100	123	0
101	123	0
102	123	0
103	123	-1
104	123	0
105	123	-1
106	123	-2
107	123	-1
108	123	-2
109	123	-2
110	123	-2
111	123	-2
112	123	-2
113	123	0
114	123	-2
115	123	-1
116	123	-2
117	123	-2
118	123	-1
119	123	-2
120	123	-1
121	123	-1
122	123	-1
123	123	0
93	124	0
94	124	0
95	124	0
96	124	0
97	124	0
98	124	0
99	124	0
100	124	1
101	124	0
102	124	1
103	124	0
104	124	0
105	124	-1
106	124	-2
107	124	-1
108	124	-1
109	124	-2
110	124	-3
111	124	-2
112	124	-2
113	124	1
114	124	0
115	124	-1
116	124	0
117	124	-1
118	124	-1
119	124	-1
120	124	-2
121	124	-1
122	124	0
123	124	0
124	124	0
94	125	0
95	125	0
96	125	0
97	125	0
98	125	0
99	125	0
100	125	0
101	125	0
102	125	0
103	125	1
104	125	0
105	125	-1
106	125	0
107	125	0
108	125	1
109	125	2
110	125	0
111	125	1
112	125	1
113	125	2
114	125	-1
115	125	-1
116	125	0
117	125	2
118	125	2
119	125	1
120	125	0
121	125	0
122	125	1
123	125	0
124	125	0
125	125	-1
95	126	0
96	126	0
97	126	0
98	126	0
99	126	0
100	126	-1
101	126	-1
102	126	0
103	126	1
104	126	0
105	126	1
106	126	-1
107	126	0
108	126	-1
109	126	0
110	126	0
111	126	0
112	126	-1
113	126	0
114	126	0
115	126	0
116	126	0
117	126	-1
118	126	0
119	126	0
120	126	0
121	126	0
122	126	0
123	126	0
124	126	-1
125	126	0
126	126	1
96	127	-1
97	127	1
98	127	0
99	127	1
100	127	0
101	127	0
102	127	0
103	127	0
104	127	0
105	127	2
106	127	2
107	127	2
108	127	3
109	127	2
110	127	2
111	127	2
112	127	1
113	127	1
114	127	1
115	127	2
116	127	3
117	127	4
118	127	2
119	127	2
120	127	1
121	127	2
122	127	1
123	127	0
124	127	0
125	127	0
126	127	0
127	127	-1
97	128	0
98	128	0
99	128	0
100	128	0
101	128	0
102	128	-1
103	128	0
104	128	1
105	128	2
106	128	2
107	128	1
108	128	2
109	128	3
110	128	2
111	128	3
112	128	2
113	128	1
114	128	0
115	128	-1
116	128	3
117	128	4
118	128	2
119	128	2
120	128	2
121	128	1
122	128	1
123	128	0
124	128	0
125	128	0
126	128	1
127	128	0
128	128	0
98	129	0
99	129	0
100	129	-1
101	129	0
102	129	0
103	129	0
104	129	0
105	129	0
106	129	0
107	129	0
108	129	-1
109	129	-1
110	129	0
111	129	-1
112	129	0
113	129	-1
114	129	0
115	129	0
116	129	0
117	129	0
118	129	0
119	129	0
120	129	0
121	129	0
122	129	0
123	129	0
124	129	0
125	129	0
126	129	0
127	129	1
128	129	0
129	129	0
99	130	0
100	130	0
101	130	0
102	130	0
103	130	0
104	130	1
105	130	2
106	130	1
107	130	2
108	130	2
109	130	3
110	130	3
111	130	3
112	130	3
113	130	2
114	130	2
115	130	2
116	130	3
117	130	2
118	130	2
119	130	3
120	130	1
121	130	1
122	130	1
123	130	0
124	130	0
125	130	1
126	130	0
127	130	-1
128	130	0
129	130	-1
130	130	-1
100	131	0
101	131	0
102	131	0
103	131	0
104	131	-1
105	131	0
106	131	0
107	131	0
108	131	-1
109	131	0
110	131	0
111	131	-1
112	131	-1
113	131	-1
114	131	0
115	131	-1
116	131	0
117	131	0
118	131	-1
119	131	0
120	131	-1
121	131	0
122	131	0
123	131	0
124	131	0
125	131	-1
126	131	0
127	131	0
128	131	0
129	131	0
130	131	0
131	131	0
101	132	0
102	132	1
103	132	1
104	132	0
105	132	0
106	132	0
107	132	0
108	132	0
109	132	-1
110	132	0
111	132	-1
112	132	0
113	132	0
114	132	0
115	132	0
116	132	-1
117	132	0
118	132	0
119	132	-1
120	132	-1
121	132	0
122	132	0
123	132	-1
124	132	0
125	132	0
126	132	0
127	132	1
128	132	0
129	132	0
130	132	0
131	132	0
132	132	0
102	133	0
103	133	0
104	133	0
105	133	2
106	133	2
107	133	2
108	133	2
109	133	3
110	133	3
111	133	3
112	133	3
113	133	1
114	133	2
115	133	2
116	133	3
117	133	1
118	133	1
119	133	1
120	133	1
121	133	1
122	133	1
123	133	0
124	133	1
125	133	0
126	133	0
127	133	-1
128	133	1
129	133	0
130	133	0
131	133	0
132	133	1
133	133	0
103	134	0
104	134	1
105	134	3
106	134	2
107	134	3
108	134	4
109	134	3
110	134	4
111	134	4
112	134	4
113	134	1
114	134	2
115	134	2
116	134	3
117	134	3
118	134	2
119	134	3
120	134	2
121	134	1
122	134	1
123	134	0
124	134	-1
125	134	1
126	134	0
127	134	0
128	134	-1
129	134	0
130	134	0
131	134	-1
132	134	-1
133	134	-1
134	134	0
104	135	0
105	135	2
106	135	2
107	135	2
108	135	3
109	135	2
110	135	2
111	135	2
112	135	1
113	135	1
114	135	1
115	135	1
116	135	2
117	135	3
118	135	3
119	135	1
120	135	2
121	135	1
122	135	1
123	135	-1
124	135	0
125	135	0
126	135	0
127	135	0
128	135	0
129	135	1
130	135	0
131	135	-1
132	135	0
133	135	0
134	135	0
135	135	0
105	136	0
106	136	0
107	136	0
108	136	1
109	136	0
110	136	-1
111	136	0
112	136	-1
113	136	-1
114	136	-1
115	136	-2
116	136	0
117	136	0
118	136	0
119	136	0
120	136	0
121	136	0
122	136	0
123	136	1
124	136	1
125	136	0
126	136	0
127	136	0
128	136	0
129	136	0
130	136	1
131	136	0
132	136	0
133	136	0
134	136	1
135	136	1
136	136	1
106	137	1
107	137	1
108	137	2
109	137	1
110	137	1
111	137	1
112	137	1
113	137	0
114	137	-1
115	137	0
116	137	3
117	137	3
118	137	2
119	137	3
120	137	1
121	137	1
122	137	1
123	137	0
124	137	1
125	137	0
126	137	0
127	137	0
128	137	0
129	137	0
130	137	0
131	137	0
132	137	0
133	137	1
134	137	0
135	137	0
136	137	1
137	137	2
107	138	0
108	138	0
109	138	0
110	138	0
111	138	-1
112	138	-1
113	138	0
114	138	0
115	138	0
116	138	0
117	138	-1
118	138	1
119	138	2
120	138	1
121	138	0
122	138	0
123	138	0
124	138	0
125	138	-1
126	138	0
127	138	0
128	138	0
129	138	0
130	138	0
131	138	1
132	138	0
133	138	0
134	138	1
135	138	0
136	138	0
137	138	-1
138	138	0
108	139	2
109	139	4
110	139	4
111	139	4
112	139	2
113	139	1
114	139	2
115	139	0
116	139	3
117	139	5
118	139	2
119	139	3
120	139	1
121	139	1
122	139	1
123	139	0
124	139	0
125	139	0
126	139	0
127	139	-1
128	139	0
129	139	1
130	139	0
131	139	0
132	139	0
133	139	0
134	139	0
135	139	2
136	139	2
137	139	3
138	139	4
139	139	3
109	140	-1
110	140	-2
111	140	-2
112	140	-1
113	140	0
114	140	-1
115	140	-1
116	140	-2
117	140	-1
118	140	-1
119	140	-1
120	140	-1
121	140	-1
122	140	-1
123	140	1
124	140	0
125	140	0
126	140	0
127	140	0
128	140	0
129	140	0
130	140	0
131	140	0
132	140	1
133	140	0
134	140	0
135	140	-1
136	140	-1
137	140	-1
138	140	-2
139	140	-1
140	140	-2
110	141	0
111	141	0
112	141	-1
113	141	0
114	141	0
115	141	0
116	141	0
117	141	-1
118	141	0
119	141	0
120	141	0
121	141	0
122	141	0
123	141	0
124	141	0
125	141	0
126	141	1
127	141	0
128	141	0
129	141	0
130	141	0
131	141	-1
132	141	0
133	141	0
134	141	-1
135	141	0
136	141	1
137	141	2
138	141	2
139	141	1
140	141	0
141	141	0
111	142	-1
112	142	-1
113	142	0
114	142	0
115	142	-1
116	142	-1
117	142	0
118	142	-1
119	142	0
120	142	0
121	142	1
122	142	-1
123	142	0
124	142	0
125	142	1
126	142	0
127	142	0
128	142	0
129	142	0
130	142	0
131	142	0
132	142	0
133	142	0
134	142	1
135	142	0
136	142	0
137	142	-1
138	142	0
139	142	0
140	142	1
141	142	-1
142	142	0
112	143	3
113	143	0
114	143	1
115	143	3
116	143	2
117	143	2
118	143	2
119	143	2
120	143	1
121	143	1
122	143	1
123	143	0
124	143	0
125	143	0
126	143	0
127	143	0
128	143	-1
129	143	-1
130	143	0
131	143	0
132	143	0
133	143	0
134	143	0
135	143	1
136	143	2
137	143	2
138	143	4
139	143	4
140	143	5
141	143	6
142	143	6
143	143	5
113	144	-1
114	144	1
115	144	2
116	144	3
117	144	2
118	144	2
119	144	2
120	144	1
121	144	0
122	144	0
123	144	0
124	144	1
125	144	0
126	144	0
127	144	0
128	144	0
129	144	0
130	144	0
131	144	0
132	144	0
133	144	1
134	144	0
135	144	0
136	144	1
137	144	2
138	144	3
139	144	4
140	144	3
141	144	5
142	144	6
143	144	4
144	144	2
114	145	4
115	145	2
116	145	2
117	145	2
118	145	2
119	145	1
120	145	1
121	145	1
122	145	1
123	145	0
124	145	1
125	145	0
126	145	0
127	145	1
128	145	0
129	145	0
130	145	0
131	145	0
132	145	1
133	145	1
134	145	0
135	145	1
136	145	1
137	145	1
138	145	0
139	145	0
140	145	0
141	145	2
142	145	3
143	145	3
144	145	1
145	145	1
115	146	2
116	146	3
117	146	2
118	146	2
119	146	2
120	146	1
121	146	1
122	146	1
123	146	0
124	146	0
125	146	-1
126	146	1
127	146	-1
128	146	0
129	146	0
130	146	0
131	146	-1
132	146	0
133	146	1
134	146	0
135	146	1
136	146	1
137	146	2
138	146	3
139	146	4
140	146	4
141	146	6
142	146	5
143	146	4
144	146	3
145	146	2
146	146	2
116	147	1
117	147	2
118	147	2
119	147	2
120	147	1
121	147	2
122	147	0
123	147	-1
124	147	0
125	147	0
126	147	0
127	147	0
128	147	0
129	147	0
130	147	1
131	147	0
132	147	0
133	147	0
134	147	-1
135	147	1
136	147	2
137	147	3
138	147	3
139	147	3
140	147	3
141	147	4
142	147	4
143	147	4
144	147	2
145	147	4
146	147	3
147	147	2
117	148	3
118	148	2
119	148	2
120	148	2
121	148	0
122	148	1
123	148	1
124	148	0
125	148	0
126	148	0
127	148	1
128	148	0
129	148	0
130	148	0
131	148	0
132	148	-1
133	148	1
134	148	0
135	148	1
136	148	1
137	148	2
138	148	3
139	148	4
140	148	3
141	148	4
142	148	4
143	148	4
144	148	2
145	148	2
146	148	2
147	148	3
148	148	4
118	149	2
119	149	2
120	149	1
121	149	1
122	149	-1
123	149	0
124	149	0
125	149	0
126	149	1
127	149	0
128	149	-1
129	149	0
130	149	0
131	149	0
132	149	0
133	149	0
134	149	0
135	149	1
136	149	2
137	149	3
138	149	3
139	149	4
140	149	5
141	149	5
142	149	5
143	149	4
144	149	4
145	149	3
146	149	3
147	149	2
148	149	1
149	149	3
119	150	3
120	150	1
121	150	1
122	150	0
123	150	0
124	150	0
125	150	0
126	150	0
127	150	0
128	150	0
129	150	0
130	150	-1
131	150	0
132	150	0
133	150	1
134	150	0
135	150	1
136	150	2
137	150	2
138	150	3
139	150	2
140	150	2
141	150	3
142	150	3
143	150	3
144	150	3
145	150	4
146	150	3
147	150	3
148	150	4
149	150	4
150	150	3
120	151	-1
121	151	0
122	151	-1
123	151	0
124	151	-1
125	151	0
126	151	0
127	151	0
128	151	0
129	151	0
130	151	0
131	151	1
132	151	0
133	151	0
134	151	0
135	151	-1
136	151	0
137	151	-1
138	151	-1
139	151	-2
140	151	-2
141	151	-2
142	151	-2
143	151	-2
144	151	-1
145	151	-1
146	151	-1
147	151	-1
148	151	-2
149	151	-1
150	151	-2
151	151	-2
121	152	-1
122	152	0
123	152	0
124	152	0
125	152	0
126	152	0
127	152	0
128	152	0
129	152	0
130	152	0
131	152	0
132	152	0
133	152	-1
134	152	0
135	152	-1
136	152	-1
137	152	-2
138	152	-2
139	152	-3
140	152	-3
141	152	-3
142	152	-3
143	152	-3
144	152	-3
145	152	-3
146	152	-2
147	152	-3
148	152	-3
149	152	-2
150	152	-2
151	152	-2
152	152	-2
122	153	-1
123	153	0
124	153	0
125	153	0
126	153	1
127	153	-1
128	153	0
129	153	0
130	153	0
131	153	1
132	153	0
133	153	0
134	153	0
135	153	0
136	153	-1
137	153	-1
138	153	0
139	153	-1
140	153	-1
141	153	-1
142	153	-2
143	153	-1
144	153	-2
145	153	-1
146	153	-1
147	153	0
148	153	-1
149	153	-1
150	153	-1
151	153	-1
152	153	-1
153	153	-2
123	154	0
124	154	-1
125	154	0
126	154	0
127	154	0
128	154	0
129	154	1
130	154	0
131	154	0
132	154	0
133	154	0
134	154	1
135	154	1
136	154	2
137	154	3
138	154	3
139	154	3
140	154	2
141	154	0
142	154	2
143	154	4
144	154	2
145	154	1
146	154	2
147	154	1
148	154	3
149	154	4
150	154	5
151	154	5
152	154	5
153	154	3
154	154	4
124	155	0
125	155	0
126	155	0
127	155	-1
128	155	0
129	155	0
130	155	-1
131	155	0
132	155	0
133	155	0
134	155	-1
135	155	1
136	155	2
137	155	3
138	155	3
139	155	3
140	155	2
141	155	1
142	155	3
143	155	4
144	155	2
145	155	2
146	155	2
147	155	1
148	155	4
149	155	4
150	155	4
151	155	3
152	155	3
153	155	2
154	155	2
155	155	2
125	156	0
126	156	0
127	156	0
128	156	0
129	156	1
130	156	-1
131	156	-1
132	156	0
133	156	0
134	156	0
135	156	1
136	156	2
137	156	3
138	156	2
139	156	2
140	156	3
141	156	4
142	156	4
143	156	4
144	156	1
145	156	1
146	156	1
147	156	1
148	156	2
149	156	4
150	156	4
151	156	4
152	156	3
153	156	3
154	156	3
155	156	2
156	156	1
126	157	0
127	157	0
128	157	-1
129	157	0
130	157	0
131	157	0
132	157	0
133	157	0
134	157	0
135	157	0
136	157	1
137	157	3
138	157	2
139	157	1
140	157	1
141	157	3
142	157	2
143	157	2
144	157	3
145	157	3
146	157	2
147	157	3
148	157	3
149	157	3
150	157	5
151	157	5
152	157	4
153	157	4
154	157	2
155	157	2
156	157	1
157	157	0
127	158	0
128	158	0
129	158	0
130	158	0
131	158	0
132	158	1
133	158	1
134	158	-1
135	158	2
136	158	2
137	158	3
138	158	3
139	158	3
140	158	3
141	158	4
142	158	5
143	158	5
144	158	2
145	158	2
146	158	2
147	158	2
148	158	3
149	158	4
150	158	4
151	158	4
152	158	3
153	158	3
154	158	2
155	158	2
156	158	0
157	158	0
158	158	0
128	159	0
129	159	0
130	159	0
131	159	1
132	159	1
133	159	1
134	159	0
135	159	1
136	159	2
137	159	2
138	159	3
139	159	3
140	159	4
141	159	5
142	159	5
143	159	4
144	159	3
145	159	4
146	159	5
147	159	4
148	159	3
149	159	3
150	159	4
151	159	3
152	159	2
153	159	3
154	159	3
155	159	2
156	159	1
157	159	-1
158	159	0
159	159	0
129	160	0
130	160	0
131	160	0
132	160	0
133	160	0
134	160	0
135	160	1
136	160	2
137	160	2
138	160	3
139	160	2
140	160	-1
141	160	-1
142	160	0
143	160	2
144	160	2
145	160	1
146	160	1
147	160	0
148	160	3
149	160	4
150	160	5
151	160	5
152	160	5
153	160	5
154	160	3
155	160	2
156	160	0
157	160	0
158	160	0
159	160	0
160	160	0
130	161	1
131	161	0
132	161	0
133	161	0
134	161	0
135	161	0
136	161	1
137	161	4
138	161	3
139	161	3
140	161	2
141	161	3
142	161	4
143	161	3
144	161	2
145	161	0
146	161	-1
147	161	-1
148	161	2
149	161	3
150	161	2
151	161	4
152	161	4
153	161	3
154	161	4
155	161	3
156	161	1
157	161	0
158	161	0
159	161	0
160	161	0
161	161	-1
131	162	0
132	162	-1
133	162	0
134	162	0
135	162	1
136	162	1
137	162	3
138	162	3
139	162	3
140	162	3
141	162	5
142	162	5
143	162	5
144	162	3
145	162	3
146	162	4
147	162	3
148	162	1
149	162	1
150	162	1
151	162	3
152	162	3
153	162	2
154	162	2
155	162	3
156	162	0
157	162	0
158	162	0
159	162	0
160	162	-1
161	162	0
162	162	0
132	163	-1
133	163	1
134	163	-1
135	163	1
136	163	2
137	163	3
138	163	2
139	163	3
140	163	4
141	163	6
142	163	6
143	163	5
144	163	3
145	163	3
146	163	2
147	163	0
148	163	2
149	163	2
150	163	2
151	163	3
152	163	3
153	163	1
154	163	3
155	163	2
156	163	1
157	163	-1
158	163	-1
159	163	0
160	163	0
161	163	0
162	163	1
163	163	0
133	164	0
134	164	0
135	164	0
136	164	0
137	164	0
138	164	0
139	164	-1
140	164	0
141	164	0
142	164	0
143	164	0
144	164	-1
145	164	0
146	164	-1
147	164	-1
148	164	0
149	164	0
150	164	0
151	164	0
152	164	0
153	164	0
154	164	-1
155	164	0
156	164	0
157	164	0
158	164	0
159	164	0
160	164	0
161	164	0
162	164	0
163	164	0
164	164	0
134	165	0
135	165	-1
136	165	0
137	165	-1
138	165	0
139	165	0
140	165	1
141	165	0
142	165	1
143	165	0
144	165	1
145	165	1
146	165	2
147	165	2
148	165	1
149	165	0
150	165	0
151	165	0
152	165	0
153	165	0
154	165	0
155	165	0
156	165	0
157	165	0
158	165	0
159	165	0
160	165	0
161	165	0
162	165	-1
163	165	0
164	165	0
165	165	0
135	166	1
136	166	2
137	166	3
138	166	3
139	166	4
140	166	4
141	166	4
142	166	4
143	166	3
144	166	1
145	166	-1
146	166	-1
147	166	-1
148	166	2
149	166	2
150	166	1
151	166	3
152	166	4
153	166	3
154	166	3
155	166	2
156	166	1
157	166	0
158	166	0
159	166	0
160	166	0
161	166	-1
162	166	0
163	166	0
164	166	1
165	166	0
166	166	1
136	167	2
137	167	3
138	167	3
139	167	3
140	167	2
141	167	2
142	167	3
143	167	3
144	167	0
145	167	0
146	167	-2
147	167	0
148	167	2
149	167	4
150	167	4
151	167	5
152	167	4
153	167	3
154	167	3
155	167	2
156	167	0
157	167	1
158	167	0
159	167	-1
160	167	1
161	167	0
162	167	0
163	167	0
164	167	-1
165	167	-1
166	167	1
167	167	2
137	168	-1
138	168	-2
139	168	-2
140	168	-2
141	168	-3
142	168	-2
143	168	-3
144	168	-2
145	168	-2
146	168	-2
147	168	-2
148	168	-2
149	168	-3
150	168	-2
151	168	-2
152	168	-2
153	168	-2
154	168	-2
155	168	-1
156	168	0
157	168	0
158	168	0
159	168	0
160	168	0
161	168	0
162	168	0
163	168	1
164	168	0
165	168	0
166	168	-1
167	168	0
168	168	-2
138	169	2
139	169	2
140	169	2
141	169	3
142	169	4
143	169	4
144	169	2
145	169	1
146	169	2
147	169	2
148	169	4
149	169	4
150	169	4
151	169	5
152	169	3
153	169	3
154	169	3
155	169	2
156	169	0
157	169	0
158	169	0
159	169	0
160	169	1
161	169	1
162	169	0
163	169	1
164	169	0
165	169	-1
166	169	0
167	169	2
168	169	2
169	169	2
139	170	4
140	170	4
141	170	4
142	170	4
143	170	4
144	170	2
145	170	3
146	170	3
147	170	3
148	170	4
149	170	4
150	170	5
151	170	5
152	170	4
153	170	3
154	170	3
155	170	2
156	170	0
157	170	0
158	170	0
159	170	0
160	170	0
161	170	0
162	170	0
163	170	1
164	170	0
165	170	0
166	170	1
167	170	1
168	170	1
169	170	2
170	170	3
140	171	3
141	171	4
142	171	4
143	171	4
144	171	2
145	171	3
146	171	2
147	171	3
148	171	4
149	171	4
150	171	5
151	171	5
152	171	5
153	171	3
154	171	3
155	171	2
156	171	1
157	171	-1
158	171	1
159	171	0
160	171	0
161	171	0
162	171	0
163	171	0
164	171	0
165	171	0
166	171	1
167	171	1
168	171	2
169	171	3
170	171	2
171	171	2
141	172	0
142	172	-1
143	172	0
144	172	0
145	172	-1
146	172	-1
147	172	0
148	172	0
149	172	-1
150	172	0
151	172	0
152	172	0
153	172	0
154	172	0
155	172	0
156	172	1
157	172	0
158	172	-1
159	172	-1
160	172	0
161	172	0
162	172	0
163	172	0
164	172	1
165	172	0
166	172	0
167	172	1
168	172	0
169	172	0
170	172	-1
171	172	0
172	172	0
142	173	3
143	173	2
144	173	0
145	173	0
146	173	1
147	173	1
148	173	1
149	173	0
150	173	0
151	173	1
152	173	0
153	173	1
154	173	2
155	173	1
156	173	0
157	173	0
158	173	0
159	173	0
160	173	0
161	173	0
162	173	1
163	173	0
164	173	0
165	173	0
166	173	1
167	173	0
168	173	0
169	173	-1
170	173	1
171	173	3
172	173	4
173	173	4
143	174	4
144	174	3
145	174	3
146	174	2
147	174	2
148	174	3
149	174	3
150	174	3
151	174	3
152	174	2
153	174	2
154	174	2
155	174	1
156	174	1
157	174	0
158	174	-1
159	174	0
160	174	0
161	174	1
162	174	0
163	174	0
164	174	0
165	174	0
166	174	1
167	174	1
168	174	2
169	174	4
170	174	4
171	174	4
172	174	5
173	174	5
174	174	5
144	175	2
145	175	2
146	175	2
147	175	2
148	175	0
149	175	0
150	175	-1
151	175	0
152	175	0
153	175	-1
154	175	0
155	175	-1
156	175	0
157	175	0
158	175	0
159	175	0
160	175	0
161	175	0
162	175	0
163	175	0
164	175	1
165	175	1
166	175	0
167	175	0
168	175	1
169	175	2
170	175	1
171	175	2
172	175	3
173	175	2
174	175	3
175	175	3
145	176	2
146	176	3
147	176	2
148	176	3
149	176	4
150	176	4
151	176	3
152	176	3
153	176	3
154	176	2
155	176	2
156	176	0
157	176	0
158	176	0
159	176	0
160	176	0
161	176	0
162	176	0
163	176	0
164	176	1
165	176	-1
166	176	1
167	176	0
168	176	2
169	176	2
170	176	2
171	176	4
172	176	3
173	176	4
174	176	4
175	176	3
176	176	2
146	177	2
147	177	2
148	177	3
149	177	3
150	177	4
151	177	4
152	177	4
153	177	2
154	177	2
155	177	2
156	177	0
157	177	-1
158	177	0
159	177	1
160	177	0
161	177	0
162	177	0
163	177	0
164	177	0
165	177	0
166	177	1
167	177	1
168	177	0
169	177	1
170	177	1
171	177	1
172	177	1
173	177	1
174	177	-1
175	177	-2
176	177	-1
177	177	-1
147	178	3
148	178	2
149	178	2
150	178	1
151	178	2
152	178	2
153	178	2
154	178	2
155	178	1
156	178	0
157	178	0
158	178	0
159	178	0
160	178	0
161	178	0
162	178	0
163	178	1
164	178	0
165	178	0
166	178	1
167	178	0
168	178	2
169	178	2
170	178	3
171	178	4
172	178	4
173	178	5
174	178	4
175	178	5
176	178	5
177	178	4
178	178	2
148	179	2
149	179	3
150	179	4
151	179	4
152	179	3
153	179	4
154	179	3
155	179	2
156	179	0
157	179	0
158	179	1
159	179	-1
160	179	1
161	179	0
162	179	0
163	179	0
164	179	0
165	179	0
166	179	1
167	179	1
168	179	0
169	179	0
170	179	1
171	179	2
172	179	3
173	179	2
174	179	0
175	179	-2
176	179	-2
177	179	0
178	179	-1
179	179	0
149	180	4
150	180	4
151	180	4
152	180	3
153	180	3
154	180	3
155	180	2
156	180	0
157	180	0
158	180	0
159	180	0
160	180	0
161	180	0
162	180	0
163	180	0
164	180	0
165	180	0
166	180	1
167	180	0
168	180	2
169	180	2
170	180	1
171	180	3
172	180	2
173	180	3
174	180	2
175	180	2
176	180	2
177	180	0
178	180	0
179	180	1
180	180	2
150	181	-1
151	181	-2
152	181	-2
153	181	-2
154	181	-3
155	181	-2
156	181	-1
157	181	0
158	181	0
159	181	0
160	181	0
161	181	1
162	181	1
163	181	0
164	181	0
165	181	0
166	181	0
167	181	-1
168	181	-2
169	181	-3
170	181	-2
171	181	-3
172	181	-3
173	181	-3
174	181	-3
175	181	-3
176	181	-3
177	181	-3
178	181	-2
179	181	-3
180	181	-3
181	181	-3
151	182	-2
152	182	-2
153	182	-2
154	182	-3
155	182	-2
156	182	-1
157	182	0
158	182	0
159	182	0
160	182	0
161	182	0
162	182	0
163	182	0
164	182	0
165	182	0
166	182	0
167	182	-1
168	182	-1
169	182	-2
170	182	-3
171	182	-3
172	182	-3
173	182	-3
174	182	-3
175	182	-3
176	182	-4
177	182	-3
178	182	-2
179	182	-3
180	182	-2
181	182	-2
182	182	-4
152	183	1
153	183	0
154	183	1
155	183	0
156	183	0
157	183	0
158	183	-1
159	183	0
160	183	0
161	183	0
162	183	-1
163	183	0
164	183	0
165	183	0
166	183	2
167	183	0
168	183	1
169	183	2
170	183	2
171	183	4
172	183	5
173	183	5
174	183	5
175	183	5
176	183	5
177	183	4
178	183	3
179	183	2
180	183	2
181	183	1
182	183	0
183	183	1
153	184	2
154	184	3
155	184	2
156	184	0
157	184	0
158	184	-1
159	184	0
160	184	0
161	184	-1
162	184	-1
163	184	0
164	184	1
165	184	-1
166	184	1
167	184	0
168	184	1
169	184	2
170	184	1
171	184	2
172	184	3
173	184	2
174	184	2
175	184	1
176	184	2
177	184	2
178	184	1
179	184	1
180	184	1
181	184	2
182	184	1
183	184	1
184	184	0
154	185	0
155	185	-1
156	185	1
157	185	0
158	185	0
159	185	-1
160	185	0
161	185	0
162	185	0
163	185	-1
164	185	0
165	185	0
166	185	0
167	185	0
168	185	0
169	185	0
170	185	0
171	185	-1
172	185	0
173	185	0
174	185	0
175	185	0
176	185	-1
177	185	0
178	185	0
179	185	0
180	185	0
181	185	-1
182	185	-1
183	185	-1
184	185	0
185	185	0
155	186	1
156	186	0
157	186	0
158	186	0
159	186	0
160	186	0
161	186	0
162	186	0
163	186	0
164	186	-1
165	186	0
166	186	1
167	186	1
168	186	1
169	186	-1
170	186	0
171	186	1
172	186	2
173	186	2
174	186	2
175	186	2
176	186	2
177	186	1
178	186	1
179	186	2
180	186	2
181	186	3
182	186	4
183	186	4
184	186	3
185	186	2
186	186	2
156	187	0
157	187	-1
158	187	0
159	187	-1
160	187	0
161	187	-1
162	187	-1
163	187	0
164	187	0
165	187	0
166	187	2
167	187	2
168	187	2
169	187	3
170	187	3
171	187	4
172	187	5
173	187	4
174	187	4
175	187	3
176	187	3
177	187	2
178	187	1
179	187	1
180	187	2
181	187	3
182	187	3
183	187	4
184	187	2
185	187	2
186	187	2
187	187	2
157	188	0
158	188	0
159	188	-1
160	188	0
161	188	0
162	188	0
163	188	0
164	188	0
165	188	0
166	188	1
167	188	1
168	188	1
169	188	1
170	188	2
171	188	2
172	188	3
173	188	0
174	188	-4
175	188	-2
176	188	1
177	188	2
178	188	2
179	188	2
180	188	2
181	188	3
182	188	3
183	188	4
184	188	4
185	188	3
186	188	3
187	188	2
188	188	0
158	189	0
159	189	0
160	189	1
161	189	0
162	189	0
163	189	0
164	189	-1
165	189	-1
166	189	-2
167	189	0
168	189	1
169	189	0
170	189	1
171	189	1
172	189	2
173	189	3
174	189	5
175	189	6
176	189	5
177	189	3
178	189	2
179	189	3
180	189	3
181	189	2
182	189	0
183	189	1
184	189	0
185	189	0
186	189	-1
187	189	0
188	189	1
189	189	0
159	190	0
160	190	0
161	190	-1
162	190	0
163	190	-1
164	190	0
165	190	0
166	190	1
167	190	1
168	190	2
169	190	3
170	190	3
171	190	4
172	190	3
173	190	3
174	190	2
175	190	2
176	190	1
177	190	1
178	190	1
179	190	1
180	190	3
181	190	3
182	190	4
183	190	4
184	190	4
185	190	3
186	190	2
187	190	2
188	190	0
189	190	1
190	190	0
160	191	-1
161	191	0
162	191	0
163	191	0
164	191	0
165	191	0
166	191	1
167	191	0
168	191	1
169	191	2
170	191	2
171	191	2
172	191	4
173	191	3
174	191	2
175	191	3
176	191	2
177	191	2
178	191	2
179	191	2
180	191	1
181	191	1
182	191	1
183	191	1
184	191	0
185	191	0
186	191	1
187	191	1
188	191	-1
189	191	0
190	191	0
191	191	-1
161	192	0
162	192	0
163	192	0
164	192	0
165	192	0
166	192	0
167	192	1
168	192	1
169	192	2
170	192	1
171	192	2
172	192	1
173	192	1
174	192	1
175	192	0
176	192	-2
177	192	-2
178	192	-1
179	192	1
180	192	2
181	192	4
182	192	4
183	192	4
184	192	4
185	192	4
186	192	4
187	192	2
188	192	0
189	192	-1
190	192	1
191	192	0
192	192	0
162	193	0
163	193	0
164	193	0
165	193	0
166	193	2
167	193	1
168	193	1
169	193	2
170	193	2
171	193	2
172	193	2
173	193	1
174	193	0
175	193	-1
176	193	0
177	193	0
178	193	-1
179	193	0
180	193	1
181	193	2
182	193	4
183	193	4
184	193	3
185	193	3
186	193	2
187	193	2
188	193	1
189	193	0
190	193	0
191	193	0
192	193	-1
193	193	0
163	194	0
164	194	0
165	194	0
166	194	1
167	194	1
168	194	3
169	194	2
170	194	3
171	194	4
172	194	4
173	194	4
174	194	3
175	194	3
176	194	2
177	194	2
178	194	1
179	194	2
180	194	2
181	194	3
182	194	3
183	194	3
184	194	2
185	194	3
186	194	3
187	194	2
188	194	0
189	194	0
190	194	0
191	194	0
192	194	0
193	194	0
194	194	0
164	195	0
165	195	-1
166	195	1
167	195	1
168	195	3
169	195	4
170	195	5
171	195	4
172	195	4
173	195	3
174	195	3
175	195	3
176	195	3
177	195	2
178	195	2
179	195	2
180	195	2
181	195	3
182	195	3
183	195	3
184	195	3
185	195	2
186	195	1
187	195	1
188	195	0
189	195	1
190	195	0
191	195	1
192	195	0
193	195	0
194	195	0
195	195	0
165	196	0
166	196	2
167	196	1
168	196	1
169	196	2
170	196	3
171	196	2
172	196	2
173	196	1
174	196	1
175	196	1
176	196	0
177	196	1
178	196	1
179	196	2
180	196	2
181	196	3
182	196	5
183	196	5
184	196	4
185	196	4
186	196	4
187	196	2
188	196	0
189	196	0
190	196	1
191	196	1
192	196	0
193	196	0
194	196	0
195	196	0
196	196	1
166	197	-1
167	197	0
168	197	-2
169	197	-2
170	197	-2
171	197	-3
172	197	-2
173	197	-3
174	197	-2
175	197	-3
176	197	-2
177	197	-3
178	197	-3
179	197	-3
180	197	-3
181	197	-2
182	197	-2
183	197	-2
184	197	-2
185	197	-2
186	197	-2
187	197	-2
188	197	0
189	197	-1
190	197	0
191	197	0
192	197	0
193	197	0
194	197	1
195	197	-1
196	197	0
197	197	-1
167	198	-1
168	198	-1
169	198	-1
170	198	-2
171	198	-3
172	198	-3
173	198	-3
174	198	-3
175	198	-2
176	198	-3
177	198	-2
178	198	-2
179	198	-2
180	198	-3
181	198	-2
182	198	-1
183	198	-2
184	198	-2
185	198	-2
186	198	-2
187	198	-2
188	198	1
189	198	-1
190	198	-1
191	198	0
192	198	1
193	198	-1
194	198	0
195	198	0
196	198	0
197	198	1
198	198	1
168	199	-1
169	199	-1
170	199	-3
171	199	-3
172	199	-3
173	199	-3
174	199	-3
175	199	-2
176	199	-2
177	199	-2
178	199	-2
179	199	-3
180	199	-3
181	199	-2
182	199	-1
183	199	-2
184	199	-2
185	199	-2
186	199	-1
187	199	-3
188	199	-1
189	199	-1
190	199	0
191	199	0
192	199	0
193	199	0
194	199	0
195	199	0
196	199	0
197	199	0
198	199	0
199	199	0
169	200	3
170	200	3
171	200	4
172	200	5
173	200	5
174	200	5
175	200	5
176	200	4
177	200	2
178	200	1
179	200	1
180	200	2
181	200	2
182	200	2
183	200	0
184	200	0
185	200	0
186	200	0
187	200	0
188	200	0
189	200	1
190	200	0
191	200	0
192	200	0
193	200	0
194	200	0
195	200	0
196	200	-1
197	200	-1
198	200	0
199	200	-1
200	200	1
170	201	3
171	201	3
172	201	2
173	201	2
174	201	2
175	201	2
176	201	2
177	201	3
178	201	3
179	201	3
180	201	3
181	201	4
182	201	5
183	201	5
184	201	4
185	201	2
186	201	2
187	201	2
188	201	1
189	201	1
190	201	0
191	201	0
192	201	1
193	201	1
194	201	0
195	201	0
196	201	0
197	201	-1
198	201	1
199	201	1
200	201	2
201	201	3
171	202	2
172	202	3
173	202	2
174	202	1
175	202	0
176	202	0
177	202	-1
178	202	-1
179	202	0
180	202	1
181	202	2
182	202	2
183	202	3
184	202	3
185	202	2
186	202	2
187	202	1
188	202	0
189	202	0
190	202	0
191	202	0
192	202	0
193	202	0
194	202	0
195	202	0
196	202	-1
197	202	0
198	202	0
199	202	-1
200	202	-1
201	202	-1
202	202	0
172	203	0
173	203	-1
174	203	-1
175	203	-1
176	203	-1
177	203	-1
178	203	0
179	203	1
180	203	2
181	203	2
182	203	2
183	203	2
184	203	0
185	203	0
186	203	-1
187	203	-1
188	203	0
189	203	0
190	203	0
191	203	0
192	203	-1
193	203	-1
194	203	1
195	203	0
196	203	0
197	203	0
198	203	0
199	203	-1
200	203	-1
201	203	0
202	203	0
203	203	-1
173	204	1
174	204	0
175	204	-2
176	204	-1
177	204	-2
178	204	-2
179	204	0
180	204	2
181	204	5
182	204	5
183	204	5
184	204	6
185	204	6
186	204	5
187	204	5
188	204	2
189	204	0
190	204	0
191	204	1
192	204	0
193	204	0
194	204	0
195	204	0
196	204	0
197	204	-2
198	204	-1
199	204	0
200	204	1
201	204	-1
202	204	-1
203	204	-2
204	204	-1
174	205	2
175	205	2
176	205	3
177	205	2
178	205	2
179	205	2
180	205	2
181	205	3
182	205	4
183	205	3
184	205	3
185	205	2
186	205	3
187	205	2
188	205	0
189	205	1
190	205	0
191	205	0
192	205	0
193	205	0
194	205	1
195	205	1
196	205	0
197	205	-1
198	205	0
199	205	-1
200	205	0
201	205	-1
202	205	-1
203	205	-2
204	205	1
205	205	2
175	206	5
176	206	4
177	206	3
178	206	2
179	206	1
180	206	1
181	206	1
182	206	2
183	206	3
184	206	1
185	206	1
186	206	2
187	206	1
188	206	0
189	206	1
190	206	-1
191	206	0
192	206	-1
193	206	-1
194	206	0
195	206	0
196	206	0
197	206	0
198	206	1
199	206	-1
200	206	2
201	206	3
202	206	2
203	206	4
204	206	3
205	206	3
206	206	2
176	207	4
177	207	3
178	207	2
179	207	2
180	207	1
181	207	2
182	207	2
183	207	2
184	207	2
185	207	1
186	207	0
187	207	1
188	207	-1
189	207	0
190	207	0
191	207	0
192	207	0
193	207	0
194	207	0
195	207	0
196	207	0
197	207	0
198	207	1
199	207	0
200	207	3
201	207	4
202	207	3
203	207	4
204	207	4
205	207	3
206	207	3
207	207	2
177	208	4
178	208	3
179	208	3
180	208	2
181	208	2
182	208	1
183	208	1
184	208	-1
185	208	-1
186	208	-1
187	208	-1
188	208	0
189	208	0
190	208	0
191	208	1
192	208	0
193	208	0
194	208	0
195	208	1
196	208	0
197	208	0
198	208	1
199	208	0
200	208	3
201	208	2
202	208	3
203	208	4
204	208	4
205	208	4
206	208	4
207	208	4
208	208	3
178	209	2
179	209	2
180	209	2
181	209	2
182	209	0
183	209	0
184	209	1
185	209	0
186	209	0
187	209	0
188	209	0
189	209	0
190	209	1
191	209	0
192	209	-1
193	209	1
194	209	-1
195	209	0
196	209	0
197	209	0
198	209	0
199	209	-1
200	209	1
201	209	1
202	209	1
203	209	3
204	209	4
205	209	4
206	209	3
207	209	4
208	209	3
209	209	3
179	210	2
180	210	1
181	210	-1
182	210	0
183	210	-1
184	210	-2
185	210	-4
186	210	-2
187	210	-2
188	210	-1
189	210	0
190	210	0
191	210	0
192	210	0
193	210	0
194	210	0
195	210	0
196	210	1
197	210	1
198	210	1
199	210	1
200	210	3
201	210	4
202	210	4
203	210	5
204	210	4
205	210	4
206	210	4
207	210	5
208	210	4
209	210	3
210	210	1
180	211	-1
181	211	0
182	211	0
183	211	-1
184	211	0
185	211	0
186	211	0
187	211	0
188	211	-1
189	211	0
190	211	0
191	211	0
192	211	1
193	211	0
194	211	0
195	211	0
196	211	-1
197	211	0
198	211	0
199	211	0
200	211	0
201	211	-1
202	211	0
203	211	0
204	211	-1
205	211	0
206	211	0
207	211	0
208	211	0
209	211	-1
210	211	0
211	211	0
181	212	0
182	212	-1
183	212	-2
184	212	-2
185	212	-2
186	212	-1
187	212	-1
188	212	1
189	212	-1
190	212	0
191	212	0
192	212	0
193	212	0
194	212	0
195	212	0
196	212	1
197	212	1
198	212	0
199	212	-1
200	212	-1
201	212	-2
202	212	-2
203	212	-2
204	212	-2
205	212	-2
206	212	-2
207	212	-2
208	212	-2
209	212	-3
210	212	-2
211	212	-2
212	212	-3
182	213	2
183	213	3
184	213	2
185	213	2
186	213	2
187	213	1
188	213	0
189	213	1
190	213	0
191	213	0
192	213	0
193	213	0
194	213	1
195	213	0
196	213	0
197	213	0
198	213	1
199	213	1
200	213	2
201	213	3
202	213	2
203	213	3
204	213	4
205	213	4
206	213	3
207	213	3
208	213	2
209	213	2
210	213	2
211	213	1
212	213	2
213	213	3
183	214	2
184	214	1
185	214	1
186	214	1
187	214	1
188	214	1
189	214	0
190	214	0
191	214	0
192	214	0
193	214	0
194	214	0
195	214	0
196	214	1
197	214	-1
198	214	-1
199	214	1
200	214	1
201	214	1
202	214	2
203	214	2
204	214	3
205	214	2
206	214	4
207	214	3
208	214	2
209	214	2
210	214	2
211	214	3
212	214	3
213	214	3
214	214	3
184	215	-1
185	215	-1
186	215	-1
187	215	-2
188	215	0
189	215	0
190	215	-1
191	215	0
192	215	1
193	215	-1
194	215	0
195	215	0
196	215	0
197	215	0
198	215	0
199	215	0
200	215	-1
201	215	-1
202	215	-2
203	215	-1
204	215	-2
205	215	-3
206	215	-3
207	215	-3
208	215	-3
209	215	-3
210	215	-3
211	215	-3
212	215	-2
213	215	-3
214	215	-3
215	215	-3
185	216	1
186	216	2
187	216	1
188	216	-1
189	216	0
190	216	0
191	216	0
192	216	0
193	216	0
194	216	0
195	216	0
196	216	0
197	216	-1
198	216	0
199	216	-2
200	216	-1
201	216	-1
202	216	1
203	216	1
204	216	2
205	216	2
206	216	2
207	216	1
208	216	1
209	216	1
210	216	1
211	216	2
212	216	2
213	216	2
214	216	2
215	216	1
216	216	1
186	217	-1
187	217	-1
188	217	0
189	217	-1
190	217	0
191	217	0
192	217	1
193	217	0
194	217	0
195	217	-1
196	217	0
197	217	-1
198	217	1
199	217	-1
200	217	-2
201	217	-2
202	217	-3
203	217	-3
204	217	-3
205	217	-5
206	217	-4
207	217	-5
208	217	-4
209	217	-4
210	217	-3
211	217	-3
212	217	-3
213	217	-1
214	217	-3
215	217	-3
216	217	-1
217	217	-1
187	218	0
188	218	-1
189	218	-1
190	218	0
191	218	0
192	218	0
193	218	0
194	218	0
195	218	0
196	218	1
197	218	1
198	218	0
199	218	1
200	218	4
201	218	3
202	218	2
203	218	4
204	218	3
205	218	3
206	218	2
207	218	2
208	218	1
209	218	2
210	218	2
211	218	2
212	218	2
213	218	3
214	218	4
215	218	4
216	218	3
217	218	0
218	218	-1
188	219	0
189	219	0
190	219	0
191	219	0
192	219	0
193	219	0
194	219	0
195	219	0
196	219	-1
197	219	-1
198	219	-1
199	219	1
200	219	1
201	219	0
202	219	0
203	219	1
204	219	1
205	219	2
206	219	1
207	219	-1
208	219	-3
209	219	-2
210	219	-3
211	219	-3
212	219	0
213	219	1
214	219	3
215	219	3
216	219	4
217	219	5
218	219	5
219	219	2
189	220	-1
190	220	0
191	220	0
192	220	0
193	220	-1
194	220	0
195	220	0
196	220	1
197	220	0
198	220	1
199	220	0
200	220	1
201	220	2
202	220	1
203	220	3
204	220	4
205	220	4
206	220	4
207	220	3
208	220	2
209	220	3
210	220	2
211	220	3
212	220	3
213	220	2
214	220	3
215	220	3
216	220	1
217	220	0
218	220	-1
219	220	-2
220	220	0
190	221	0
191	221	0
192	221	0
193	221	0
194	221	1
195	221	0
196	221	0
197	221	1
198	221	1
199	221	3
200	221	5
201	221	3
202	221	3
203	221	3
204	221	2
205	221	1
206	221	0
207	221	0
208	221	-1
209	221	-1
210	221	-2
211	221	-2
212	221	-1
213	221	-1
214	221	1
215	221	0
216	221	1
217	221	1
218	221	1
219	221	-2
220	221	-2
221	221	0
191	222	1
192	222	1
193	222	0
194	222	-1
195	222	0
196	222	0
197	222	0
198	222	1
199	222	-1
200	222	2
201	222	2
202	222	3
203	222	4
204	222	4
205	222	4
206	222	4
207	222	4
208	222	3
209	222	2
210	222	2
211	222	3
212	222	2
213	222	2
214	222	0
215	222	0
216	222	0
217	222	-1
218	222	-2
219	222	-1
220	222	1
221	222	1
222	222	1
192	223	0
193	223	0
194	223	0
195	223	-1
196	223	0
197	223	1
198	223	0
199	223	0
200	223	1
201	223	2
202	223	2
203	223	2
204	223	3
205	223	2
206	223	1
207	223	2
208	223	2
209	223	2
210	223	0
211	223	1
212	223	1
213	223	1
214	223	3
215	223	2
216	223	1
217	223	0
218	223	0
219	223	-2
220	223	-2
221	223	1
222	223	1
223	223	0
193	224	1
194	224	0
195	224	0
196	224	0
197	224	-1
198	224	0
199	224	2
200	224	1
201	224	1
202	224	2
203	224	3
204	224	3
205	224	2
206	224	-3
207	224	-4
208	224	-3
209	224	-3
210	224	1
211	224	3
212	224	4
213	224	3
214	224	5
215	224	4
216	224	5
217	224	5
218	224	5
219	224	3
220	224	0
221	224	-1
222	224	-1
223	224	0
224	224	1
194	225	1
195	225	0
196	225	0
197	225	1
198	225	1
199	225	-1
200	225	1
201	225	1
202	225	2
203	225	2
204	225	3
205	225	2
206	225	3
207	225	5
208	225	4
209	225	5
210	225	5
211	225	3
212	225	1
213	225	1
214	225	0
215	225	0
216	225	0
217	225	-1
218	225	-1
219	225	1
220	225	2
221	225	0
222	225	0
223	225	0
224	225	0
225	225	0
195	226	1
196	226	1
197	226	1
198	226	1
199	226	1
200	226	2
201	226	4
202	226	3
203	226	5
204	226	5
205	226	5
206	226	4
207	226	5
208	226	4
209	226	3
210	226	4
211	226	4
212	226	2
213	226	2
214	226	1
215	226	0
216	226	0
217	226	-1
218	226	-3
219	226	-1
220	226	1
221	226	0
222	226	0
223	226	0
224	226	0
225	226	0
226	226	0
196	227	-1
197	227	0
198	227	-1
199	227	0
200	227	0
201	227	-2
202	227	-1
203	227	0
204	227	0
205	227	1
206	227	1
207	227	1
208	227	0
209	227	0
210	227	0
211	227	0
212	227	1
213	227	1
214	227	-1
215	227	1
216	227	1
217	227	1
218	227	2
219	227	2
220	227	2
221	227	1
222	227	0
223	227	0
224	227	0
225	227	1
226	227	0
227	227	1
197	228	0
198	228	-1
199	228	3
200	228	3
201	228	3
202	228	2
203	228	2
204	228	3
205	228	2
206	228	-2
207	228	-3
208	228	-2
209	228	-2
210	228	-3
211	228	-3
212	228	-3
213	228	0
214	228	3
215	228	2
216	228	2
217	228	2
218	228	1
219	228	-2
220	228	-2
221	228	1
222	228	0
223	228	0
224	228	0
225	228	0
226	228	0
227	228	-1
228	228	-1
198	229	-1
199	229	-1
200	229	-1
201	229	0
202	229	0
203	229	1
204	229	2
205	229	1
206	229	2
207	229	1
208	229	0
209	229	1
210	229	3
211	229	3
212	229	2
213	229	2
214	229	1
215	229	1
216	229	0
217	229	1
218	229	1
219	229	2
220	229	2
221	229	1
222	229	-1
223	229	1
224	229	0
225	229	-1
226	229	0
227	229	0
228	229	1
229	229	0
199	230	0
200	230	-1
201	230	-1
202	230	-2
203	230	-1
204	230	-2
205	230	-2
206	230	-2
207	230	-2
208	230	-2
209	230	-1
210	230	-1
211	230	-2
212	230	-1
213	230	-1
214	230	-2
215	230	-2
216	230	-1
217	230	0
218	230	0
219	230	1
220	230	1
221	230	-1
222	230	-2
223	230	-1
224	230	0
225	230	0
226	230	0
227	230	0
228	230	0
229	230	1
230	230	1
200	231	2
201	231	4
202	231	4
203	231	5
204	231	4
205	231	4
206	231	4
207	231	4
208	231	4
209	231	2
210	231	1
211	231	-1
212	231	-1
213	231	-1
214	231	-2
215	231	-3
216	231	-3
217	231	-3
218	231	-3
219	231	-3
220	231	-1
221	231	0
222	231	-1
223	231	0
224	231	0
225	231	1
226	231	0
227	231	-1
228	231	0
229	231	0
230	231	3
231	231	3
201	232	3
202	232	3
203	232	3
204	232	4
205	232	3
206	232	3
207	232	3
208	232	3
209	232	1
210	232	0
211	232	0
212	232	2
213	232	1
214	232	0
215	232	-1
216	232	-2
217	232	-2
218	232	-3
219	232	-2
220	232	0
221	232	2
222	232	2
223	232	0
224	232	0
225	232	0
226	232	0
227	232	0
228	232	0
229	232	-1
230	232	0
231	232	2
232	232	2
202	233	0
203	233	0
204	233	0
205	233	0
206	233	0
207	233	0
208	233	-1
209	233	0
210	233	0
211	233	0
212	233	0
213	233	0
214	233	0
215	233	0
216	233	-1
217	233	0
218	233	0
219	233	0
220	233	0
221	233	1
222	233	0
223	233	0
224	233	0
225	233	-1
226	233	0
227	233	0
228	233	0
229	233	0
230	233	0
231	233	0
232	233	0
233	233	-1
203	234	2
204	234	3
205	234	3
206	234	3
207	234	3
208	234	3
209	234	2
210	234	2
211	234	2
212	234	3
213	234	2
214	234	2
215	234	1
216	234	0
217	234	-1
218	234	-2
219	234	-1
220	234	1
221	234	1
222	234	0
223	234	0
224	234	0
225	234	0
226	234	1
227	234	0
228	234	0
229	234	1
230	234	0
231	234	0
232	234	-1
233	234	0
234	234	1
204	235	2
205	235	2
206	235	0
207	235	-3
208	235	-2
209	235	-1
210	235	-2
211	235	-1
212	235	0
213	235	1
214	235	1
215	235	1
216	235	1
217	235	2
218	235	1
219	235	0
220	235	-2
221	235	-1
222	235	0
223	235	0
224	235	0
225	235	1
226	235	0
227	235	0
228	235	-1
229	235	0
230	235	1
231	235	0
232	235	-1
233	235	-1
234	235	0
235	235	2
205	236	-1
206	236	0
207	236	-2
208	236	-1
209	236	-1
210	236	0
211	236	0
212	236	1
213	236	2
214	236	2
215	236	3
216	236	4
217	236	4
218	236	6
219	236	6
220	236	5
221	236	2
222	236	0
223	236	0
224	236	0
225	236	0
226	236	0
227	236	1
228	236	0
229	236	-1
230	236	-1
231	236	-1
232	236	0
233	236	0
234	236	-2
235	236	0
236	236	-1
206	237	4
207	237	3
208	237	1
209	237	1
210	237	1
211	237	1
212	237	3
213	237	3
214	237	3
215	237	3
216	237	1
217	237	1
218	237	-1
219	237	-1
220	237	0
221	237	0
222	237	0
223	237	0
224	237	0
225	237	0
226	237	0
227	237	0
228	237	0
229	237	0
230	237	2
231	237	3
232	237	2
233	237	4
234	237	4
235	237	3
236	237	3
237	237	3
207	238	3
208	238	2
209	238	2
210	238	2
211	238	2
212	238	2
213	238	2
214	238	0
215	238	0
216	238	-1
217	238	-2
218	238	-3
219	238	-3
220	238	-1
221	238	1
222	238	1
223	238	0
224	238	0
225	238	0
226	238	0
227	238	0
228	238	0
229	238	1
230	238	0
231	238	2
232	238	2
233	238	2
234	238	2
235	238	2
236	238	3
237	238	3
238	238	2
208	239	0
209	239	0
210	239	0
211	239	0
212	239	0
213	239	0
214	239	0
215	239	0
216	239	0
217	239	-1
218	239	0
219	239	-1
220	239	-1
221	239	0
222	239	0
223	239	0
224	239	0
225	239	-1
226	239	-1
227	239	0
228	239	0
229	239	-1
230	239	0
231	239	0
232	239	0
233	239	0
234	239	0
235	239	-1
236	239	0
237	239	-1
238	239	0
239	239	0
209	240	1
210	240	1
211	240	2
212	240	3
213	240	2
214	240	1
215	240	0
216	240	1
217	240	0
218	240	-1
219	240	-2
220	240	-1
221	240	0
222	240	0
223	240	0
224	240	1
225	240	0
226	240	-1
227	240	0
228	240	0
229	240	1
230	240	0
231	240	0
232	240	0
233	240	1
234	240	2
235	240	2
236	240	1
237	240	1
238	240	0
239	240	0
240	240	-1
210	241	-1
211	241	0
212	241	-1
213	241	0
214	241	0
215	241	0
216	241	0
217	241	-1
218	241	0
219	241	0
220	241	0
221	241	-1
222	241	0
223	241	0
224	241	0
225	241	-1
226	241	-1
227	241	0
228	241	1
229	241	-1
230	241	0
231	241	0
232	241	0
233	241	0
234	241	0
235	241	0
236	241	0
237	241	0
238	241	-1
239	241	0
240	241	-1
241	241	0
211	242	2
212	242	1
213	242	0
214	242	0
215	242	-1
216	242	-2
217	242	-3
218	242	-4
219	242	-3
220	242	-1
221	242	1
222	242	0
223	242	-1
224	242	0
225	242	0
226	242	0
227	242	0
228	242	0
229	242	0
230	242	2
231	242	3
232	242	3
233	242	3
234	242	3
235	242	2
236	242	2
237	242	2
238	242	2
239	242	2
240	242	3
241	242	3
242	242	3
212	243	1
213	243	0
214	243	-1
215	243	0
216	243	-1
217	243	-2
218	243	-2
219	243	-1
220	243	0
221	243	-1
222	243	-1
223	243	0
224	243	0
225	243	-1
226	243	1
227	243	0
228	243	-1
229	243	0
230	243	0
231	243	0
232	243	0
233	243	0
234	243	1
235	243	2
236	243	2
237	243	4
238	243	5
239	243	4
240	243	5
241	243	2
242	243	2
243	243	1
213	244	1
214	244	1
215	244	-1
216	244	0
217	244	-1
218	244	-2
219	244	0
220	244	1
221	244	1
222	244	1
223	244	0
224	244	0
225	244	-1
226	244	0
227	244	0
228	244	0
229	244	0
230	244	2
231	244	2
232	244	3
233	244	3
234	244	4
235	244	3
236	244	2
237	244	3
238	244	2
239	244	2
240	244	2
241	244	2
242	244	1
243	244	2
244	244	1
214	245	3
215	245	2
216	245	1
217	245	-1
218	245	-3
219	245	-3
220	245	-2
221	245	-1
222	245	0
223	245	0
224	245	0
225	245	0
226	245	0
227	245	0
228	245	1
229	245	0
230	245	0
231	245	2
232	245	0
233	245	2
234	245	1
235	245	1
236	245	2
237	245	2
238	245	1
239	245	2
240	245	2
241	245	3
242	245	3
243	245	4
244	245	3
245	245	3
215	246	4
216	246	4
217	246	4
218	246	3
219	246	0
220	246	-2
221	246	-1
222	246	1
223	246	1
224	246	0
225	246	0
226	246	1
227	246	0
228	246	0
229	246	0
230	246	-2
231	246	0
232	246	1
233	246	2
234	246	2
235	246	3
236	246	4
237	246	2
238	246	-4
239	246	-5
240	246	-5
241	246	-1
242	246	1
243	246	1
244	246	2
245	246	1
246	246	2
216	247	0
217	247	-1
218	247	-2
219	247	-3
220	247	-1
221	247	2
222	247	1
223	247	0
224	247	-1
225	247	-1
226	247	0
227	247	0
228	247	0
229	247	0
230	247	-2
231	247	-3
232	247	-3
233	247	-2
234	247	-1
235	247	-1
236	247	0
237	247	1
238	247	1
239	247	2
240	247	2
241	247	2
242	247	2
243	247	3
244	247	2
245	247	3
246	247	2
247	247	2
217	248	0
218	248	-1
219	248	-2
220	248	-1
221	248	2
222	248	2
223	248	0
224	248	0
225	248	0
226	248	0
227	248	0
228	248	0
229	248	1
230	248	0
231	248	1
232	248	1
233	248	1
234	248	2
235	248	2
236	248	2
237	248	2
238	248	1
239	248	1
240	248	1
241	248	1
242	248	1
243	248	2
244	248	3
245	248	2
246	248	3
247	248	3
248	248	2
218	249	-1
219	249	0
220	249	0
221	249	0
222	249	-1
223	249	0
224	249	0
225	249	0
226	249	0
227	249	0
228	249	0
229	249	0
230	249	0
231	249	-3
232	249	-3
233	249	-3
234	249	-3
235	249	-4
236	249	-4
237	249	-5
238	249	-5
239	249	-5
240	249	-5
241	249	-6
242	249	-6
243	249	-6
244	249	-5
245	249	-4
246	249	-3
247	249	-5
248	249	-3
249	249	-4
219	250	5
220	250	3
221	250	-1
222	250	-1
223	250	1
224	250	0
225	250	0
226	250	0
227	250	1
228	250	-1
229	250	0
230	250	-1
231	250	-1
232	250	0
233	250	0
234	250	0
235	250	-1
236	250	-1
237	250	-1
238	250	-1
239	250	0
240	250	0
241	250	0
242	250	0
243	250	-2
244	250	-2
245	250	-1
246	250	0
247	250	2
248	250	2
249	250	3
250	250	4
220	251	-1
221	251	-2
222	251	-1
223	251	0
224	251	-1
225	251	1
226	251	0
227	251	-1
228	251	-1
229	251	1
230	251	1
231	251	-1
232	251	1
233	251	1
234	251	0
235	251	0
236	251	-2
237	251	-2
238	251	0
239	251	0
240	251	0
241	251	1
242	251	1
243	251	-2
244	251	-3
245	251	-1
246	251	0
247	251	1
248	251	2
249	251	2
250	251	2
251	251	0
221	252	0
222	252	-1
223	252	-1
224	252	0
225	252	0
226	252	0
227	252	0
228	252	1
229	252	1
230	252	0
231	252	0
232	252	1
233	252	0
234	252	1
235	252	1
236	252	2
237	252	3
238	252	2
239	252	2
240	252	3
241	252	2
242	252	2
243	252	2
244	252	1
245	252	2
246	252	2
247	252	2
248	252	3
249	252	2
250	252	0
251	252	-1
252	252	-2
222	253	0
223	253	0
224	253	0
225	253	0
226	253	1
227	253	0
228	253	0
229	253	0
230	253	-1
231	253	0
232	253	0
233	253	0
234	253	0
235	253	0
236	253	0
237	253	-1
238	253	-2
239	253	-1
240	253	0
241	253	1
242	253	1
243	253	0
244	253	1
245	253	3
246	253	4
247	253	5
248	253	4
249	253	6
250	253	6
251	253	6
252	253	3
253	253	3
223	254	0
224	254	0
225	254	0
226	254	0
227	254	-1
228	254	0
229	254	0
230	254	0
231	254	0
232	254	1
233	254	1
234	254	1
235	254	-1
236	254	0
237	254	-1
238	254	-1
239	254	0
240	254	0
241	254	1
242	254	-1
243	254	-2
244	254	-4
245	254	-1
246	254	0
247	254	2
248	254	2
249	254	3
250	254	4
251	254	3
252	254	0
253	254	-1
254	254	-2
224	255	0
225	255	0
226	255	0
227	255	0
228	255	-1
229	255	1
230	255	-2
231	255	-2
232	255	-2
233	255	-2
234	255	0
235	255	2
236	255	3
237	255	0
238	255	-3
239	255	-3
240	255	-4
241	255	-3
242	255	-1
243	255	0
244	255	2
245	255	2
246	255	3
247	255	3
248	255	2
249	255	1
250	255	1
251	255	0
252	255	-4
253	255	-3
254	255	0
255	255	0
225	256	0
226	256	0
227	256	0
228	256	0
229	256	1
230	256	-1
231	256	0
232	256	-1
233	256	-1
234	256	1
235	256	1
236	256	1
237	256	2
238	256	2
239	256	3
240	256	2
241	256	3
242	256	2
243	256	2
244	256	3
245	256	1
246	256	1
247	256	1
248	256	1
249	256	0
250	256	-1
251	256	-1
252	256	1
253	256	1
254	256	0
255	256	0
256	256	-1
226	257	-1
227	257	0
228	257	0
229	257	1
230	257	0
231	257	0
232	257	2
233	257	2
234	257	1
235	257	2
236	257	2
237	257	1
238	257	0
239	257	0
240	257	-2
241	257	0
242	257	-1
243	257	-1
244	257	0
245	257	1
246	257	1
247	257	2
248	257	2
249	257	4
250	257	5
251	257	6
252	257	3
253	257	1
254	257	0
255	257	0
256	257	0
257	257	0
227	258	0
228	258	0
229	258	1
230	258	1
231	258	1
232	258	2
233	258	2
234	258	2
235	258	2
236	258	2
237	258	1
238	258	1
239	258	0
240	258	1
241	258	1
242	258	1
243	258	2
244	258	0
245	258	1
246	258	0
247	258	1
248	258	1
249	258	0
250	258	-2
251	258	-2
252	258	-1
253	258	-1
254	258	0
255	258	0
256	258	0
257	258	0
258	258	0
228	259	0
229	259	2
230	259	2
231	259	4
232	259	4
233	259	3
234	259	3
235	259	3
236	259	3
237	259	2
238	259	1
239	259	0
240	259	0
241	259	0
242	259	0
243	259	0
244	259	1
245	259	1
246	259	2
247	259	3
248	259	2
249	259	1
250	259	-1
251	259	-2
252	259	-4
253	259	-1
254	259	0
255	259	0
256	259	0
257	259	0
258	259	1
259	259	0
229	260	0
230	260	-2
231	260	-1
232	260	0
233	260	0
234	260	1
235	260	2
236	260	4
237	260	2
238	260	-2
239	260	-4
240	260	-3
241	260	1
242	260	1
243	260	1
244	260	1
245	260	1
246	260	0
247	260	1
248	260	3
249	260	4
250	260	4
251	260	4
252	260	0
253	260	0
254	260	0
255	260	0
256	260	0
257	260	0
258	260	0
259	260	0
260	260	0
230	261	0
231	261	1
232	261	2
233	261	2
234	261	0
235	261	1
236	261	1
237	261	0
238	261	0
239	261	0
240	261	0
241	261	1
242	261	0
243	261	-1
244	261	-1
245	261	1
246	261	1
247	261	2
248	261	2
249	261	3
250	261	2
251	261	1
252	261	0
253	261	-1
254	261	-1
255	261	0
256	261	0
257	261	0
258	261	1
259	261	-1
260	261	-1
261	261	0
231	262	-1
232	262	-1
233	262	-2
234	262	-2
235	262	-1
236	262	-1
237	262	0
238	262	0
239	262	1
240	262	1
241	262	1
242	262	2
243	262	1
244	262	2
245	262	3
246	262	3
247	262	4
248	262	4
249	262	5
250	262	6
251	262	6
252	262	6
253	262	4
254	262	2
255	262	0
256	262	0
257	262	0
258	262	0
259	262	0
260	262	0
261	262	-1
262	262	-3
232	263	2
233	263	1
234	263	3
235	263	3
236	263	3
237	263	3
238	263	2
239	263	2
240	263	1
241	263	1
242	263	2
243	263	3
244	263	3
245	263	2
246	263	0
247	263	0
248	263	0
249	263	0
250	263	-1
251	263	-1
252	263	1
253	263	2
254	263	1
255	263	0
256	263	1
257	263	0
258	263	0
259	263	-1
260	263	-1
261	263	1
262	263	3
263	263	4
233	264	3
234	264	3
235	264	3
236	264	3
237	264	3
238	264	3
239	264	3
240	264	3
241	264	3
242	264	2
243	264	3
244	264	2
245	264	2
246	264	1
247	264	0
248	264	-1
249	264	-2
250	264	-4
251	264	-5
252	264	-3
253	264	-2
254	264	0
255	264	1
256	264	0
257	264	0
258	264	0
259	264	-1
260	264	1
261	264	1
262	264	3
263	264	4
264	264	3
234	265	3
235	265	3
236	265	3
237	265	3
238	265	3
239	265	2
240	265	1
241	265	2
242	265	2
243	265	3
244	265	2
245	265	3
246	265	2
247	265	1
248	265	1
249	265	1
250	265	0
251	265	2
252	265	4
253	265	3
254	265	0
255	265	1
256	265	1
257	265	0
258	265	1
259	265	0
260	265	0
261	265	1
262	265	2
263	265	3
264	265	3
265	265	2
235	266	-3
236	266	-4
237	266	-4
238	266	0
239	266	3
240	266	4
241	266	2
242	266	-1
243	266	-4
244	266	-4
245	266	0
246	266	2
247	266	3
248	266	3
249	266	2
250	266	3
251	266	1
252	266	-3
253	266	-1
254	266	0
255	266	0
256	266	0
257	266	0
258	266	0
259	266	1
260	266	-1
261	266	-1
262	266	-1
263	266	2
264	266	2
265	266	1
266	266	-1
236	267	0
237	267	1
238	267	0
239	267	-1
240	267	-1
241	267	0
242	267	0
243	267	0
244	267	1
245	267	2
246	267	3
247	267	4
248	267	4
249	267	4
250	267	6
251	267	6
252	267	5
253	267	3
254	267	-1
255	267	0
256	267	0
257	267	0
258	267	0
259	267	0
260	267	0
261	267	-1
262	267	-1
263	267	1
264	267	-2
265	267	-2
266	267	-1
267	267	0
237	268	-4
238	268	-3
239	268	-4
240	268	-3
241	268	-4
242	268	-4
243	268	-5
244	268	-4
245	268	-3
246	268	-3
247	268	-3
248	268	-2
249	268	-2
250	268	-4
251	268	-3
252	268	-3
253	268	0
254	268	-1
255	268	0
256	268	0
257	268	0
258	268	0
259	268	0
260	268	0
261	268	1
262	268	1
263	268	0
264	268	-1
265	268	-1
266	268	-2
267	268	-2
268	268	-2
238	269	4
239	269	3
240	269	3
241	269	2
242	269	3
243	269	4
244	269	4
245	269	4
246	269	3
247	269	2
248	269	2
249	269	1
250	269	1
251	269	2
252	269	3
253	269	2
254	269	1
255	269	1
256	269	0
257	269	-1
258	269	0
259	269	1
260	269	0
261	269	1
262	269	0
263	269	1
264	269	0
265	269	1
266	269	2
267	269	3
268	269	3
269	269	3
239	270	1
240	270	0
241	270	0
242	270	0
243	270	0
244	270	0
245	270	-1
246	270	-1
247	270	0
248	270	0
249	270	0
250	270	2
251	270	2
252	270	2
253	270	2
254	270	0
255	270	0
256	270	0
257	270	0
258	270	0
259	270	0
260	270	0
261	270	0
262	270	-2
263	270	-3
264	270	-1
265	270	0
266	270	0
267	270	1
268	270	3
269	270	4
270	270	3
240	271	-3
241	271	-3
242	271	-3
243	271	-2
244	271	-3
245	271	-2
246	271	-3
247	271	-2
248	271	0
249	271	1
250	271	1
251	271	0
252	271	1
253	271	0
254	271	-2
255	271	0
256	271	0
257	271	-1
258	271	0
259	271	-1
260	271	0
261	271	0
262	271	1
263	271	-1
264	271	-1
265	271	-1
266	271	-3
267	271	-3
268	271	-2
269	271	-1
270	271	-2
271	271	-1
241	272	0
242	272	-1
243	272	0
244	272	0
245	272	0
246	272	0
247	272	0
248	272	0
249	272	0
250	272	-1
251	272	0
252	272	0
253	272	0
254	272	0
255	272	1
256	272	0
257	272	0
258	272	0
259	272	0
260	272	0
261	272	0
262	272	0
263	272	0
264	272	0
265	272	0
266	272	0
267	272	0
268	272	0
269	272	0
270	272	-1
271	272	0
272	272	0
242	273	3
243	273	3
244	273	3
245	273	2
246	273	3
247	273	2
248	273	2
249	273	0
250	273	-1
251	273	0
252	273	2
253	273	2
254	273	1
255	273	-1
256	273	0
257	273	0
258	273	0
259	273	0
260	273	0
261	273	1
262	273	1
263	273	1
264	273	0
265	273	0
266	273	2
267	273	1
268	273	2
269	273	3
270	273	3
271	273	3
272	273	2
273	273	3
243	274	3
244	274	3
245	274	3
246	274	2
247	274	1
248	274	0
249	274	0
250	274	-1
251	274	1
252	274	2
253	274	3
254	274	1
255	274	0
256	274	0
257	274	0
258	274	-1
259	274	-1
260	274	-1
261	274	0
262	274	0
263	274	-1
264	274	-3
265	274	-2
266	274	-1
267	274	0
268	274	1
269	274	0
270	274	2
271	274	1
272	274	0
273	274	1
274	274	1
244	275	2
245	275	2
246	275	2
247	275	1
248	275	2
249	275	0
250	275	-1
251	275	1
252	275	2
253	275	1
254	275	-1
255	275	0
256	275	0
257	275	-1
258	275	0
259	275	0
260	275	0
261	275	-1
262	275	0
263	275	-2
264	275	-2
265	275	-3
266	275	-3
267	275	-1
268	275	-1
269	275	1
270	275	2
271	275	3
272	275	4
273	275	4
274	275	4
275	275	4
245	276	2
246	276	2
247	276	3
248	276	3
249	276	5
250	276	7
251	276	7
252	276	5
253	276	3
254	276	1
255	276	0
256	276	0
257	276	-1
258	276	0
259	276	0
260	276	0
261	276	-1
262	276	-3
263	276	-1
264	276	0
265	276	0
266	276	1
267	276	1
268	276	1
269	276	0
270	276	-1
271	276	-1
272	276	-2
273	276	-1
274	276	0
275	276	-1
276	276	1
246	277	3
247	277	1
248	277	3
249	277	1
250	277	1
251	277	1
252	277	3
253	277	2
254	277	0
255	277	0
256	277	0
257	277	0
258	277	0
259	277	0
260	277	1
261	277	0
262	277	1
263	277	1
264	277	1
265	277	1
266	277	2
267	277	3
268	277	2
269	277	3
270	277	3
271	277	2
272	277	1
273	277	1
274	277	1
275	277	1
276	277	2
277	277	3
247	278	1
248	278	0
249	278	-1
250	278	-1
251	278	0
252	278	2
253	278	2
254	278	-1
255	278	0
256	278	0
257	278	0
258	278	0
259	278	0
260	278	0
261	278	1
262	278	3
263	278	2
264	278	2
265	278	2
266	278	2
267	278	2
268	278	3
269	278	3
270	278	3
271	278	3
272	278	3
273	278	3
274	278	3
275	278	2
276	278	2
277	278	2
278	278	1
248	279	3
249	279	2
250	279	4
251	279	3
252	279	2
253	279	2
254	279	1
255	279	0
256	279	-1
257	279	0
258	279	0
259	279	0
260	279	0
261	279	-2
262	279	-1
263	279	-2
264	279	-4
265	279	-3
266	279	-3
267	279	-3
268	279	-3
269	279	-2
270	279	-1
271	279	2
272	279	2
273	279	2
274	279	1
275	279	2
276	279	2
277	279	2
278	279	1
279	279	2
249	280	4
250	280	4
251	280	3
252	280	0
253	280	-1
254	280	0
255	280	1
256	280	-1
257	280	0
258	280	0
259	280	0
260	280	-1
261	280	-1
262	280	-2
263	280	-1
264	280	0
265	280	1
266	280	1
267	280	0
268	280	0
269	280	1
270	280	2
271	280	1
272	280	-1
273	280	-5
274	280	-6
275	280	-4
276	280	1
277	280	3
278	280	3
279	280	2
280	280	2
250	281	-2
251	281	-2
252	281	-2
253	281	0
254	281	0
255	281	0
256	281	1
257	281	-1
258	281	0
259	281	0
260	281	0
261	281	-1
262	281	0
263	281	1
264	281	-1
265	281	0
266	281	-1
267	281	-3
268	281	-4
269	281	-4
270	281	-3
271	281	-1
272	281	0
273	281	2
274	281	1
275	281	1
276	281	-1
277	281	-2
278	281	-3
279	281	-4
280	281	-4
281	281	-4
251	282	-5
252	282	-3
253	282	-1
254	282	0
255	282	0
256	282	0
257	282	0
258	282	0
259	282	0
260	282	0
261	282	1
262	282	2
263	282	1
264	282	-1
265	282	0
266	282	0
267	282	0
268	282	0
269	282	1
270	282	3
271	282	3
272	282	3
273	282	3
274	282	3
275	282	2
276	282	2
277	282	1
278	282	0
279	282	0
280	282	0
281	282	0
282	282	-3
252	283	-1
253	283	-2
254	283	-1
255	283	-1
256	283	0
257	283	0
258	283	0
259	283	1
260	283	0
261	283	-1
262	283	0
263	283	-1
264	283	2
265	283	3
266	283	2
267	283	2
268	283	0
269	283	1
270	283	1
271	283	1
272	283	1
273	283	-1
274	283	-5
275	283	-3
276	283	0
277	283	2
278	283	3
279	283	3
280	283	1
281	283	1
282	283	1
283	283	-1
253	284	1
254	284	-1
255	284	0
256	284	0
257	284	0
258	284	0
259	284	0
260	284	-1
261	284	0
262	284	-1
263	284	-1
264	284	2
265	284	2
266	284	1
267	284	2
268	284	2
269	284	2
270	284	1
271	284	1
272	284	0
273	284	0
274	284	-1
275	284	-1
276	284	-1
277	284	0
278	284	1
279	284	1
280	284	1
281	284	3
282	284	3
283	284	3
284	284	3
254	285	0
255	285	0
256	285	0
257	285	1
258	285	0
259	285	0
260	285	0
261	285	2
262	285	3
263	285	4
264	285	4
265	285	4
266	285	4
267	285	3
268	285	4
269	285	4
270	285	3
271	285	4
272	285	4
273	285	3
274	285	3
275	285	2
276	285	1
277	285	0
278	285	-1
279	285	0
280	285	1
281	285	0
282	285	-2
283	285	-3
284	285	-1
285	285	0
255	286	0
256	286	0
257	286	0
258	286	0
259	286	1
260	286	0
261	286	1
262	286	1
263	286	0
264	286	-1
265	286	0
266	286	1
267	286	2
268	286	2
269	286	3
270	286	3
271	286	2
272	286	3
273	286	3
274	286	4
275	286	5
276	286	4
277	286	4
278	286	3
279	286	2
280	286	1
281	286	1
282	286	1
283	286	2
284	286	3
285	286	2
286	286	0
256	287	0
257	287	0
258	287	0
259	287	0
260	287	0
261	287	-1
262	287	-1
263	287	-2
264	287	-1
265	287	-1
266	287	-1
267	287	0
268	287	-1
269	287	1
270	287	1
271	287	2
272	287	1
273	287	2
274	287	0
275	287	1
276	287	2
277	287	3
278	287	2
279	287	2
280	287	2
281	287	2
282	287	3
283	287	2
284	287	2
285	287	2
286	287	0
287	287	0
257	288	0
258	288	0
259	288	0
260	288	1
261	288	1
262	288	2
263	288	1
264	288	1
265	288	0
266	288	1
267	288	1
268	288	2
269	288	3
270	288	3
271	288	2
272	288	2
273	288	2
274	288	2
275	288	1
276	288	1
277	288	2
278	288	2
279	288	2
280	288	3
281	288	3
282	288	1
283	288	1
284	288	1
285	288	1
286	288	1
287	288	0
288	288	0
258	289	0
259	289	0
260	289	0
261	289	1
262	289	2
263	289	1
264	289	-1
265	289	0
266	289	0
267	289	0
268	289	1
269	289	2
270	289	3
271	289	3
272	289	3
273	289	4
274	289	4
275	289	3
276	289	3
277	289	3
278	289	2
279	289	2
280	289	2
281	289	0
282	289	-1
283	289	-2
284	289	-2
285	289	0
286	289	1
287	289	0
288	289	0
289	289	0
259	290	0
260	290	0
261	290	0
262	290	2
263	290	2
264	290	2
265	290	3
266	290	2
267	290	2
268	290	2
269	290	2
270	290	2
271	290	2
272	290	3
273	290	2
274	290	2
275	290	1
276	290	0
277	290	0
278	290	0
279	290	1
280	290	1
281	290	0
282	290	0
283	290	-1
284	290	1
285	290	1
286	290	0
287	290	0
288	290	0
289	290	0
290	290	0
260	291	0
261	291	-1
262	291	-1
263	291	0
264	291	-1
265	291	-1
266	291	-1
267	291	-1
268	291	0
269	291	0
270	291	-1
271	291	0
272	291	0
273	291	1
274	291	0
275	291	-1
276	291	-1
277	291	0
278	291	0
279	291	1
280	291	1
281	291	2
282	291	4
283	291	6
284	291	5
285	291	4
286	291	1
287	291	0
288	291	-1
289	291	0
290	291	0
291	291	0
261	292	1
262	292	2
263	292	-1
264	292	-2
265	292	-3
266	292	-4
267	292	-5
268	292	-5
269	292	-5
270	292	-5
271	292	-6
272	292	-6
273	292	-5
274	292	-6
275	292	-6
276	292	-7
277	292	-5
278	292	-4
279	292	-5
280	292	-3
281	292	-3
282	292	-3
283	292	-3
284	292	-1
285	292	-1
286	292	1
287	292	1
288	292	0
289	292	0
290	292	0
291	292	0
292	292	1
262	293	1
263	293	2
264	293	3
265	293	3
266	293	2
267	293	3
268	293	3
269	293	3
270	293	2
271	293	2
272	293	1
273	293	1
274	293	0
275	293	0
276	293	0
277	293	1
278	293	1
279	293	2
280	293	2
281	293	2
282	293	2
283	293	2
284	293	3
285	293	3
286	293	1
287	293	0
288	293	0
289	293	0
290	293	0
291	293	1
292	293	2
293	293	0
263	294	-1
264	294	3
265	294	3
266	294	3
267	294	2
268	294	3
269	294	2
270	294	1
271	294	1
272	294	0
273	294	-1
274	294	-4
275	294	-2
276	294	0
277	294	2
278	294	2
279	294	2
280	294	2
281	294	3
282	294	3
283	294	2
284	294	1
285	294	2
286	294	0
287	294	0
288	294	-1
289	294	-1
290	294	0
291	294	0
292	294	1
293	294	0
294	294	2
264	295	1
265	295	1
266	295	0
267	295	-1
268	295	-1
269	295	-1
270	295	-1
271	295	-1
272	295	0
273	295	0
274	295	0
275	295	0
276	295	0
277	295	0
278	295	0
279	295	0
280	295	-1
281	295	1
282	295	-1
283	295	-3
284	295	-2
285	295	-1
286	295	-1
287	295	0
288	295	1
289	295	1
290	295	0
291	295	0
292	295	0
293	295	1
294	295	1
295	295	0
265	296	3
266	296	4
267	296	2
268	296	3
269	296	3
270	296	3
271	296	2
272	296	1
273	296	1
274	296	1
275	296	1
276	296	0
277	296	0
278	296	-1
279	296	0
280	296	0
281	296	-2
282	296	-2
283	296	-4
284	296	-2
285	296	0
286	296	0
287	296	1
288	296	-1
289	296	0
290	296	0
291	296	0
292	296	0
293	296	1
294	296	4
295	296	5
296	296	4
266	297	5
267	297	4
268	297	4
269	297	4
270	297	4
271	297	4
272	297	3
273	297	1
274	297	2
275	297	2
276	297	2
277	297	1
278	297	0
279	297	1
280	297	1
281	297	0
282	297	-2
283	297	-4
284	297	-3
285	297	0
286	297	0
287	297	0
288	297	1
289	297	0
290	297	0
291	297	0
292	297	1
293	297	2
294	297	3
295	297	6
296	297	4
297	297	6
267	298	-2
268	298	-3
269	298	-4
270	298	-4
271	298	-3
272	298	-1
273	298	1
274	298	1
275	298	1
276	298	1
277	298	-1
278	298	-1
279	298	-2
280	298	-4
281	298	-3
282	298	-2
283	298	-2
284	298	-3
285	298	-1
286	298	-1
287	298	0
288	298	0
289	298	0
290	298	0
291	298	0
292	298	-1
293	298	0
294	298	0
295	298	0
296	298	0
297	298	-1
298	298	-1
268	299	0
269	299	-1
270	299	0
271	299	1
272	299	-1
273	299	-2
274	299	-2
275	299	0
276	299	3
277	299	1
278	299	-1
279	299	-2
280	299	-1
281	299	1
282	299	1
283	299	-1
284	299	-1
285	299	0
286	299	0
287	299	0
288	299	0
289	299	0
290	299	0
291	299	0
292	299	0
293	299	1
294	299	3
295	299	6
296	299	5
297	299	3
298	299	1
299	299	1
269	300	-1
270	300	0
271	300	-1
272	300	0
273	300	0
274	300	0
275	300	1
276	300	2
277	300	2
278	300	2
279	300	3
280	300	3
281	300	3
282	300	6
283	300	7
284	300	7
285	300	5
286	300	1
287	300	-1
288	300	-1
289	300	0
290	300	0
291	300	0
292	300	-3
293	300	-1
294	300	-3
295	300	-2
296	300	-1
297	300	-1
298	300	1
299	300	1
300	300	0
270	301	6
271	301	6
272	301	5
273	301	5
274	301	5
275	301	5
276	301	4
277	301	3
278	301	2
279	301	2
280	301	1
281	301	-1
282	301	-3
283	301	-2
284	301	-1
285	301	0
286	301	0
287	301	0
288	301	0
289	301	0
290	301	0
291	301	0
292	301	0
293	301	0
294	301	1
295	301	0
296	301	0
297	301	1
298	301	1
299	301	3
300	301	3
301	301	4
271	302	-1
272	302	-2
273	302	-2
274	302	-3
275	302	-1
276	302	0
277	302	1
278	302	2
279	302	2
280	302	2
281	302	3
282	302	3
283	302	4
284	302	4
285	302	3
286	302	0
287	302	0
288	302	-1
289	302	0
290	302	0
291	302	0
292	302	1
293	302	1
294	302	1
295	302	0
296	302	1
297	302	1
298	302	2
299	302	1
300	302	1
301	302	1
302	302	2
272	303	0
273	303	1
274	303	1
275	303	1
276	303	-1
277	303	0
278	303	0
279	303	0
280	303	-1
281	303	-2
282	303	-2
283	303	-3
284	303	-3
285	303	-2
286	303	-1
287	303	-1
288	303	0
289	303	0
290	303	0
291	303	1
292	303	2
293	303	2
294	303	3
295	303	2
296	303	2
297	303	3
298	303	3
299	303	3
300	303	5
301	303	5
302	303	4
303	303	4
273	304	3
274	304	3
275	304	2
276	304	3
277	304	3
278	304	2
279	304	2
280	304	2
281	304	1
282	304	1
283	304	2
284	304	2
285	304	1
286	304	0
287	304	0
288	304	0
289	304	0
290	304	0
291	304	0
292	304	0
293	304	0
294	304	0
295	304	2
296	304	2
297	304	2
298	304	2
299	304	2
300	304	2
301	304	3
302	304	3
303	304	3
304	304	3
274	305	3
275	305	3
276	305	3
277	305	3
278	305	4
279	305	4
280	305	3
281	305	4
282	305	4
283	305	3
284	305	2
285	305	2
286	305	-1
287	305	0
288	305	1
289	305	0
290	305	0
291	305	0
292	305	0
293	305	-1
294	305	0
295	305	0
296	305	1
297	305	0
298	305	0
299	305	2
300	305	3
301	305	2
302	305	3
303	305	2
304	305	2
305	305	1
275	306	0
276	306	1
277	306	1
278	306	3
279	306	2
280	306	2
281	306	4
282	306	6
283	306	7
284	306	6
285	306	4
286	306	3
287	306	0
288	306	0
289	306	0
290	306	0
291	306	1
292	306	-2
293	306	-2
294	306	-3
295	306	-4
296	306	-3
297	306	-2
298	306	0
299	306	0
300	306	2
301	306	1
302	306	2
303	306	1
304	306	-1
305	306	-1
306	306	-1
276	307	4
277	307	5
278	307	3
279	307	4
280	307	1
281	307	1
282	307	0
283	307	0
284	307	1
285	307	1
286	307	0
287	307	-1
288	307	0
289	307	0
290	307	0
291	307	0
292	307	-2
293	307	-2
294	307	-3
295	307	-5
296	307	-5
297	307	-6
298	307	-5
299	307	-4
300	307	-3
301	307	-2
302	307	1
303	307	3
304	307	3
305	307	4
306	307	5
307	307	5
277	308	1
278	308	0
279	308	-1
280	308	-2
281	308	-4
282	308	-6
283	308	-6
284	308	-5
285	308	-2
286	308	-1
287	308	-1
288	308	0
289	308	0
290	308	0
291	308	-1
292	308	-1
293	308	1
294	308	-2
295	308	-3
296	308	-4
297	308	-5
298	308	-4
299	308	-5
300	308	-4
301	308	-3
302	308	-2
303	308	0
304	308	2
305	308	3
306	308	4
307	308	3
308	308	2
278	309	2
279	309	2
280	309	2
281	309	3
282	309	5
283	309	5
284	309	4
285	309	4
286	309	0
287	309	0
288	309	0
289	309	0
290	309	0
291	309	0
292	309	-3
293	309	-2
294	309	-1
295	309	-2
296	309	-1
297	309	-1
298	309	-1
299	309	0
300	309	0
301	309	1
302	309	0
303	309	1
304	309	1
305	309	1
306	309	0
307	309	1
308	309	1
309	309	2
279	310	2
280	310	3
281	310	4
282	310	5
283	310	5
284	310	1
285	310	1
286	310	1
287	310	0
288	310	-1
289	310	0
290	310	-1
291	310	0
292	310	-1
293	310	-1
294	310	-2
295	310	-1
296	310	-2
297	310	-4
298	310	-6
299	310	-5
300	310	-1
301	310	1
302	310	3
303	310	3
304	310	2
305	310	0
306	310	-4
307	310	-4
308	310	-3
309	310	0
310	310	3
280	311	-3
281	311	-3
282	311	-5
283	311	-4
284	311	-5
285	311	-2
286	311	-1
287	311	0
288	311	-1
289	311	0
290	311	1
291	311	1
292	311	2
293	311	2
294	311	5
295	311	6
296	311	4
297	311	5
298	311	3
299	311	3
300	311	4
301	311	3
302	311	4
303	311	3
304	311	3
305	311	3
306	311	2
307	311	2
308	311	1
309	311	1
310	311	1
311	311	0
281	312	-2
282	312	-4
283	312	-2
284	312	1
285	312	0
286	312	0
287	312	1
288	312	0
289	312	0
290	312	0
291	312	0
292	312	0
293	312	0
294	312	3
295	312	1
296	312	1
297	312	2
298	312	1
299	312	0
300	312	1
301	312	2
302	312	1
303	312	3
304	312	3
305	312	4
306	312	3
307	312	3
308	312	3
309	312	2
310	312	1
311	312	0
312	312	-1
282	313	0
283	313	1
284	313	3
285	313	1
286	313	0
287	313	-1
288	313	0
289	313	0
290	313	0
291	313	0
292	313	1
293	313	1
294	313	2
295	313	-1
296	313	0
297	313	2
298	313	1
299	313	3
300	313	4
301	313	4
302	313	4
303	313	4
304	313	3
305	313	2
306	313	3
307	313	3
308	313	3
309	313	3
310	313	2
311	313	2
312	313	2
313	313	0
283	314	-3
284	314	-2
285	314	-2
286	314	-1
287	314	0
288	314	0
289	314	0
290	314	0
291	314	0
292	314	-1
293	314	-2
294	314	-1
295	314	-2
296	314	-4
297	314	-5
298	314	-4
299	314	-5
300	314	-2
301	314	0
302	314	1
303	314	4
304	314	3
305	314	4
306	314	2
307	314	0
308	314	-1
309	314	-4
310	314	-4
311	314	-5
312	314	-4
313	314	-6
314	314	-6
284	315	-1
285	315	0
286	315	-2
287	315	0
288	315	0
289	315	0
290	315	0
291	315	0
292	315	2
293	315	1
294	315	4
295	315	2
296	315	3
297	315	3
298	315	2
299	315	1
300	315	2
301	315	2
302	315	1
303	315	0
304	315	0
305	315	-2
306	315	-2
307	315	-2
308	315	1
309	315	3
310	315	2
311	315	2
312	315	2
313	315	3
314	315	4
315	315	2
285	316	3
286	316	0
287	316	0
288	316	0
289	316	-1
290	316	0
291	316	1
292	316	1
293	316	2
294	316	4
295	316	5
296	316	4
297	316	3
298	316	1
299	316	-1
300	316	-1
301	316	-2
302	316	-1
303	316	-1
304	316	-1
305	316	-1
306	316	-3
307	316	-4
308	316	-2
309	316	0
310	316	1
311	316	2
312	316	1
313	316	2
314	316	2
315	316	0
316	316	1
286	317	0
287	317	0
288	317	1
289	317	0
290	317	0
291	317	0
292	317	1
293	317	-1
294	317	0
295	317	-2
296	317	-2
297	317	-3
298	317	-2
299	317	0
300	317	0
301	317	1
302	317	1
303	317	3
304	317	3
305	317	4
306	317	4
307	317	3
308	317	3
309	317	3
310	317	3
311	317	2
312	317	2
313	317	1
314	317	2
315	317	3
316	317	3
317	317	1
287	318	1
288	318	0
289	318	0
290	318	-1
291	318	0
292	318	0
293	318	-1
294	318	-1
295	318	-3
296	318	-3
297	318	-2
298	318	0
299	318	2
300	318	2
301	318	3
302	318	3
303	318	3
304	318	3
305	318	4
306	318	4
307	318	4
308	318	2
309	318	2
310	318	3
311	318	2
312	318	2
313	318	1
314	318	2
315	318	3
316	318	3
317	318	1
318	318	1
288	319	1
289	319	0
290	319	0
291	319	1
292	319	1
293	319	3
294	319	5
295	319	2
296	319	4
297	319	3
298	319	2
299	319	2
300	319	3
301	319	3
302	319	4
303	319	3
304	319	2
305	319	2
306	319	1
307	319	2
308	319	3
309	319	3
310	319	2
311	319	2
312	319	1
313	319	2
314	319	1
315	319	0
316	319	2
317	319	2
318	319	-1
319	319	0
289	320	0
290	320	-1
291	320	0
292	320	-1
293	320	0
294	320	1
295	320	1
296	320	1
297	320	1
298	320	3
299	320	1
300	320	0
301	320	-3
302	320	-2
303	320	1
304	320	1
305	320	1
306	320	-2
307	320	-2
308	320	-1
309	320	1
310	320	2
311	320	1
312	320	2
313	320	3
314	320	3
315	320	6
316	320	4
317	320	5
318	320	2
319	320	0
320	320	0
290	321	0
291	321	0
292	321	1
293	321	4
294	321	2
295	321	0
296	321	0
297	321	1
298	321	1
299	321	2
300	321	3
301	321	4
302	321	5
303	321	4
304	321	5
305	321	5
306	321	5
307	321	5
308	321	4
309	321	3
310	321	2
311	321	1
312	321	1
313	321	-1
314	321	-3
315	321	-5
316	321	-6
317	321	-4
318	321	0
319	321	0
320	321	0
321	321	-1
291	322	0
292	322	1
293	322	2
294	322	1
295	322	2
296	322	4
297	322	5
298	322	5
299	322	5
300	322	4
301	322	5
302	322	3
303	322	2
304	322	1
305	322	-1
306	322	-2
307	322	-1
308	322	0
309	322	0
310	322	-1
311	322	0
312	322	0
313	322	0
314	322	1
315	322	2
316	322	1
317	322	0
318	322	0
319	322	-1
320	322	0
321	322	1
322	322	0
292	323	-1
293	323	-1
294	323	-2
295	323	-4
296	323	-2
297	323	-2
298	323	-1
299	323	0
300	323	2
301	323	2
302	323	3
303	323	2
304	323	1
305	323	1
306	323	1
307	323	2
308	323	1
309	323	3
310	323	1
311	323	2
312	323	3
313	323	2
314	323	4
315	323	5
316	323	5
317	323	3
318	323	1
319	323	-1
320	323	0
321	323	0
322	323	0
323	323	0
293	324	0
294	324	-1
295	324	-3
296	324	-3
297	324	-2
298	324	-1
299	324	0
300	324	2
301	324	3
302	324	4
303	324	5
304	324	4
305	324	4
306	324	5
307	324	5
308	324	4
309	324	4
310	324	3
311	324	2
312	324	1
313	324	-1
314	324	-2
315	324	-1
316	324	0
317	324	0
318	324	1
319	324	0
320	324	0
321	324	0
322	324	1
323	324	0
324	324	0
294	325	0
295	325	-2
296	325	-3
297	325	-5
298	325	-4
299	325	-4
300	325	-4
301	325	-3
302	325	-2
303	325	0
304	325	1
305	325	2
306	325	3
307	325	4
308	325	3
309	325	1
310	325	0
311	325	-1
312	325	0
313	325	0
314	325	0
315	325	1
316	325	-1
317	325	0
318	325	-1
319	325	0
320	325	0
321	325	0
322	325	0
323	325	-1
324	325	0
325	325	-1
295	326	1
296	326	2
297	326	2
298	326	1
299	326	1
300	326	0
301	326	-1
302	326	0
303	326	1
304	326	1
305	326	0
306	326	-4
307	326	-4
308	326	-2
309	326	0
310	326	3
311	326	2
312	326	1
313	326	2
314	326	2
315	326	1
316	326	0
317	326	2
318	326	-1
319	326	0
320	326	0
321	326	0
322	326	1
323	326	0
324	326	2
325	326	3
326	326	3
296	327	-2
297	327	-4
298	327	-2
299	327	0
300	327	-2
301	327	-2
302	327	-1
303	327	-2
304	327	-2
305	327	0
306	327	2
307	327	1
308	327	1
309	327	0
310	327	0
311	327	1
312	327	1
313	327	1
314	327	2
315	327	3
316	327	3
317	327	1
318	327	2
319	327	0
320	327	0
321	327	0
322	327	0
323	327	0
324	327	-2
325	327	0
326	327	-3
327	327	-2
297	328	2
298	328	3
299	328	-1
300	328	-1
301	328	-2
302	328	-1
303	328	-1
304	328	-2
305	328	-2
306	328	-3
307	328	-1
308	328	1
309	328	1
310	328	2
311	328	2
312	328	2
313	328	3
314	328	5
315	328	4
316	328	5
317	328	5
318	328	0
319	328	0
320	328	0
321	328	-1
322	328	1
323	328	0
324	328	1
325	328	3
326	328	3
327	328	0
328	328	1
298	329	4
299	329	4
300	329	4
301	329	3
302	329	3
303	329	2
304	329	2
305	329	2
306	329	2
307	329	0
308	329	-1
309	329	-3
310	329	-2
311	329	-2
312	329	-2
313	329	-3
314	329	-5
315	329	-5
316	329	-2
317	329	-2
318	329	-1
319	329	0
320	329	-1
321	329	1
322	329	0
323	329	1
324	329	2
325	329	2
326	329	4
327	329	4
328	329	4
329	329	3
299	330	3
300	330	4
301	330	2
302	330	2
303	330	2
304	330	2
305	330	1
306	330	1
307	330	2
308	330	2
309	330	4
310	330	3
311	330	3
312	330	2
313	330	3
314	330	3
315	330	3
316	330	3
317	330	3
318	330	1
319	330	0
320	330	0
321	330	0
322	330	0
323	330	0
324	330	-1
325	330	0
326	330	2
327	330	2
328	330	3
329	330	2
330	330	2
300	331	3
301	331	2
302	331	3
303	331	2
304	331	1
305	331	-2
306	331	-2
307	331	-1
308	331	0
309	331	2
310	331	1
311	331	1
312	331	1
313	331	1
314	331	2
315	331	2
316	331	0
317	331	0
318	331	-1
319	331	0
320	331	-1
321	331	0
322	331	0
323	331	0
324	331	3
325	331	1
326	331	1
327	331	1
328	331	2
329	331	3
330	331	4
331	331	4
301	332	1
302	332	2
303	332	3
304	332	4
305	332	5
306	332	4
307	332	5
308	332	4
309	332	3
310	332	3
311	332	2
312	332	1
313	332	-1
314	332	-2
315	332	-3
316	332	-2
317	332	-1
318	332	-1
319	332	1
320	332	0
321	332	0
322	332	0
323	332	1
324	332	-1
325	332	1
326	332	1
327	332	-1
328	332	-2
329	332	-2
330	332	-3
331	332	0
332	332	0
302	333	4
303	333	4
304	333	4
305	333	5
306	333	5
307	333	4
308	333	3
309	333	2
310	333	1
311	333	0
312	333	-1
313	333	-3
314	333	-4
315	333	-3
316	333	-4
317	333	-3
318	333	1
319	333	0
320	333	0
321	333	0
322	333	0
323	333	-1
324	333	-1
325	333	0
326	333	0
327	333	-1
328	333	-1
329	333	-1
330	333	1
331	333	2
332	333	2
333	333	2
303	334	-1
304	334	-1
305	334	-2
306	334	-2
307	334	-1
308	334	0
309	334	2
310	334	1
311	334	2
312	334	2
313	334	2
314	334	2
315	334	4
316	334	4
317	334	3
318	334	0
319	334	0
320	334	0
321	334	-1
322	334	0
323	334	-1
324	334	2
325	334	2
326	334	3
327	334	1
328	334	2
329	334	2
330	334	3
331	334	3
332	334	2
333	334	1
334	334	2
304	335	0
305	335	0
306	335	0
307	335	0
308	335	0
309	335	0
310	335	0
311	335	-1
312	335	0
313	335	0
314	335	0
315	335	0
316	335	0
317	335	0
318	335	-1
319	335	0
320	335	-1
321	335	0
322	335	0
323	335	0
324	335	0
325	335	0
326	335	0
327	335	0
328	335	-1
329	335	0
330	335	-1
331	335	0
332	335	0
333	335	-1
334	335	0
335	335	-1
305	336	4
306	336	3
307	336	4
308	336	3
309	336	3
310	336	2
311	336	3
312	336	2
313	336	2
314	336	3
315	336	3
316	336	3
317	336	2
318	336	1
319	336	0
320	336	0
321	336	0
322	336	0
323	336	1
324	336	-1
325	336	-2
326	336	-3
327	336	-6
328	336	-3
329	336	-3
330	336	-2
331	336	1
332	336	2
333	336	3
334	336	3
335	336	2
336	336	3
306	337	0
307	337	-1
308	337	-3
309	337	-4
310	337	-4
311	337	-4
312	337	-3
313	337	-3
314	337	-4
315	337	-4
316	337	-4
317	337	-2
318	337	-1
319	337	1
320	337	0
321	337	0
322	337	1
323	337	0
324	337	2
325	337	3
326	337	2
327	337	2
328	337	0
329	337	0
330	337	1
331	337	2
332	337	2
333	337	2
334	337	2
335	337	1
336	337	2
337	337	2
307	338	2
308	338	1
309	338	1
310	338	2
311	338	1
312	338	0
313	338	-4
314	338	-5
315	338	-6
316	338	-3
317	338	-2
318	338	-1
319	338	0
320	338	-1
321	338	0
322	338	0
323	338	-1
324	338	1
325	338	2
326	338	3
327	338	5
328	338	3
329	338	1
330	338	-1
331	338	0
332	338	-1
333	338	0
334	338	-1
335	338	0
336	338	2
337	338	3
338	338	4
308	339	3
309	339	4
310	339	4
311	339	3
312	339	4
313	339	3
314	339	4
315	339	4
316	339	3
317	339	2
318	339	1
319	339	1
320	339	0
321	339	0
322	339	-1
323	339	1
324	339	-2
325	339	-2
326	339	-3
327	339	-3
328	339	-3
329	339	-4
330	339	-4
331	339	-6
332	339	-5
333	339	-4
334	339	-2
335	339	1
336	339	2
337	339	2
338	339	2
339	339	1
309	340	1
310	340	1
311	340	-1
312	340	-2
313	340	-5
314	340	-5
315	340	-5
316	340	-5
317	340	-3
318	340	-1
319	340	0
320	340	0
321	340	0
322	340	0
323	340	0
324	340	3
325	340	4
326	340	4
327	340	3
328	340	2
329	340	2
330	340	1
331	340	1
332	340	1
333	340	2
334	340	2
335	340	3
336	340	2
337	340	4
338	340	4
339	340	4
340	340	3
310	341	-2
311	341	-3
312	341	-3
313	341	-5
314	341	-5
315	341	-5
316	341	-5
317	341	-4
318	341	-2
319	341	0
320	341	-1
321	341	-1
322	341	1
323	341	0
324	341	1
325	341	2
326	341	2
327	341	1
328	341	0
329	341	1
330	341	1
331	341	1
332	341	1
333	341	2
334	341	2
335	341	2
336	341	3
337	341	4
338	341	4
339	341	2
340	341	0
341	341	-2
311	342	2
312	342	2
313	342	1
314	342	-1
315	342	-3
316	342	-2
317	342	2
318	342	1
319	342	-1
320	342	0
321	342	0
322	342	0
323	342	0
324	342	2
325	342	2
326	342	1
327	342	-1
328	342	-2
329	342	-4
330	342	-5
331	342	-5
332	342	-5
333	342	-5
334	342	-5
335	342	-4
336	342	-5
337	342	-4
338	342	0
339	342	2
340	342	3
341	342	3
342	342	2
312	343	0
313	343	0
314	343	0
315	343	0
316	343	0
317	343	-1
318	343	0
319	343	0
320	343	0
321	343	1
322	343	-1
323	343	0
324	343	0
325	343	-1
326	343	0
327	343	-1
328	343	-1
329	343	0
330	343	0
331	343	0
332	343	0
333	343	0
334	343	0
335	343	-1
336	343	-1
337	343	-1
338	343	0
339	343	0
340	343	0
341	343	0
342	343	0
343	343	0
313	344	1
314	344	2
315	344	3
316	344	5
317	344	4
318	344	1
319	344	0
320	344	0
321	344	0
322	344	0
323	344	-1
324	344	-1
325	344	-1
326	344	-1
327	344	-2
328	344	-4
329	344	-4
330	344	-5
331	344	-3
332	344	-3
333	344	-2
334	344	1
335	344	1
336	344	2
337	344	2
338	344	2
339	344	2
340	344	2
341	344	2
342	344	1
343	344	1
344	344	2
314	345	-5
315	345	-5
316	345	-4
317	345	-1
318	345	0
319	345	1
320	345	0
321	345	0
322	345	0
323	345	1
324	345	1
325	345	1
326	345	0
327	345	0
328	345	0
329	345	-2
330	345	-4
331	345	-5
332	345	-4
333	345	-5
334	345	-4
335	345	-4
336	345	-1
337	345	2
338	345	3
339	345	2
340	345	2
341	345	2
342	345	1
343	345	0
344	345	-2
345	345	-3
315	346	4
316	346	3
317	346	-1
318	346	0
319	346	1
320	346	0
321	346	0
322	346	-1
323	346	0
324	346	2
325	346	0
326	346	0
327	346	-1
328	346	1
329	346	3
330	346	3
331	346	4
332	346	4
333	346	2
334	346	-1
335	346	-5
336	346	-4
337	346	-2
338	346	0
339	346	1
340	346	1
341	346	0
342	346	-1
343	346	0
344	346	0
345	346	-1
346	346	2
316	347	0
317	347	-1
318	347	1
319	347	0
320	347	0
321	347	0
322	347	0
323	347	1
324	347	2
325	347	3
326	347	4
327	347	4
328	347	4
329	347	3
330	347	3
331	347	4
332	347	4
333	347	3
334	347	2
335	347	2
336	347	1
337	347	1
338	347	2
339	347	2
340	347	2
341	347	3
342	347	2
343	347	2
344	347	2
345	347	3
346	347	3
347	347	2
317	348	4
318	348	0
319	348	0
320	348	-1
321	348	0
322	348	1
323	348	1
324	348	2
325	348	0
326	348	-2
327	348	-5
328	348	-3
329	348	-2
330	348	0
331	348	2
332	348	3
333	348	2
334	348	3
335	348	2
336	348	1
337	348	1
338	348	1
339	348	1
340	348	2
341	348	3
342	348	3
343	348	2
344	348	2
345	348	3
346	348	4
347	348	5
348	348	5
318	349	-2
319	349	0
320	349	-1
321	349	0
322	349	-1
323	349	1
324	349	0
325	349	-1
326	349	-3
327	349	-6
328	349	-6
329	349	-2
330	349	-1
331	349	2
332	349	2
333	349	2
334	349	2
335	349	3
336	349	2
337	349	1
338	349	-2
339	349	-5
340	349	-5
341	349	-6
342	349	-6
343	349	-5
344	349	-6
345	349	-6
346	349	-5
347	349	-4
348	349	-2
349	349	-1
319	350	0
320	350	0
321	350	0
322	350	0
323	350	-1
324	350	2
325	350	1
326	350	1
327	350	0
328	350	2
329	350	3
330	350	4
331	350	4
332	350	4
333	350	4
334	350	2
335	350	2
336	350	1
337	350	1
338	350	0
339	350	1
340	350	1
341	350	2
342	350	2
343	350	2
344	350	1
345	350	2
346	350	2
347	350	4
348	350	3
349	350	4
350	350	2
320	351	0
321	351	-1
322	351	0
323	351	1
324	351	1
325	351	3
326	351	3
327	351	0
328	351	1
329	351	1
330	351	1
331	351	1
332	351	2
333	351	1
334	351	3
335	351	2
336	351	1
337	351	1
338	351	2
339	351	3
340	351	4
341	351	4
342	351	3
343	351	2
344	351	2
345	351	2
346	351	2
347	351	3
348	351	3
349	351	1
350	351	-1
351	351	0
321	352	0
322	352	0
323	352	0
324	352	2
325	352	2
326	352	2
327	352	2
328	352	1
329	352	0
330	352	1
331	352	2
332	352	2
333	352	2
334	352	3
335	352	4
336	352	4
337	352	4
338	352	4
339	352	3
340	352	2
341	352	1
342	352	0
343	352	-1
344	352	-2
345	352	-3
346	352	-4
347	352	-5
348	352	-5
349	352	-3
350	352	-1
351	352	0
352	352	0
322	353	0
323	353	1
324	353	3
325	353	2
326	353	1
327	353	0
328	353	1
329	353	1
330	353	2
331	353	2
332	353	3
333	353	3
334	353	3
335	353	2
336	353	2
337	353	4
338	353	3
339	353	3
340	353	2
341	353	3
342	353	1
343	353	1
344	353	1
345	353	-1
346	353	-2
347	353	-4
348	353	-4
349	353	-3
350	353	-1
351	353	0
352	353	0
353	353	-1
323	354	-1
324	354	2
325	354	2
326	354	3
327	354	6
328	354	5
329	354	5
330	354	6
331	354	5
332	354	5
333	354	5
334	354	4
335	354	2
336	354	2
337	354	-1
338	354	-2
339	354	-1
340	354	0
341	354	-1
342	354	0
343	354	0
344	354	0
345	354	1
346	354	0
347	354	-1
348	354	0
349	354	0
350	354	0
351	354	0
352	354	0
353	354	0
354	354	0
324	355	-1
325	355	-2
326	355	-4
327	355	-6
328	355	-4
329	355	-2
330	355	0
331	355	1
332	355	2
333	355	2
334	355	3
335	355	1
336	355	1
337	355	-2
338	355	-2
339	355	-1
340	355	-2
341	355	-1
342	355	0
343	355	1
344	355	2
345	355	3
346	355	5
347	355	6
348	355	7
349	355	5
350	355	2
351	355	0
352	355	-1
353	355	0
354	355	0
355	355	0
325	356	2
326	356	2
327	356	0
328	356	0
329	356	0
330	356	1
331	356	1
332	356	1
333	356	2
334	356	2
335	356	3
336	356	3
337	356	4
338	356	4
339	356	4
340	356	3
341	356	3
342	356	3
343	356	2
344	356	1
345	356	1
346	356	1
347	356	0
348	356	-1
349	356	1
350	356	2
351	356	0
352	356	0
353	356	0
354	356	1
355	356	0
356	356	0
326	357	0
327	357	0
328	357	-1
329	357	-2
330	357	-4
331	357	-4
332	357	-4
333	357	-3
334	357	-3
335	357	-3
336	357	-4
337	357	-2
338	357	0
339	357	2
340	357	3
341	357	3
342	357	3
343	357	3
344	357	4
345	357	4
346	357	4
347	357	5
348	357	5
349	357	4
350	357	1
351	357	0
352	357	0
353	357	-1
354	357	0
355	357	0
356	357	1
357	357	2
327	358	-3
328	358	-3
329	358	-5
330	358	-2
331	358	-1
332	358	1
333	358	2
334	358	3
335	358	2
336	358	0
337	358	-2
338	358	-4
339	358	-1
340	358	-1
341	358	-1
342	358	-2
343	358	-1
344	358	-2
345	358	0
346	358	4
347	358	7
348	358	6
349	358	4
350	358	2
351	358	0
352	358	0
353	358	0
354	358	0
355	358	-1
356	358	-1
357	358	-2
358	358	-3
328	359	6
329	359	4
330	359	3
331	359	3
332	359	2
333	359	3
334	359	2
335	359	1
336	359	1
337	359	-1
338	359	-3
339	359	-2
340	359	1
341	359	1
342	359	2
343	359	2
344	359	2
345	359	2
346	359	-3
347	359	-7
348	359	-5
349	359	-1
350	359	0
351	359	0
352	359	0
353	359	1
354	359	0
355	359	0
356	359	2
357	359	5
358	359	5
359	359	7
329	360	0
330	360	0
331	360	1
332	360	1
333	360	1
334	360	2
335	360	2
336	360	1
337	360	2
338	360	3
339	360	3
340	360	2
341	360	1
342	360	1
343	360	0
344	360	0
345	360	0
346	360	-1
347	360	-3
348	360	-3
349	360	-2
350	360	0
351	360	-1
352	360	0
353	360	-1
354	360	0
355	360	0
356	360	0
357	360	2
358	360	1
359	360	1
360	360	1
330	361	-1
331	361	-2
332	361	-2
333	361	-3
334	361	-3
335	361	-2
336	361	-2
337	361	-3
338	361	-2
339	361	-1
340	361	0
341	361	0
342	361	1
343	361	1
344	361	2
345	361	2
346	361	3
347	361	5
348	361	5
349	361	4
350	361	2
351	361	0
352	361	0
353	361	0
354	361	0
355	361	0
356	361	2
357	361	1
358	361	1
359	361	1
360	361	0
361	361	-2
331	362	2
332	362	2
333	362	2
334	362	3
335	362	3
336	362	3
337	362	2
338	362	2
339	362	2
340	362	2
341	362	2
342	362	1
343	362	1
344	362	1
345	362	0
346	362	0
347	362	-2
348	362	-3
349	362	0
350	362	0
351	362	0
352	362	-1
353	362	0
354	362	1
355	362	1
356	362	1
357	362	3
358	362	3
359	362	3
360	362	2
361	362	1
362	362	2
332	363	4
333	363	3
334	363	4
335	363	4
336	363	4
337	363	3
338	363	4
339	363	3
340	363	2
341	363	3
342	363	3
343	363	3
344	363	2
345	363	2
346	363	2
347	363	1
348	363	-2
349	363	-2
350	363	1
351	363	0
352	363	0
353	363	0
354	363	0
355	363	1
356	363	1
357	363	2
358	363	2
359	363	3
360	363	3
361	363	4
362	363	3
363	363	3
333	364	-1
334	364	-1
335	364	2
336	364	4
337	364	5
338	364	5
339	364	3
340	364	2
341	364	1
342	364	0
343	364	0
344	364	-1
345	364	-3
346	364	-6
347	364	-7
348	364	-6
349	364	-3
350	364	-2
351	364	0
352	364	0
353	364	0
354	364	0
355	364	1
356	364	0
357	364	2
358	364	1
359	364	1
360	364	-1
361	364	-1
362	364	-2
363	364	-1
364	364	-1
334	365	1
335	365	2
336	365	3
337	365	5
338	365	5
339	365	3
340	365	3
341	365	4
342	365	3
343	365	1
344	365	0
345	365	-2
346	365	-4
347	365	-6
348	365	-5
349	365	-3
350	365	-1
351	365	0
352	365	-1
353	365	0
354	365	-1
355	365	1
356	365	0
357	365	1
358	365	2
359	365	0
360	365	0
361	365	0
362	365	-1
363	365	-1
364	365	0
365	365	0
335	366	2
336	366	1
337	366	0
338	366	1
339	366	1
340	366	2
341	366	3
342	366	2
343	366	3
344	366	1
345	366	2
346	366	4
347	366	5
348	366	5
349	366	4
350	366	1
351	366	0
352	366	0
353	366	0
354	366	0
355	366	1
356	366	2
357	366	4
358	366	2
359	366	0
360	366	0
361	366	0
362	366	1
363	366	0
364	366	0
365	366	1
366	366	2
336	367	2
337	367	3
338	367	2
339	367	3
340	367	4
341	367	4
342	367	2
343	367	2
344	367	2
345	367	2
346	367	2
347	367	3
348	367	2
349	367	2
350	367	1
351	367	0
352	367	0
353	367	0
354	367	1
355	367	1
356	367	2
357	367	4
358	367	2
359	367	2
360	367	1
361	367	1
362	367	3
363	367	3
364	367	3
365	367	3
366	367	3
367	367	2
337	368	2
338	368	3
339	368	3
340	368	3
341	368	2
342	368	2
343	368	1
344	368	1
345	368	1
346	368	4
347	368	5
348	368	4
349	368	4
350	368	3
351	368	0
352	368	0
353	368	-1
354	368	0
355	368	0
356	368	-1
357	368	0
358	368	-3
359	368	-4
360	368	-3
361	368	-3
362	368	-1
363	368	1
364	368	1
365	368	2
366	368	2
367	368	2
368	368	2
338	369	-1
339	369	0
340	369	1
341	369	1
342	369	3
343	369	3
344	369	2
345	369	2
346	369	5
347	369	6
348	369	5
349	369	6
350	369	2
351	369	0
352	369	0
353	369	0
354	369	0
355	369	0
356	369	1
357	369	0
358	369	-1
359	369	-1
360	369	1
361	369	2
362	369	2
363	369	3
364	369	2
365	369	2
366	369	2
367	369	2
368	369	2
369	369	0
339	370	0
340	370	0
341	370	-1
342	370	-1
343	370	-1
344	370	0
345	370	2
346	370	5
347	370	7
348	370	6
349	370	4
350	370	1
351	370	0
352	370	0
353	370	0
354	370	0
355	370	0
356	370	-1
357	370	-2
358	370	-3
359	370	-4
360	370	-6
361	370	-6
362	370	-4
363	370	-1
364	370	3
365	370	4
366	370	4
367	370	3
368	370	1
369	370	0
370	370	-3
340	371	1
341	371	2
342	371	2
343	371	3
344	371	3
345	371	3
346	371	4
347	371	3
348	371	3
349	371	3
350	371	1
351	371	0
352	371	0
353	371	0
354	371	0
355	371	1
356	371	1
357	371	4
358	371	3
359	371	4
360	371	3
361	371	4
362	371	4
363	371	5
364	371	4
365	371	4
366	371	4
367	371	2
368	371	2
369	371	2
370	371	1
371	371	1
341	372	2
342	372	3
343	372	2
344	372	3
345	372	4
346	372	5
347	372	6
348	372	6
349	372	5
350	372	1
351	372	0
352	372	0
353	372	0
354	372	0
355	372	0
356	372	-1
357	372	-1
358	372	-1
359	372	0
360	372	-1
361	372	1
362	372	1
363	372	1
364	372	2
365	372	1
366	372	1
367	372	1
368	372	0
369	372	-1
370	372	-2
371	372	-1
372	372	-1
342	373	-4
343	373	-4
344	373	-4
345	373	-5
346	373	-6
347	373	-6
348	373	-5
349	373	-3
350	373	-2
351	373	0
352	373	0
353	373	-1
354	373	0
355	373	1
356	373	2
357	373	1
358	373	3
359	373	2
360	373	1
361	373	3
362	373	3
363	373	3
364	373	4
365	373	3
366	373	4
367	373	3
368	373	4
369	373	4
370	373	2
371	373	-4
372	373	-6
373	373	-5
343	374	2
344	374	1
345	374	2
346	374	1
347	374	-1
348	374	-1
349	374	-1
350	374	-1
351	374	0
352	374	0
353	374	0
354	374	0
355	374	1
356	374	2
357	374	2
358	374	2
359	374	2
360	374	2
361	374	2
362	374	1
363	374	1
364	374	1
365	374	2
366	374	2
367	374	1
368	374	2
369	374	1
370	374	1
371	374	2
372	374	3
373	374	4
374	374	4
344	375	0
345	375	0
346	375	5
347	375	6
348	375	5
349	375	4
350	375	1
351	375	0
352	375	0
353	375	0
354	375	0
355	375	1
356	375	1
357	375	3
358	375	1
359	375	-1
360	375	1
361	375	1
362	375	2
363	375	3
364	375	2
365	375	2
366	375	1
367	375	1
368	375	0
369	375	-1
370	375	-1
371	375	0
372	375	1
373	375	1
374	375	1
375	375	0
345	376	2
346	376	4
347	376	5
348	376	5
349	376	2
350	376	0
351	376	0
352	376	0
353	376	-1
354	376	1
355	376	0
356	376	2
357	376	2
358	376	0
359	376	-2
360	376	-1
361	376	0
362	376	1
363	376	2
364	376	1
365	376	2
366	376	2
367	376	1
368	376	1
369	376	0
370	376	-1
371	376	0
372	376	2
373	376	2
374	376	3
375	376	2
376	376	2
346	377	3
347	377	4
348	377	4
349	377	3
350	377	2
351	377	0
352	377	-1
353	377	-1
354	377	0
355	377	0
356	377	2
357	377	3
358	377	1
359	377	1
360	377	2
361	377	2
362	377	2
363	377	2
364	377	2
365	377	1
366	377	2
367	377	1
368	377	2
369	377	2
370	377	2
371	377	1
372	377	2
373	377	2
374	377	3
375	377	2
376	377	2
377	377	3
347	378	6
348	378	5
349	378	3
350	378	1
351	378	-1
352	378	-1
353	378	0
354	378	0
355	378	1
356	378	2
357	378	2
358	378	1
359	378	-1
360	378	1
361	378	1
362	378	2
363	378	2
364	378	2
365	378	2
366	378	3
367	378	1
368	378	1
369	378	-1
370	378	-1
371	378	0
372	378	2
373	378	3
374	378	2
375	378	3
376	378	2
377	378	3
378	378	5
348	379	-3
349	379	-1
350	379	0
351	379	0
352	379	-1
353	379	0
354	379	0
355	379	0
356	379	3
357	379	3
358	379	3
359	379	3
360	379	2
361	379	2
362	379	2
363	379	3
364	379	2
365	379	0
366	379	1
367	379	0
368	379	1
369	379	2
370	379	2
371	379	3
372	379	3
373	379	4
374	379	4
375	379	2
376	379	2
377	379	4
378	379	4
379	379	1
349	380	2
350	380	0
351	380	0
352	380	0
353	380	0
354	380	1
355	380	1
356	380	2
357	380	2
358	380	1
359	380	0
360	380	-2
361	380	-3
362	380	-6
363	380	-6
364	380	-6
365	380	-5
366	380	-4
367	380	-4
368	380	-2
369	380	2
370	380	4
371	380	4
372	380	4
373	380	3
374	380	2
375	380	1
376	380	2
377	380	2
378	380	2
379	380	4
380	380	4
350	381	2
351	381	0
352	381	0
353	381	0
354	381	0
355	381	-1
356	381	-1
357	381	1
358	381	0
359	381	-2
360	381	-4
361	381	-5
362	381	-6
363	381	-5
364	381	-5
365	381	-4
366	381	-4
367	381	-4
368	381	-3
369	381	-2
370	381	1
371	381	2
372	381	2
373	381	2
374	381	2
375	381	3
376	381	3
377	381	4
378	381	4
379	381	6
380	381	6
381	381	4
351	382	1
352	382	0
353	382	0
354	382	1
355	382	0
356	382	1
357	382	1
358	382	0
359	382	0
360	382	0
361	382	2
362	382	3
363	382	2
364	382	2
365	382	2
366	382	1
367	382	2
368	382	2
369	382	1
370	382	1
371	382	1
372	382	1
373	382	1
374	382	2
375	382	2
376	382	2
377	382	3
378	382	4
379	382	6
380	382	5
381	382	4
382	382	0
352	383	1
353	383	0
354	383	0
355	383	0
356	383	2
357	383	3
358	383	2
359	383	0
360	383	0
361	383	0
362	383	0
363	383	0
364	383	1
365	383	1
366	383	2
367	383	3
368	383	2
369	383	1
370	383	2
371	383	3
372	383	4
373	383	3
374	383	3
375	383	2
376	383	1
377	383	1
378	383	1
379	383	2
380	383	2
381	383	0
382	383	1
383	383	0
353	384	-1
354	384	0
355	384	1
356	384	2
357	384	2
358	384	2
359	384	1
360	384	1
361	384	1
362	384	0
363	384	1
364	384	1
365	384	2
366	384	3
367	384	3
368	384	3
369	384	5
370	384	4
371	384	3
372	384	2
373	384	1
374	384	-2
375	384	-3
376	384	-3
377	384	-2
378	384	-3
379	384	-4
380	384	-4
381	384	-2
382	384	0
383	384	0
384	384	0
354	385	0
355	385	1
356	385	2
357	385	2
358	385	2
359	385	2
360	385	0
361	385	0
362	385	0
363	385	1
364	385	2
365	385	2
366	385	2
367	385	2
368	385	1
369	385	2
370	385	1
371	385	2
372	385	2
373	385	2
374	385	2
375	385	1
376	385	0
377	385	0
378	385	-2
379	385	-5
380	385	-6
381	385	-3
382	385	0
383	385	0
384	385	0
385	385	0
355	386	0
356	386	0
357	386	0
358	386	0
359	386	0
360	386	0
361	386	-1
362	386	0
363	386	0
364	386	-1
365	386	0
366	386	-1
367	386	0
368	386	0
369	386	0
370	386	0
371	386	0
372	386	0
373	386	-1
374	386	0
375	386	0
376	386	-1
377	386	0
378	386	-1
379	386	0
380	386	0
381	386	-1
382	386	0
383	386	1
384	386	0
385	386	0
386	386	-1
356	387	2
357	387	4
358	387	2
359	387	1
360	387	0
361	387	0
362	387	1
363	387	1
364	387	2
365	387	2
366	387	2
367	387	2
368	387	2
369	387	2
370	387	1
371	387	1
372	387	2
373	387	2
374	387	2
375	387	1
376	387	1
377	387	2
378	387	4
379	387	5
380	387	5
381	387	2
382	387	0
383	387	-1
384	387	0
385	387	0
386	387	1
387	387	1
357	388	3
358	388	4
359	388	3
360	388	2
361	388	1
362	388	0
363	388	1
364	388	1
365	388	1
366	388	0
367	388	2
368	388	4
369	388	6
370	388	4
371	388	4
372	388	4
373	388	3
374	388	3
375	388	4
376	388	4
377	388	4
378	388	4
379	388	4
380	388	4
381	388	3
382	388	1
383	388	0
384	388	0
385	388	-1
386	388	0
387	388	0
388	388	2
358	389	2
359	389	3
360	389	2
361	389	1
362	389	2
363	389	2
364	389	1
365	389	2
366	389	2
367	389	2
368	389	1
369	389	1
370	389	2
371	389	2
372	389	4
373	389	3
374	389	3
375	389	2
376	389	3
377	389	3
378	389	2
379	389	1
380	389	-1
381	389	0
382	389	1
383	389	-1
384	389	0
385	389	0
386	389	0
387	389	1
388	389	2
389	389	2
359	390	3
360	390	2
361	390	1
362	390	2
363	390	1
364	390	1
365	390	1
366	390	2
367	390	1
368	390	1
369	390	2
370	390	2
371	390	2
372	390	3
373	390	2
374	390	2
375	390	1
376	390	1
377	390	1
378	390	-1
379	390	-3
380	390	-1
381	390	-1
382	390	1
383	390	1
384	390	1
385	390	0
386	390	0
387	390	1
388	390	2
389	390	2
390	390	3
360	391	1
361	391	0
362	391	-1
363	391	-1
364	391	0
365	391	-1
366	391	-1
367	391	-1
368	391	-1
369	391	2
370	391	4
371	391	5
372	391	5
373	391	3
374	391	1
375	391	-3
376	391	-6
377	391	-6
378	391	-6
379	391	-6
380	391	-4
381	391	-1
382	391	-1
383	391	0
384	391	0
385	391	0
386	391	1
387	391	0
388	391	2
389	391	3
390	391	4
391	391	1
361	392	-5
362	392	-2
363	392	2
364	392	3
365	392	2
366	392	4
367	392	3
368	392	1
369	392	0
370	392	-2
371	392	-6
372	392	-6
373	392	-6
374	392	-7
375	392	-6
376	392	-7
377	392	-7
378	392	-7
379	392	-6
380	392	-2
381	392	0
382	392	-1
383	392	0
384	392	0
385	392	-1
386	392	0
387	392	0
388	392	-1
389	392	-2
390	392	-3
391	392	-4
392	392	-6
362	393	-1
363	393	-1
364	393	0
365	393	1
366	393	0
367	393	1
368	393	2
369	393	2
370	393	2
371	393	3
372	393	4
373	393	4
374	393	4
375	393	2
376	393	2
377	393	2
378	393	3
379	393	1
380	393	-3
381	393	-1
382	393	0
383	393	0
384	393	0
385	393	0
386	393	0
387	393	0
388	393	2
389	393	3
390	393	3
391	393	1
392	393	-1
393	393	-1
363	394	3
364	394	3
365	394	3
366	394	4
367	394	3
368	394	2
369	394	0
370	394	-2
371	394	-5
372	394	-6
373	394	-6
374	394	-7
375	394	-7
376	394	-7
377	394	-7
378	394	-7
379	394	-7
380	394	-5
381	394	0
382	394	0
383	394	0
384	394	1
385	394	0
386	394	0
387	394	1
388	394	2
389	394	0
390	394	-2
391	394	-1
392	394	0
393	394	2
394	394	4
364	395	-1
365	395	-1
366	395	-1
367	395	0
368	395	0
369	395	-5
370	395	-5
371	395	1
372	395	4
373	395	6
374	395	5
375	395	4
376	395	1
377	395	-5
378	395	-7
379	395	-6
380	395	-3
381	395	-3
382	395	-1
383	395	1
384	395	0
385	395	0
386	395	0
387	395	0
388	395	-3
389	395	-2
390	395	-1
391	395	-1
392	395	0
393	395	-1
394	395	-1
395	395	-1
365	396	3
366	396	2
367	396	1
368	396	0
369	396	-4
370	396	-3
371	396	-1
372	396	-1
373	396	-2
374	396	-2
375	396	-2
376	396	-2
377	396	-1
378	396	3
379	396	7
380	396	7
381	396	3
382	396	-1
383	396	-1
384	396	-1
385	396	0
386	396	0
387	396	0
388	396	-1
389	396	-3
390	396	-5
391	396	-6
392	396	-7
393	396	-3
394	396	0
395	396	3
396	396	3
366	397	2
367	397	2
368	397	2
369	397	1
370	397	2
371	397	1
372	397	1
373	397	2
374	397	2
375	397	2
376	397	2
377	397	2
378	397	3
379	397	4
380	397	4
381	397	1
382	397	0
383	397	-1
384	397	0
385	397	0
386	397	0
387	397	0
388	397	2
389	397	1
390	397	0
391	397	1
392	397	0
393	397	1
394	397	1
395	397	2
396	397	1
397	397	2
367	398	2
368	398	1
369	398	0
370	398	0
371	398	1
372	398	3
373	398	3
374	398	3
375	398	2
376	398	1
377	398	2
378	398	2
379	398	5
380	398	4
381	398	2
382	398	0
383	398	0
384	398	0
385	398	1
386	398	0
387	398	0
388	398	3
389	398	3
390	398	3
391	398	1
392	398	1
393	398	0
394	398	0
395	398	1
396	398	2
397	398	3
398	398	4
368	399	2
369	399	3
370	399	3
371	399	3
372	399	4
373	399	3
374	399	2
375	399	2
376	399	2
377	399	3
378	399	3
379	399	4
380	399	5
381	399	2
382	399	1
383	399	0
384	399	0
385	399	0
386	399	0
387	399	1
388	399	3
389	399	2
390	399	2
391	399	3
392	399	2
393	399	1
394	399	2
395	399	2
396	399	2
397	399	3
398	399	3
399	399	2
369	400	2
370	400	2
371	400	0
372	400	0
373	400	1
374	400	1
375	400	1
376	400	1
377	400	0
378	400	2
379	400	6
380	400	6
381	400	5
382	400	1
383	400	0
384	400	0
385	400	0
386	400	0
387	400	0
388	400	1
389	400	1
390	400	-1
391	400	0
392	400	0
393	400	1
394	400	2
395	400	2
396	400	2
397	400	2
398	400	2
399	400	3
400	400	3
370	401	0
371	401	1
372	401	2
373	401	3
374	401	2
375	401	3
376	401	3
377	401	3
378	401	2
379	401	3
380	401	2
381	401	1
382	401	1
383	401	1
384	401	0
385	401	0
386	401	0
387	401	0
388	401	3
389	401	3
390	401	4
391	401	4
392	401	3
393	401	2
394	401	3
395	401	2
396	401	2
397	401	3
398	401	2
399	401	4
400	401	3
401	401	1
371	402	-1
372	402	-1
373	402	-1
374	402	-1
375	402	0
376	402	0
377	402	0
378	402	5
379	402	7
380	402	7
381	402	4
382	402	1
383	402	0
384	402	0
385	402	0
386	402	0
387	402	0
388	402	0
389	402	-2
390	402	-5
391	402	-4
392	402	-2
393	402	1
394	402	3
395	402	4
396	402	4
397	402	4
398	402	3
399	402	3
400	402	2
401	402	0
402	402	-1
372	403	1
373	403	2
374	403	2
375	403	3
376	403	4
377	403	3
378	403	6
379	403	7
380	403	7
381	403	3
382	403	1
383	403	0
384	403	0
385	403	1
386	403	0
387	403	0
388	403	3
389	403	4
390	403	2
391	403	3
392	403	2
393	403	3
394	403	4
395	403	3
396	403	3
397	403	4
398	403	3
399	403	2
400	403	2
401	403	1
402	403	-2
403	403	0
373	404	-5
374	404	-6
375	404	-6
376	404	-7
377	404	-7
378	404	-7
379	404	-7
380	404	-5
381	404	-1
382	404	1
383	404	0
384	404	0
385	404	0
386	404	0
387	404	1
388	404	2
389	404	0
390	404	0
391	404	1
392	404	3
393	404	4
394	404	4
395	404	4
396	404	4
397	404	3
398	404	5
399	404	3
400	404	3
401	404	1
402	404	-3
403	404	-6
404	404	-4
374	405	-4
375	405	-4
376	405	-3
377	405	-3
378	405	-4
379	405	-6
380	405	-5
381	405	-3
382	405	1
383	405	0
384	405	1
385	405	-1
386	405	0
387	405	1
388	405	2
389	405	2
390	405	3
391	405	1
392	405	2
393	405	2
394	405	3
395	405	2
396	405	2
397	405	2
398	405	2
399	405	2
400	405	5
401	405	6
402	405	5
403	405	1
404	405	-2
405	405	-3
375	406	3
376	406	3
377	406	4
378	406	5
379	406	5
380	406	2
381	406	1
382	406	0
383	406	-1
384	406	0
385	406	0
386	406	0
387	406	0
388	406	1
389	406	3
390	406	2
391	406	1
392	406	1
393	406	3
394	406	2
395	406	1
396	406	2
397	406	3
398	406	1
399	406	2
400	406	1
401	406	1
402	406	0
403	406	1
404	406	2
405	406	4
406	406	4
376	407	0
377	407	1
378	407	5
379	407	7
380	407	6
381	407	4
382	407	0
383	407	1
384	407	1
385	407	0
386	407	0
387	407	-1
388	407	-1
389	407	-3
390	407	-5
391	407	-3
392	407	-1
393	407	2
394	407	3
395	407	3
396	407	4
397	407	3
398	407	4
399	407	4
400	407	3
401	407	0
402	407	-1
403	407	0
404	407	-1
405	407	0
406	407	0
407	407	-1
377	408	-4
378	408	-5
379	408	-4
380	408	0
381	408	1
382	408	0
383	408	1
384	408	0
385	408	0
386	408	0
387	408	0
388	408	-1
389	408	-1
390	408	-4
391	408	0
392	408	-1
393	408	0
394	408	2
395	408	2
396	408	1
397	408	1
398	408	2
399	408	1
400	408	0
401	408	-3
402	408	-7
403	408	-6
404	408	-5
405	408	-5
406	408	-6
407	408	-5
408	408	-7
378	409	5
379	409	6
380	409	6
381	409	5
382	409	2
383	409	0
384	409	0
385	409	0
386	409	0
387	409	1
388	409	2
389	409	2
390	409	0
391	409	1
392	409	2
393	409	2
394	409	2
395	409	1
396	409	2
397	409	2
398	409	2
399	409	2
400	409	2
401	409	-1
402	409	-1
403	409	0
404	409	1
405	409	1
406	409	2
407	409	2
408	409	2
409	409	2
379	410	-3
380	410	-1
381	410	0
382	410	0
383	410	0
384	410	0
385	410	0
386	410	-1
387	410	0
388	410	1
389	410	-1
390	410	-3
391	410	-2
392	410	-3
393	410	-2
394	410	1
395	410	2
396	410	1
397	410	3
398	410	3
399	410	1
400	410	0
401	410	-2
402	410	-4
403	410	-5
404	410	-5
405	410	-5
406	410	-6
407	410	-5
408	410	-6
409	410	-6
410	410	-7
380	411	5
381	411	4
382	411	1
383	411	-1
384	411	1
385	411	1
386	411	0
387	411	1
388	411	2
389	411	4
390	411	4
391	411	3
392	411	0
393	411	1
394	411	1
395	411	1
396	411	1
397	411	0
398	411	0
399	411	1
400	411	5
401	411	5
402	411	4
403	411	3
404	411	2
405	411	2
406	411	3
407	411	3
408	411	3
409	411	5
410	411	5
411	411	7
381	412	0
382	412	0
383	412	0
384	412	0
385	412	0
386	412	0
387	412	0
388	412	0
389	412	-1
390	412	-2
391	412	0
392	412	3
393	412	3
394	412	4
395	412	3
396	412	4
397	412	3
398	412	2
399	412	3
400	412	2
401	412	0
402	412	-1
403	412	-1
404	412	-1
405	412	-1
406	412	0
407	412	0
408	412	1
409	412	2
410	412	3
411	412	2
412	412	-1
382	413	-1
383	413	-1
384	413	0
385	413	0
386	413	0
387	413	0
388	413	-2
389	413	-2
390	413	-2
391	413	-1
392	413	2
393	413	2
394	413	2
395	413	1
396	413	2
397	413	1
398	413	0
399	413	1
400	413	1
401	413	0
402	413	-2
403	413	-1
404	413	0
405	413	3
406	413	4
407	413	4
408	413	4
409	413	5
410	413	5
411	413	3
412	413	0
413	413	-1
383	414	0
384	414	0
385	414	0
386	414	0
387	414	1
388	414	1
389	414	3
390	414	3
391	414	1
392	414	-1
393	414	-1
394	414	0
395	414	0
396	414	0
397	414	0
398	414	1
399	414	2
400	414	3
401	414	4
402	414	4
403	414	4
404	414	2
405	414	2
406	414	3
407	414	4
408	414	3
409	414	4
410	414	4
411	414	4
412	414	6
413	414	4
414	414	0
384	415	0
385	415	0
386	415	0
387	415	1
388	415	4
389	415	2
390	415	0
391	415	0
392	415	1
393	415	0
394	415	0
395	415	0
396	415	2
397	415	3
398	415	3
399	415	3
400	415	1
401	415	-2
402	415	-2
403	415	0
404	415	3
405	415	3
406	415	3
407	415	2
408	415	1
409	415	1
410	415	-1
411	415	-1
412	415	-2
413	415	-2
414	415	-1
415	415	1
385	416	0
386	416	0
387	416	-1
388	416	0
389	416	-3
390	416	-3
391	416	-4
392	416	-4
393	416	-2
394	416	0
395	416	2
396	416	3
397	416	3
398	416	3
399	416	3
400	416	-2
401	416	-5
402	416	-3
403	416	0
404	416	1
405	416	0
406	416	-1
407	416	0
408	416	-1
409	416	-1
410	416	-2
411	416	-3
412	416	-3
413	416	-2
414	416	0
415	416	0
416	416	0
386	417	1
387	417	0
388	417	3
389	417	2
390	417	2
391	417	0
392	417	1
393	417	0
394	417	1
395	417	1
396	417	1
397	417	2
398	417	2
399	417	0
400	417	0
401	417	-3
402	417	-2
403	417	1
404	417	2
405	417	2
406	417	3
407	417	2
408	417	3
409	417	3
410	417	0
411	417	-4
412	417	-5
413	417	-4
414	417	-1
415	417	0
416	417	0
417	417	0
387	418	1
388	418	3
389	418	1
390	418	0
391	418	1
392	418	2
393	418	1
394	418	1
395	418	2
396	418	3
397	418	3
398	418	2
399	418	2
400	418	0
401	418	-3
402	418	-2
403	418	1
404	418	2
405	418	2
406	418	2
407	418	1
408	418	0
409	418	-1
410	418	-3
411	418	-5
412	418	-4
413	418	-3
414	418	-1
415	418	0
416	418	0
417	418	0
418	418	0
388	419	-1
389	419	-3
390	419	-4
391	419	-4
392	419	-2
393	419	1
394	419	2
395	419	3
396	419	3
397	419	2
398	419	3
399	419	2
400	419	1
401	419	-2
402	419	-2
403	419	0
404	419	0
405	419	-1
406	419	-1
407	419	-1
408	419	0
409	419	1
410	419	6
411	419	7
412	419	7
413	419	5
414	419	0
415	419	0
416	419	0
417	419	0
418	419	0
419	419	0
389	420	4
390	420	5
391	420	2
392	420	-1
393	420	-2
394	420	-2
395	420	-2
396	420	-2
397	420	-2
398	420	-2
399	420	1
400	420	4
401	420	6
402	420	5
403	420	5
404	420	4
405	420	4
406	420	3
407	420	2
408	420	2
409	420	1
410	420	-1
411	420	-2
412	420	1
413	420	0
414	420	1
415	420	0
416	420	1
417	420	1
418	420	0
419	420	1
420	420	2
390	421	-2
391	421	0
392	421	2
393	421	3
394	421	2
395	421	1
396	421	1
397	421	1
398	421	0
399	421	0
400	421	1
401	421	1
402	421	-1
403	421	-1
404	421	0
405	421	2
406	421	3
407	421	4
408	421	5
409	421	5
410	421	6
411	421	5
412	421	4
413	421	2
414	421	0
415	421	0
416	421	0
417	421	0
418	421	0
419	421	0
420	421	-2
421	421	-2
391	422	2
392	422	1
393	422	0
394	422	0
395	422	-1
396	422	0
397	422	1
398	422	0
399	422	0
400	422	1
401	422	2
402	422	4
403	422	5
404	422	4
405	422	3
406	422	3
407	422	2
408	422	2
409	422	1
410	422	-3
411	422	-5
412	422	-2
413	422	-2
414	422	-1
415	422	0
416	422	0
417	422	0
418	422	-1
419	422	1
420	422	2
421	422	4
422	422	4
392	423	-1
393	423	-2
394	423	-2
395	423	-1
396	423	-2
397	423	-1
398	423	-1
399	423	-1
400	423	2
401	423	3
402	423	4
403	423	5
404	423	4
405	423	3
406	423	2
407	423	-2
408	423	-3
409	423	-4
410	423	-7
411	423	-7
412	423	-6
413	423	-2
414	423	1
415	423	1
416	423	0
417	423	1
418	423	0
419	423	1
420	423	2
421	423	4
422	423	4
423	423	0
393	424	-2
394	424	-1
395	424	0
396	424	0
397	424	1
398	424	0
399	424	1
400	424	2
401	424	3
402	424	5
403	424	5
404	424	4
405	424	0
406	424	-1
407	424	-3
408	424	-2
409	424	-1
410	424	-1
411	424	3
412	424	6
413	424	4
414	424	1
415	424	0
416	424	-1
417	424	0
418	424	0
419	424	1
420	424	3
421	424	4
422	424	2
423	424	1
424	424	-1
394	425	1
395	425	1
396	425	1
397	425	3
398	425	3
399	425	5
400	425	5
401	425	5
402	425	3
403	425	2
404	425	0
405	425	-1
406	425	0
407	425	-1
408	425	-1
409	425	0
410	425	-2
411	425	-3
412	425	-2
413	425	-2
414	425	-1
415	425	0
416	425	0
417	425	-1
418	425	0
419	425	1
420	425	2
421	425	4
422	425	0
423	425	1
424	425	0
425	425	2
395	426	0
396	426	-1
397	426	-2
398	426	-1
399	426	0
400	426	4
401	426	6
402	426	5
403	426	5
404	426	3
405	426	3
406	426	1
407	426	3
408	426	4
409	426	5
410	426	7
411	426	5
412	426	3
413	426	2
414	426	1
415	426	0
416	426	0
417	426	0
418	426	0
419	426	1
420	426	3
421	426	5
422	426	4
423	426	2
424	426	-1
425	426	0
426	426	0
396	427	4
397	427	4
398	427	3
399	427	2
400	427	3
401	427	4
402	427	2
403	427	0
404	427	0
405	427	0
406	427	0
407	427	-1
408	427	2
409	427	3
410	427	6
411	427	7
412	427	7
413	427	5
414	427	2
415	427	0
416	427	0
417	427	-1
418	427	0
419	427	0
420	427	3
421	427	3
422	427	1
423	427	3
424	427	3
425	427	5
426	427	6
427	427	5
397	428	1
398	428	-1
399	428	-2
400	428	1
401	428	3
402	428	4
403	428	4
404	428	4
405	428	4
406	428	5
407	428	4
408	428	4
409	428	3
410	428	-3
411	428	-7
412	428	-7
413	428	-4
414	428	-1
415	428	0
416	428	0
417	428	0
418	428	1
419	428	0
420	428	3
421	428	4
422	428	5
423	428	3
424	428	1
425	428	0
426	428	-1
427	428	-1
428	428	-1
398	429	3
399	429	2
400	429	3
401	429	1
402	429	1
403	429	2
404	429	2
405	429	2
406	429	2
407	429	2
408	429	2
409	429	2
410	429	2
411	429	4
412	429	6
413	429	3
414	429	0
415	429	-1
416	429	0
417	429	-1
418	429	0
419	429	1
420	429	2
421	429	2
422	429	2
423	429	2
424	429	1
425	429	2
426	429	2
427	429	3
428	429	3
429	429	3
399	430	2
400	430	0
401	430	-3
402	430	-3
403	430	-1
404	430	0
405	430	1
406	430	0
407	430	0
408	430	1
409	430	2
410	430	1
411	430	-2
412	430	-3
413	430	-4
414	430	-1
415	430	0
416	430	0
417	430	0
418	430	1
419	430	0
420	430	0
421	430	-1
422	430	-2
423	430	-1
424	430	1
425	430	0
426	430	1
427	430	2
428	430	3
429	430	3
430	430	3
400	431	7
401	431	4
402	431	1
403	431	0
404	431	-1
405	431	1
406	431	2
407	431	2
408	431	2
409	431	3
410	431	3
411	431	6
412	431	5
413	431	1
414	431	0
415	431	0
416	431	0
417	431	0
418	431	0
419	431	0
420	431	3
421	431	3
422	431	3
423	431	3
424	431	4
425	431	4
426	431	5
427	431	4
428	431	4
429	431	4
430	431	4
431	431	6
401	432	2
402	432	0
403	432	0
404	432	1
405	432	2
406	432	2
407	432	2
408	432	2
409	432	3
410	432	4
411	432	5
412	432	4
413	432	1
414	432	0
415	432	0
416	432	1
417	432	0
418	432	0
419	432	0
420	432	-1
421	432	0
422	432	0
423	432	1
424	432	1
425	432	2
426	432	2
427	432	3
428	432	2
429	432	2
430	432	2
431	432	3
432	432	3
402	433	0
403	433	2
404	433	3
405	433	4
406	433	3
407	433	3
408	433	3
409	433	2
410	433	4
411	433	5
412	433	5
413	433	3
414	433	0
415	433	-1
416	433	-1
417	433	0
418	433	1
419	433	0
420	433	0
421	433	0
422	433	0
423	433	2
424	433	2
425	433	2
426	433	2
427	433	2
428	433	3
429	433	4
430	433	4
431	433	4
432	433	3
433	433	1
403	434	4
404	434	4
405	434	3
406	434	3
407	434	2
408	434	-2
409	434	-5
410	434	-7
411	434	-7
412	434	-4
413	434	-1
414	434	0
415	434	1
416	434	0
417	434	0
418	434	0
419	434	0
420	434	1
421	434	3
422	434	4
423	434	2
424	434	0
425	434	-1
426	434	-2
427	434	-1
428	434	-1
429	434	-1
430	434	-1
431	434	-2
432	434	-1
433	434	2
434	434	3
404	435	1
405	435	1
406	435	1
407	435	2
408	435	2
409	435	2
410	435	3
411	435	4
412	435	-1
413	435	-1
414	435	0
415	435	0
416	435	0
417	435	0
418	435	0
419	435	0
420	435	-2
421	435	-3
422	435	-4
423	435	-3
424	435	-1
425	435	1
426	435	2
427	435	2
428	435	3
429	435	2
430	435	1
431	435	1
432	435	0
433	435	-1
434	435	-1
435	435	-1
405	436	3
406	436	3
407	436	3
408	436	2
409	436	0
410	436	-6
411	436	-7
412	436	-6
413	436	-2
414	436	-1
415	436	0
416	436	0
417	436	0
418	436	0
419	436	0
420	436	2
421	436	2
422	436	2
423	436	1
424	436	2
425	436	1
426	436	1
427	436	1
428	436	1
429	436	0
430	436	0
431	436	-1
432	436	0
433	436	2
434	436	4
435	436	2
436	436	2
406	437	1
407	437	2
408	437	2
409	437	2
410	437	0
411	437	-2
412	437	-3
413	437	-1
414	437	1
415	437	0
416	437	0
417	437	-1
418	437	0
419	437	0
420	437	2
421	437	3
422	437	3
423	437	2
424	437	0
425	437	1
426	437	-1
427	437	-1
428	437	-2
429	437	-3
430	437	-2
431	437	-2
432	437	2
433	437	4
434	437	4
435	437	3
436	437	2
437	437	2
407	438	3
408	438	3
409	438	4
410	438	5
411	438	7
412	438	3
413	438	0
414	438	0
415	438	-1
416	438	0
417	438	0
418	438	1
419	438	1
420	438	0
421	438	0
422	438	0
423	438	2
424	438	2
425	438	3
426	438	5
427	438	4
428	438	4
429	438	2
430	438	3
431	438	4
432	438	5
433	438	3
434	438	2
435	438	0
436	438	1
437	438	0
438	438	1
408	439	3
409	439	1
410	439	-3
411	439	-7
412	439	-4
413	439	-1
414	439	0
415	439	0
416	439	-1
417	439	0
418	439	0
419	439	0
420	439	0
421	439	3
422	439	1
423	439	-3
424	439	-5
425	439	-5
426	439	-5
427	439	-6
428	439	-5
429	439	-5
430	439	-5
431	439	-6
432	439	-5
433	439	-1
434	439	1
435	439	2
436	439	3
437	439	2
438	439	2
439	439	2
409	440	1
410	440	2
411	440	5
412	440	7
413	440	3
414	440	0
415	440	0
416	440	0
417	440	0
418	440	0
419	440	0
420	440	0
421	440	-1
422	440	-3
423	440	-1
424	440	0
425	440	0
426	440	2
427	440	1
428	440	2
429	440	3
430	440	3
431	440	3
432	440	2
433	440	1
434	440	1
435	440	1
436	440	2
437	440	1
438	440	1
439	440	0
440	440	-1
410	441	2
411	441	1
412	441	3
413	441	1
414	441	1
415	441	0
416	441	1
417	441	-1
418	441	0
419	441	0
420	441	1
421	441	1
422	441	1
423	441	-3
424	441	-5
425	441	-4
426	441	-5
427	441	-4
428	441	-4
429	441	-4
430	441	-4
431	441	-4
432	441	-1
433	441	2
434	441	3
435	441	3
436	441	2
437	441	2
438	441	3
439	441	3
440	441	3
441	441	2
411	442	2
412	442	0
413	442	0
414	442	0
415	442	0
416	442	0
417	442	0
418	442	0
419	442	0
420	442	2
421	442	2
422	442	1
423	442	1
424	442	4
425	442	3
426	442	4
427	442	3
428	442	3
429	442	3
430	442	2
431	442	1
432	442	-1
433	442	-1
434	442	0
435	442	1
436	442	1
437	442	2
438	442	2
439	442	2
440	442	3
441	442	3
442	442	3
412	443	-3
413	443	-2
414	443	-1
415	443	-1
416	443	0
417	443	0
418	443	1
419	443	0
420	443	-2
421	443	-1
422	443	-1
423	443	0
424	443	1
425	443	0
426	443	1
427	443	2
428	443	3
429	443	2
430	443	1
431	443	0
432	443	-1
433	443	2
434	443	4
435	443	3
436	443	2
437	443	1
438	443	1
439	443	0
440	443	-2
441	443	-2
442	443	-4
443	443	-5
413	444	3
414	444	1
415	444	0
416	444	0
417	444	1
418	444	0
419	444	0
420	444	1
421	444	1
422	444	-1
423	444	-4
424	444	-6
425	444	-5
426	444	-7
427	444	-6
428	444	-5
429	444	-5
430	444	-5
431	444	-6
432	444	-2
433	444	0
434	444	2
435	444	2
436	444	2
437	444	2
438	444	3
439	444	3
440	444	3
441	444	1
442	444	1
443	444	2
444	444	4
414	445	-1
415	445	1
416	445	0
417	445	0
418	445	1
419	445	1
420	445	1
421	445	1
422	445	1
423	445	1
424	445	2
425	445	2
426	445	1
427	445	1
428	445	2
429	445	1
430	445	1
431	445	0
432	445	0
433	445	-1
434	445	-1
435	445	0
436	445	2
437	445	2
438	445	3
439	445	5
440	445	5
441	445	6
442	445	6
443	445	2
444	445	-1
445	445	0
415	446	0
416	446	0
417	446	0
418	446	0
419	446	1
420	446	2
421	446	4
422	446	3
423	446	3
424	446	2
425	446	2
426	446	3
427	446	3
428	446	2
429	446	2
430	446	1
431	446	4
432	446	6
433	446	5
434	446	6
435	446	5
436	446	3
437	446	1
438	446	0
439	446	1
440	446	1
441	446	1
442	446	0
443	446	0
444	446	3
445	446	2
446	446	1
416	447	-1
417	447	0
418	447	0
419	447	1
420	447	3
421	447	2
422	447	1
423	447	1
424	447	2
425	447	2
426	447	3
427	447	3
428	447	2
429	447	3
430	447	3
431	447	1
432	447	0
433	447	-2
434	447	-1
435	447	1
436	447	3
437	447	5
438	447	3
439	447	3
440	447	3
441	447	2
442	447	1
443	447	0
444	447	-2
445	447	-1
446	447	0
447	447	-1
417	448	0
418	448	0
419	448	0
420	448	0
421	448	2
422	448	0
423	448	-2
424	448	-4
425	448	-5
426	448	-7
427	448	-4
428	448	-3
429	448	-2
430	448	-3
431	448	-3
432	448	-4
433	448	-4
434	448	-2
435	448	-1
436	448	1
437	448	1
438	448	3
439	448	3
440	448	2
441	448	3
442	448	3
443	448	3
444	448	3
445	448	1
446	448	-1
447	448	0
448	448	1
418	449	0
419	449	0
420	449	1
421	449	2
422	449	2
423	449	3
424	449	0
425	449	1
426	449	2
427	449	3
428	449	4
429	449	5
430	449	5
431	449	4
432	449	4
433	449	3
434	449	5
435	449	4
436	449	2
437	449	-1
438	449	-3
439	449	-5
440	449	-6
441	449	-7
442	449	-7
443	449	-6
444	449	1
445	449	1
446	449	0
447	449	0
448	449	0
449	449	0
419	450	0
420	450	1
421	450	0
422	450	0
423	450	-2
424	450	-4
425	450	-4
426	450	-5
427	450	-4
428	450	-4
429	450	-4
430	450	-4
431	450	-3
432	450	2
433	450	3
434	450	3
435	450	2
436	450	2
437	450	3
438	450	4
439	450	4
440	450	4
441	450	3
442	450	4
443	450	4
444	450	4
445	450	1
446	450	1
447	450	-1
448	450	0
449	450	0
450	450	0
420	451	3
421	451	3
422	451	2
423	451	1
424	451	2
425	451	2
426	451	3
427	451	2
428	451	1
429	451	1
430	451	1
431	451	1
432	451	1
433	451	0
434	451	-1
435	451	-2
436	451	0
437	451	1
438	451	1
439	451	2
440	451	4
441	451	4
442	451	4
443	451	3
444	451	1
445	451	0
446	451	0
447	451	-1
448	451	1
449	451	0
450	451	1
451	451	1
421	452	3
422	452	3
423	452	-1
424	452	-5
425	452	-5
426	452	-7
427	452	-7
428	452	-6
429	452	-5
430	452	-4
431	452	-5
432	452	-1
433	452	2
434	452	2
435	452	3
436	452	3
437	452	2
438	452	3
439	452	4
440	452	1
441	452	0
442	452	0
443	452	0
444	452	2
445	452	0
446	452	1
447	452	0
448	452	0
449	452	0
450	452	0
451	452	0
452	452	1
422	453	1
423	453	1
424	453	2
425	453	2
426	453	2
427	453	2
428	453	2
429	453	1
430	453	2
431	453	3
432	453	2
433	453	1
434	453	1
435	453	2
436	453	3
437	453	3
438	453	4
439	453	6
440	453	7
441	453	7
442	453	6
443	453	4
444	453	-2
445	453	-2
446	453	-1
447	453	0
448	453	0
449	453	0
450	453	0
451	453	-1
452	453	0
453	453	0
423	454	-3
424	454	1
425	454	3
426	454	5
427	454	4
428	454	3
429	454	1
430	454	1
431	454	1
432	454	2
433	454	0
434	454	-1
435	454	-1
436	454	-1
437	454	-1
438	454	0
439	454	1
440	454	3
441	454	3
442	454	6
443	454	7
444	454	2
445	454	1
446	454	0
447	454	0
448	454	0
449	454	0
450	454	0
451	454	-1
452	454	-2
453	454	-3
454	454	-3
424	455	1
425	455	-1
426	455	0
427	455	1
428	455	1
429	455	1
430	455	0
431	455	-1
432	455	-2
433	455	0
434	455	3
435	455	4
436	455	3
437	455	2
438	455	3
439	455	2
440	455	0
441	455	-2
442	455	-5
443	455	-7
444	455	-5
445	455	-2
446	455	2
447	455	0
448	455	1
449	455	-1
450	455	0
451	455	1
452	455	3
453	455	3
454	455	1
455	455	2
425	456	2
426	456	3
427	456	4
428	456	2
429	456	2
430	456	1
431	456	1
432	456	1
433	456	0
434	456	0
435	456	0
436	456	1
437	456	1
438	456	0
439	456	2
440	456	3
441	456	4
442	456	3
443	456	2
444	456	-3
445	456	-2
446	456	-1
447	456	1
448	456	0
449	456	0
450	456	0
451	456	-1
452	456	-1
453	456	-1
454	456	-1
455	456	1
456	456	3
426	457	1
427	457	2
428	457	2
429	457	3
430	457	4
431	457	5
432	457	4
433	457	3
434	457	1
435	457	-1
436	457	-3
437	457	-3
438	457	-5
439	457	-5
440	457	-7
441	457	-7
442	457	-7
443	457	-6
444	457	0
445	457	2
446	457	1
447	457	0
448	457	-1
449	457	0
450	457	0
451	457	0
452	457	-2
453	457	-3
454	457	-1
455	457	-1
456	457	2
457	457	3
427	458	2
428	458	1
429	458	0
430	458	0
431	458	1
432	458	3
433	458	4
434	458	3
435	458	3
436	458	2
437	458	3
438	458	3
439	458	6
440	458	6
441	458	7
442	458	4
443	458	3
444	458	0
445	458	0
446	458	-1
447	458	1
448	458	0
449	458	0
450	458	0
451	458	0
452	458	2
453	458	2
454	458	4
455	458	4
456	458	3
457	458	2
458	458	3
428	459	3
429	459	3
430	459	3
431	459	2
432	459	3
433	459	1
434	459	-2
435	459	-4
436	459	-4
437	459	-4
438	459	-5
439	459	-6
440	459	-7
441	459	-7
442	459	-7
443	459	-7
444	459	-3
445	459	1
446	459	1
447	459	-1
448	459	0
449	459	-1
450	459	0
451	459	1
452	459	3
453	459	2
454	459	2
455	459	2
456	459	3
457	459	4
458	459	4
459	459	3
429	460	3
430	460	2
431	460	2
432	460	2
433	460	0
434	460	-1
435	460	0
436	460	0
437	460	0
438	460	0
439	460	0
440	460	0
441	460	-1
442	460	2
443	460	5
444	460	4
445	460	1
446	460	0
447	460	0
448	460	0
449	460	0
450	460	0
451	460	-1
452	460	-2
453	460	-3
454	460	-4
455	460	-1
456	460	3
457	460	4
458	460	4
459	460	2
460	460	2
430	461	4
431	461	5
432	461	2
433	461	-1
434	461	-1
435	461	2
436	461	1
437	461	-1
438	461	-2
439	461	-3
440	461	-3
441	461	-3
442	461	-3
443	461	-3
444	461	-1
445	461	0
446	461	1
447	461	1
448	461	-1
449	461	0
450	461	0
451	461	1
452	461	0
453	461	-1
454	461	-2
455	461	-4
456	461	-2
457	461	0
458	461	1
459	461	3
460	461	4
461	461	5
431	462	5
432	462	5
433	462	3
434	462	-1
435	462	-3
436	462	-2
437	462	-1
438	462	-2
439	462	-1
440	462	-2
441	462	-1
442	462	-1
443	462	2
444	462	3
445	462	3
446	462	1
447	462	0
448	462	-1
449	462	0
450	462	0
451	462	0
452	462	3
453	462	3
454	462	3
455	462	3
456	462	4
457	462	4
458	462	4
459	462	4
460	462	4
461	462	4
462	462	3
432	463	7
433	463	5
434	463	0
435	463	-1
436	463	0
437	463	1
438	463	2
439	463	3
440	463	3
441	463	3
442	463	4
443	463	6
444	463	2
445	463	1
446	463	-1
447	463	0
448	463	0
449	463	0
450	463	0
451	463	-1
452	463	-1
453	463	-1
454	463	1
455	463	4
456	463	6
457	463	7
458	463	7
459	463	5
460	463	5
461	463	5
462	463	5
463	463	5
433	464	0
434	464	1
435	464	1
436	464	2
437	464	2
438	464	2
439	464	2
440	464	1
441	464	2
442	464	1
443	464	2
444	464	1
445	464	1
446	464	0
447	464	1
448	464	0
449	464	0
450	464	1
451	464	1
452	464	2
453	464	1
454	464	1
455	464	-1
456	464	-3
457	464	-5
458	464	-5
459	464	-3
460	464	-3
461	464	-3
462	464	-4
463	464	-3
464	464	0
434	465	0
435	465	-3
436	465	-4
437	465	-3
438	465	-3
439	465	-2
440	465	-2
441	465	-1
442	465	1
443	465	2
444	465	1
445	465	1
446	465	0
447	465	1
448	465	0
449	465	-1
450	465	-1
451	465	0
452	465	-1
453	465	-2
454	465	-2
455	465	-2
456	465	-2
457	465	0
458	465	0
459	465	-1
460	465	0
461	465	2
462	465	3
463	465	3
464	465	3
465	465	0
435	466	2
436	466	2
437	466	3
438	466	4
439	466	4
440	466	4
441	466	0
442	466	-4
443	466	-7
444	466	-4
445	466	0
446	466	2
447	466	0
448	466	0
449	466	0
450	466	0
451	466	0
452	466	2
453	466	3
454	466	3
455	466	3
456	466	0
457	466	-2
458	466	-1
459	466	1
460	466	0
461	466	-1
462	466	-2
463	466	-2
464	466	1
465	466	3
466	466	3
436	467	-1
437	467	-1
438	467	-1
439	467	-1
440	467	-1
441	467	-2
442	467	0
443	467	0
444	467	-1
445	467	-1
446	467	0
447	467	-1
448	467	-1
449	467	0
450	467	-1
451	467	0
452	467	-2
453	467	-3
454	467	-4
455	467	-5
456	467	-6
457	467	-1
458	467	1
459	467	2
460	467	1
461	467	2
462	467	4
463	467	5
464	467	4
465	467	1
466	467	0
467	467	1
437	468	0
438	468	-2
439	468	-2
440	468	-2
441	468	0
442	468	1
443	468	3
444	468	3
445	468	1
446	468	0
447	468	-1
448	468	0
449	468	0
450	468	0
451	468	1
452	468	-1
453	468	0
454	468	-1
455	468	-1
456	468	-2
457	468	0
458	468	-1
459	468	0
460	468	1
461	468	2
462	468	4
463	468	4
464	468	2
465	468	-3
466	468	-3
467	468	-1
468	468	-1
438	469	2
439	469	1
440	469	-1
441	469	0
442	469	-1
443	469	1
444	469	2
445	469	3
446	469	-1
447	469	1
448	469	-1
449	469	0
450	469	0
451	469	-1
452	469	-3
453	469	-3
454	469	-1
455	469	-1
456	469	2
457	469	1
458	469	2
459	469	1
460	469	2
461	469	2
462	469	3
463	469	2
464	469	1
465	469	-1
466	469	-1
467	469	1
468	469	1
469	469	2
439	470	3
440	470	5
441	470	4
442	470	2
443	470	-1
444	470	-5
445	470	-3
446	470	0
447	470	-1
448	470	0
449	470	0
450	470	0
451	470	0
452	470	3
453	470	3
454	470	2
455	470	3
456	470	3
457	470	4
458	470	5
459	470	3
460	470	2
461	470	2
462	470	1
463	470	-2
464	470	-2
465	470	0
466	470	1
467	470	4
468	470	4
469	470	3
470	470	2
440	471	2
441	471	1
442	471	0
443	471	-4
444	471	-1
445	471	0
446	471	-1
447	471	0
448	471	0
449	471	0
450	471	0
451	471	1
452	471	1
453	471	1
454	471	-1
455	471	-2
456	471	-4
457	471	-4
458	471	-4
459	471	-5
460	471	-4
461	471	-5
462	471	-6
463	471	-5
464	471	-4
465	471	-1
466	471	2
467	471	3
468	471	3
469	471	2
470	471	2
471	471	2
441	472	-3
442	472	-4
443	472	-2
444	472	4
445	472	3
446	472	1
447	472	1
448	472	0
449	472	0
450	472	0
451	472	-1
452	472	-3
453	472	-2
454	472	2
455	472	3
456	472	2
457	472	2
458	472	2
459	472	2
460	472	2
461	472	4
462	472	4
463	472	3
464	472	3
465	472	4
466	472	3
467	472	4
468	472	4
469	472	4
470	472	1
471	472	0
472	472	-2
442	473	-1
443	473	0
444	473	2
445	473	0
446	473	1
447	473	0
448	473	0
449	473	0
450	473	1
451	473	0
452	473	0
453	473	0
454	473	-1
455	473	-1
456	473	-1
457	473	-2
458	473	-3
459	473	-3
460	473	-2
461	473	-3
462	473	-3
463	473	0
464	473	2
465	473	3
466	473	3
467	473	2
468	473	1
469	473	2
470	473	0
471	473	0
472	473	-1
473	473	0
443	474	5
444	474	5
445	474	4
446	474	0
447	474	0
448	474	0
449	474	0
450	474	0
451	474	0
452	474	-2
453	474	-3
454	474	-3
455	474	-1
456	474	2
457	474	4
458	474	4
459	474	3
460	474	3
461	474	4
462	474	3
463	474	4
464	474	5
465	474	5
466	474	3
467	474	0
468	474	-2
469	474	-1
470	474	-2
471	474	-1
472	474	-1
473	474	-2
474	474	-1
444	475	-4
445	475	-2
446	475	-1
447	475	0
448	475	0
449	475	0
450	475	0
451	475	1
452	475	1
453	475	2
454	475	0
455	475	0
456	475	1
457	475	0
458	475	1
459	475	3
460	475	2
461	475	4
462	475	3
463	475	0
464	475	-3
465	475	-4
466	475	0
467	475	3
468	475	2
469	475	2
470	475	1
471	475	1
472	475	0
473	475	0
474	475	-3
475	475	-4
445	476	-1
446	476	-1
447	476	0
448	476	0
449	476	0
450	476	0
451	476	0
452	476	-1
453	476	0
454	476	3
455	476	5
456	476	6
457	476	6
458	476	5
459	476	4
460	476	3
461	476	2
462	476	2
463	476	1
464	476	1
465	476	1
466	476	2
467	476	3
468	476	2
469	476	2
470	476	2
471	476	5
472	476	5
473	476	4
474	476	3
475	476	1
476	476	-1
446	477	1
447	477	0
448	477	0
449	477	0
450	477	1
451	477	0
452	477	-3
453	477	-3
454	477	-4
455	477	-2
456	477	0
457	477	3
458	477	3
459	477	2
460	477	2
461	477	2
462	477	2
463	477	3
464	477	4
465	477	3
466	477	2
467	477	-2
468	477	-2
469	477	-1
470	477	-2
471	477	-1
472	477	-1
473	477	-2
474	477	1
475	477	2
476	477	-1
477	477	-2
447	478	1
448	478	0
449	478	0
450	478	0
451	478	1
452	478	2
453	478	3
454	478	0
455	478	0
456	478	0
457	478	1
458	478	2
459	478	4
460	478	3
461	478	3
462	478	1
463	478	-2
464	478	-4
465	478	-3
466	478	2
467	478	5
468	478	3
469	478	1
470	478	-1
471	478	0
472	478	1
473	478	1
474	478	-1
475	478	-4
476	478	-3
477	478	-3
478	478	-1
448	479	1
449	479	0
450	479	0
451	479	2
452	479	3
453	479	4
454	479	1
455	479	2
456	479	2
457	479	3
458	479	3
459	479	4
460	479	3
461	479	3
462	479	3
463	479	0
464	479	-2
465	479	-4
466	479	-2
467	479	2
468	479	3
469	479	2
470	479	1
471	479	1
472	479	3
473	479	3
474	479	2
475	479	1
476	479	-2
477	479	-2
478	479	0
479	479	0
449	480	0
450	480	0
451	480	0
452	480	-1
453	480	-2
454	480	-1
455	480	0
456	480	-2
457	480	-2
458	480	-3
459	480	-3
460	480	-2
461	480	0
462	480	3
463	480	4
464	480	5
465	480	5
466	480	3
467	480	0
468	480	1
469	480	1
470	480	2
471	480	2
472	480	1
473	480	0
474	480	1
475	480	3
476	480	2
477	480	2
478	480	-1
479	480	0
480	480	0
450	481	0
451	481	0
452	481	-2
453	481	-2
454	481	-4
455	481	-2
456	481	0
457	481	0
458	481	1
459	481	0
460	481	1
461	481	1
462	481	2
463	481	5
464	481	5
465	481	5
466	481	4
467	481	2
468	481	-1
469	481	-2
470	481	-2
471	481	-4
472	481	-4
473	481	-5
474	481	-5
475	481	-4
476	481	-2
477	481	1
478	481	-1
479	481	0
480	481	0
481	481	0
451	482	1
452	482	3
453	482	3
454	482	2
455	482	3
456	482	3
457	482	6
458	482	6
459	482	4
460	482	3
461	482	3
462	482	3
463	482	1
464	482	-1
465	482	-1
466	482	0
467	482	3
468	482	2
469	482	2
470	482	0
471	482	2
472	482	2
473	482	4
474	482	4
475	482	1
476	482	-3
477	482	-4
478	482	-2
479	482	0
480	482	0
481	482	0
482	482	0
452	483	-2
453	483	-3
454	483	-4
455	483	-3
456	483	-2
457	483	-2
458	483	-1
459	483	-2
460	483	0
461	483	1
462	483	3
463	483	4
464	483	5
465	483	5
466	483	3
467	483	2
468	483	0
469	483	0
470	483	-2
471	483	-2
472	483	-3
473	483	-3
474	483	-1
475	483	-1
476	483	-1
477	483	0
478	483	-1
479	483	-1
480	483	0
481	483	0
482	483	0
483	483	1
453	484	-2
454	484	-1
455	484	-1
456	484	-1
457	484	-2
458	484	-2
459	484	-1
460	484	0
461	484	0
462	484	1
463	484	4
464	484	3
465	484	2
466	484	3
467	484	3
468	484	1
469	484	0
470	484	-2
471	484	-2
472	484	-2
473	484	-1
474	484	-1
475	484	-1
476	484	-1
477	484	-1
478	484	-1
479	484	0
480	484	0
481	484	-1
482	484	0
483	484	0
484	484	-1
454	485	0
455	485	1
456	485	3
457	485	4
458	485	4
459	485	3
460	485	3
461	485	2
462	485	4
463	485	3
464	485	2
465	485	1
466	485	1
467	485	3
468	485	2
469	485	2
470	485	3
471	485	4
472	485	7
473	485	7
474	485	7
475	485	5
476	485	-1
477	485	-2
478	485	-1
479	485	0
480	485	0
481	485	0
482	485	0
483	485	0
484	485	-1
485	485	-2
455	486	-2
456	486	2
457	486	3
458	486	4
459	486	3
460	486	2
461	486	2
462	486	2
463	486	0
464	486	-2
465	486	-4
466	486	-2
467	486	0
468	486	-1
469	486	-2
470	486	-1
471	486	0
472	486	1
473	486	1
474	486	2
475	486	1
476	486	-2
477	486	-3
478	486	-2
479	486	-1
480	486	0
481	486	-1
482	486	0
483	486	0
484	486	1
485	486	0
486	486	-2
456	487	0
457	487	0
458	487	2
459	487	3
460	487	3
461	487	1
462	487	0
463	487	-1
464	487	-2
465	487	0
466	487	4
467	487	5
468	487	3
469	487	2
470	487	3
471	487	3
472	487	2
473	487	-1
474	487	-4
475	487	-6
476	487	-3
477	487	1
478	487	1
479	487	0
480	487	0
481	487	0
482	487	-1
483	487	0
484	487	0
485	487	0
486	487	1
487	487	3
457	488	3
458	488	3
459	488	2
460	488	2
461	488	2
462	488	1
463	488	2
464	488	4
465	488	5
466	488	5
467	488	5
468	488	4
469	488	3
470	488	2
471	488	0
472	488	-1
473	488	-3
474	488	-5
475	488	-7
476	488	-2
477	488	0
478	488	-1
479	488	0
480	488	1
481	488	0
482	488	0
483	488	1
484	488	-1
485	488	0
486	488	2
487	488	5
488	488	3
458	489	1
459	489	0
460	489	-1
461	489	-1
462	489	-1
463	489	-1
464	489	-1
465	489	-3
466	489	-4
467	489	-5
468	489	-5
469	489	-3
470	489	2
471	489	5
472	489	7
473	489	7
474	489	7
475	489	4
476	489	1
477	489	0
478	489	0
479	489	0
480	489	0
481	489	0
482	489	0
483	489	0
484	489	-1
485	489	-1
486	489	-1
487	489	3
488	489	3
489	489	3
459	490	-2
460	490	-2
461	490	-1
462	490	1
463	490	1
464	490	2
465	490	-2
466	490	-3
467	490	-3
468	490	0
469	490	2
470	490	4
471	490	3
472	490	3
473	490	4
474	490	5
475	490	6
476	490	4
477	490	4
478	490	1
479	490	0
480	490	-1
481	490	0
482	490	0
483	490	0
484	490	1
485	490	-1
486	490	-3
487	490	-4
488	490	-5
489	490	-4
490	490	-3
460	491	2
461	491	4
462	491	5
463	491	5
464	491	3
465	491	1
466	491	2
467	491	4
468	491	4
469	491	3
470	491	4
471	491	2
472	491	0
473	491	0
474	491	-1
475	491	-4
476	491	-4
477	491	-4
478	491	-1
479	491	0
480	491	0
481	491	0
482	491	0
483	491	0
484	491	-1
485	491	-2
486	491	1
487	491	2
488	491	3
489	491	3
490	491	3
491	491	3
461	492	0
462	492	-1
463	492	0
464	492	-1
465	492	-1
466	492	0
467	492	0
468	492	0
469	492	-1
470	492	0
471	492	-1
472	492	0
473	492	0
474	492	0
475	492	-1
476	492	0
477	492	0
478	492	0
479	492	0
480	492	0
481	492	-1
482	492	0
483	492	0
484	492	0
485	492	0
486	492	0
487	492	-1
488	492	0
489	492	0
490	492	0
491	492	0
492	492	0
462	493	5
463	493	5
464	493	0
465	493	-3
466	493	-2
467	493	0
468	493	-1
469	493	-1
470	493	0
471	493	0
472	493	0
473	493	0
474	493	1
475	493	1
476	493	-3
477	493	-3
478	493	-1
479	493	0
480	493	1
481	493	0
482	493	0
483	493	0
484	493	0
485	493	0
486	493	-2
487	493	-2
488	493	1
489	493	1
490	493	2
491	493	2
492	493	3
493	493	4
463	494	4
464	494	4
465	494	4
466	494	4
467	494	4
468	494	2
469	494	0
470	494	-1
471	494	-1
472	494	-2
473	494	-2
474	494	-3
475	494	-3
476	494	-1
477	494	1
478	494	0
479	494	0
480	494	0
481	494	0
482	494	0
483	494	0
484	494	1
485	494	2
486	494	1
487	494	2
488	494	2
489	494	1
490	494	1
491	494	1
492	494	0
493	494	0
494	494	1
464	495	7
465	495	4
466	495	1
467	495	1
468	495	1
469	495	1
470	495	2
471	495	1
472	495	3
473	495	2
474	495	3
475	495	2
476	495	-2
477	495	-2
478	495	-1
479	495	-1
480	495	0
481	495	0
482	495	0
483	495	-1
484	495	-2
485	495	-2
486	495	-1
487	495	3
488	495	5
489	495	6
490	495	5
491	495	5
492	495	5
493	495	4
494	495	4
495	495	4
465	496	-1
466	496	0
467	496	3
468	496	2
469	496	1
470	496	0
471	496	0
472	496	1
473	496	2
474	496	2
475	496	0
476	496	-2
477	496	-3
478	496	-2
479	496	0
480	496	0
481	496	-1
482	496	-1
483	496	-1
484	496	1
485	496	-1
486	496	-1
487	496	2
488	496	3
489	496	3
490	496	4
491	496	3
492	496	3
493	496	3
494	496	3
495	496	1
496	496	0
466	497	5
467	497	5
468	497	3
469	497	1
470	497	1
471	497	3
472	497	5
473	497	5
474	497	3
475	497	0
476	497	-1
477	497	-2
478	497	1
479	497	0
480	497	-1
481	497	0
482	497	0
483	497	-1
484	497	1
485	497	1
486	497	1
487	497	3
488	497	2
489	497	2
490	497	1
491	497	2
492	497	0
493	497	-1
494	497	-3
495	497	-3
496	497	2
497	497	4
467	498	-2
468	498	-2
469	498	-2
470	498	-1
471	498	0
472	498	0
473	498	1
474	498	2
475	498	4
476	498	1
477	498	-2
478	498	-2
479	498	0
480	498	0
481	498	0
482	498	0
483	498	-1
484	498	0
485	498	-2
486	498	-3
487	498	-1
488	498	3
489	498	3
490	498	3
491	498	2
492	498	2
493	498	2
494	498	3
495	498	3
496	498	1
497	498	-1
498	498	-1
468	499	-1
469	499	0
470	499	1
471	499	3
472	499	3
473	499	3
474	499	4
475	499	3
476	499	-1
477	499	-3
478	499	-3
479	499	0
480	499	-1
481	499	0
482	499	0
483	499	0
484	499	-1
485	499	-2
486	499	-1
487	499	1
488	499	2
489	499	4
490	499	3
491	499	3
492	499	2
493	499	4
494	499	5
495	499	6
496	499	4
497	499	1
498	499	1
499	499	0
469	500	-2
470	500	-2
471	500	-3
472	500	-3
473	500	-2
474	500	0
475	500	2
476	500	-1
477	500	-2
478	500	-2
479	500	0
480	500	0
481	500	0
482	500	0
483	500	0
484	500	0
485	500	-1
486	500	-1
487	500	-1
488	500	1
489	500	2
490	500	3
491	500	2
492	500	2
493	500	3
494	500	3
495	500	3
496	500	-1
497	500	-4
498	500	-3
499	500	-2
500	500	-1
470	501	2
471	501	0
472	501	-1
473	501	-3
474	501	-5
475	501	-4
476	501	-1
477	501	1
478	501	-2
479	501	0
480	501	1
481	501	0
482	501	0
483	501	-1
484	501	-2
485	501	-2
486	501	0
487	501	2
488	501	3
489	501	2
490	501	3
491	501	2
492	501	2
493	501	4
494	501	4
495	501	4
496	501	1
497	501	-1
498	501	0
499	501	1
500	501	2
501	501	2
471	502	3
472	502	4
473	502	3
474	502	4
475	502	3
476	502	2
477	502	1
478	502	0
479	502	0
480	502	-1
481	502	0
482	502	0
483	502	1
484	502	-3
485	502	-2
486	502	1
487	502	-1
488	502	-1
489	502	-1
490	502	-1
491	502	0
492	502	-1
493	502	-1
494	502	-1
495	502	3
496	502	4
497	502	5
498	502	3
499	502	1
500	502	0
501	502	0
502	502	2
472	503	0
473	503	0
474	503	0
475	503	-1
476	503	-3
477	503	-3
478	503	-2
479	503	1
480	503	0
481	503	0
482	503	0
483	503	-1
484	503	-2
485	503	-2
486	503	-1
487	503	2
488	503	5
489	503	5
490	503	4
491	503	3
492	503	3
493	503	3
494	503	3
495	503	3
496	503	0
497	503	-1
498	503	0
499	503	1
500	503	2
501	503	1
502	503	1
503	503	1
473	504	-1
474	504	-1
475	504	0
476	504	-2
477	504	-1
478	504	-1
479	504	0
480	504	0
481	504	1
482	504	0
483	504	-1
484	504	1
485	504	0
486	504	-1
487	504	-1
488	504	0
489	504	2
490	504	2
491	504	2
492	504	2
493	504	3
494	504	4
495	504	3
496	504	-2
497	504	-4
498	504	-3
499	504	-1
500	504	0
501	504	0
502	504	0
503	504	-1
504	504	-1
474	505	-1
475	505	0
476	505	-3
477	505	-3
478	505	-2
479	505	0
480	505	0
481	505	0
482	505	0
483	505	0
484	505	-2
485	505	-1
486	505	-1
487	505	1
488	505	3
489	505	2
490	505	3
491	505	3
492	505	3
493	505	4
494	505	4
495	505	5
496	505	0
497	505	-1
498	505	0
499	505	0
500	505	1
501	505	-1
502	505	0
503	505	1
504	505	1
505	505	1
475	506	1
476	506	1
477	506	1
478	506	0
479	506	0
480	506	0
481	506	0
482	506	0
483	506	0
484	506	0
485	506	0
486	506	0
487	506	-2
488	506	-3
489	506	-3
490	506	-3
491	506	-2
492	506	-3
493	506	-2
494	506	-1
495	506	0
496	506	-1
497	506	0
498	506	0
499	506	0
500	506	0
501	506	0
502	506	1
503	506	1
504	506	2
505	506	2
506	506	2
476	507	-3
477	507	-1
478	507	-1
479	507	0
480	507	0
481	507	0
482	507	0
483	507	0
484	507	-2
485	507	-2
486	507	0
487	507	3
488	507	3
489	507	2
490	507	3
491	507	4
492	507	3
493	507	1
494	507	-1
495	507	0
496	507	4
497	507	5
498	507	4
499	507	4
500	507	2
501	507	2
502	507	2
503	507	1
504	507	0
505	507	-2
506	507	-5
507	507	-5
477	508	-3
478	508	-2
479	508	0
480	508	0
481	508	0
482	508	0
483	508	-1
484	508	-1
485	508	-3
486	508	0
487	508	2
488	508	5
489	508	4
490	508	4
491	508	2
492	508	2
493	508	2
494	508	3
495	508	3
496	508	2
497	508	1
498	508	2
499	508	2
500	508	2
501	508	2
502	508	4
503	508	5
504	508	5
505	508	6
506	508	5
507	508	3
508	508	-2
478	509	0
479	509	1
480	509	0
481	509	0
482	509	0
483	509	-1
484	509	2
485	509	2
486	509	1
487	509	2
488	509	2
489	509	2
490	509	2
491	509	3
492	509	2
493	509	1
494	509	-1
495	509	-3
496	509	-2
497	509	3
498	509	4
499	509	5
500	509	3
501	509	2
502	509	1
503	509	3
504	509	4
505	509	3
506	509	1
507	509	-1
508	509	-1
509	509	-1
479	510	0
480	510	0
481	510	0
482	510	0
483	510	1
484	510	-2
485	510	-3
486	510	-3
487	510	-2
488	510	1
489	510	1
490	510	2
491	510	3
492	510	3
493	510	4
494	510	5
495	510	6
496	510	5
497	510	4
498	510	4
499	510	2
500	510	1
501	510	0
502	510	0
503	510	-1
504	510	0
505	510	0
506	510	1
507	510	-1
508	510	0
509	510	-1
510	510	-1
480	511	0
481	511	0
482	511	1
483	511	0
484	511	-2
485	511	-3
486	511	0
487	511	-1
488	511	0
489	511	-1
490	511	-2
491	511	-2
492	511	-1
493	511	-1
494	511	2
495	511	4
496	511	5
497	511	5
498	511	4
499	511	3
500	511	2
501	511	1
502	511	1
503	511	2
504	511	2
505	511	2
506	511	3
507	511	2
508	511	3
509	511	0
510	511	1
511	511	0
481	512	0
482	512	0
483	512	-1
484	512	-1
485	512	-2
486	512	-4
487	512	-2
488	512	1
489	512	2
490	512	2
491	512	3
492	512	3
493	512	4
494	512	5
495	512	5
496	512	3
497	512	-1
498	512	-1
499	512	0
500	512	0
501	512	-1
502	512	-1
503	512	-1
504	512	0
505	512	1
506	512	2
507	512	1
508	512	-3
509	512	-3
510	512	-1
511	512	0
512	512	0
482	513	-1
483	513	0
484	513	-1
485	513	-2
486	513	-1
487	513	0
488	513	2
489	513	0
490	513	0
491	513	0
492	513	0
493	513	1
494	513	2
495	513	4
496	513	5
497	513	3
498	513	3
499	513	1
500	513	-1
501	513	0
502	513	1
503	513	0
504	513	-1
505	513	-2
506	513	-1
507	513	-3
508	513	-1
509	513	1
510	513	-1
511	513	0
512	513	-1
513	513	-1
483	514	0
484	514	2
485	514	3
486	514	0
487	514	3
488	514	3
489	514	3
490	514	3
491	514	2
492	514	1
493	514	1
494	514	0
495	514	-1
496	514	-2
497	514	-1
498	514	2
499	514	3
500	514	3
501	514	2
502	514	2
503	514	2
504	514	3
505	514	2
506	514	0
507	514	-2
508	514	-2
509	514	-1
510	514	0
511	514	0
512	514	0
513	514	0
514	514	1
484	515	-2
485	515	-3
486	515	-3
487	515	-1
488	515	1
489	515	0
490	515	1
491	515	1
492	515	2
493	515	2
494	515	3
495	515	4
496	515	5
497	515	4
498	515	4
499	515	3
500	515	2
501	515	2
502	515	-1
503	515	-2
504	515	-3
505	515	-2
506	515	-2
507	515	-3
508	515	-2
509	515	-2
510	515	-1
511	515	0
512	515	0
513	515	-1
514	515	0
515	515	0
485	516	-2
486	516	-4
487	516	-1
488	516	3
489	516	4
490	516	3
491	516	4
492	516	4
493	516	4
494	516	4
495	516	3
496	516	1
497	516	0
498	516	1
499	516	3
500	516	2
501	516	2
502	516	2
503	516	2
504	516	3
505	516	3
506	516	3
507	516	1
508	516	-3
509	516	-3
510	516	-1
511	516	0
512	516	0
513	516	0
514	516	0
515	516	1
516	516	-1
486	517	-2
487	517	0
488	517	3
489	517	3
490	517	3
491	517	2
492	517	2
493	517	2
494	517	3
495	517	4
496	517	1
497	517	-1
498	517	0
499	517	0
500	517	-1
501	517	-1
502	517	1
503	517	2
504	517	3
505	517	5
506	517	5
507	517	4
508	517	0
509	517	-2
510	517	-1
511	517	0
512	517	0
513	517	0
514	517	1
515	517	-1
516	517	-1
517	517	-2
487	518	-2
488	518	1
489	518	2
490	518	2
491	518	2
492	518	3
493	518	3
494	518	3
495	518	1
496	518	-3
497	518	-3
498	518	-1
499	518	1
500	518	0
501	518	-1
502	518	-1
503	518	0
504	518	2
505	518	4
506	518	3
507	518	2
508	518	-1
509	518	-3
510	518	-1
511	518	0
512	518	0
513	518	0
514	518	-1
515	518	0
516	518	0
517	518	0
518	518	-1
488	519	2
489	519	3
490	519	2
491	519	2
492	519	2
493	519	2
494	519	2
495	519	3
496	519	2
497	519	-2
498	519	-4
499	519	-4
500	519	-5
501	519	-4
502	519	-4
503	519	-2
504	519	-1
505	519	2
506	519	4
507	519	5
508	519	0
509	519	-3
510	519	-2
511	519	0
512	519	0
513	519	0
514	519	0
515	519	0
516	519	0
517	519	-2
518	519	-3
519	519	-1
489	520	2
490	520	2
491	520	2
492	520	2
493	520	1
494	520	2
495	520	3
496	520	3
497	520	3
498	520	4
499	520	3
500	520	3
501	520	3
502	520	1
503	520	0
504	520	-2
505	520	-3
506	520	-4
507	520	-5
508	520	-3
509	520	-1
510	520	-1
511	520	0
512	520	0
513	520	0
514	520	0
515	520	0
516	520	0
517	520	-1
518	520	2
519	520	3
520	520	1
490	521	3
491	521	3
492	521	2
493	521	2
494	521	1
495	521	-3
496	521	-4
497	521	-4
498	521	-3
499	521	2
500	521	4
501	521	3
502	521	2
503	521	2
504	521	2
505	521	2
506	521	2
507	521	2
508	521	0
509	521	-1
510	521	0
511	521	-1
512	521	0
513	521	0
514	521	0
515	521	0
516	521	2
517	521	3
518	521	0
519	521	2
520	521	4
521	521	4
491	522	1
492	522	-1
493	522	-2
494	522	-3
495	522	-3
496	522	3
497	522	4
498	522	6
499	522	4
500	522	1
501	522	-1
502	522	2
503	522	4
504	522	4
505	522	4
506	522	4
507	522	1
508	522	-1
509	522	-3
510	522	-1
511	522	0
512	522	0
513	522	0
514	522	0
515	522	-1
516	522	0
517	522	0
518	522	1
519	522	1
520	522	2
521	522	0
522	522	0
492	523	-2
493	523	-4
494	523	-6
495	523	-4
496	523	1
497	523	3
498	523	3
499	523	2
500	523	-1
501	523	-1
502	523	0
503	523	1
504	523	4
505	523	4
506	523	2
507	523	4
508	523	4
509	523	4
510	523	2
511	523	0
512	523	-1
513	523	0
514	523	0
515	523	0
516	523	0
517	523	2
518	523	-3
519	523	-4
520	523	-6
521	523	-6
522	523	-6
523	523	-5
493	524	-3
494	524	-4
495	524	-3
496	524	1
497	524	2
498	524	3
499	524	4
500	524	4
501	524	3
502	524	1
503	524	1
504	524	0
505	524	-1
506	524	-2
507	524	-2
508	524	2
509	524	3
510	524	1
511	524	0
512	524	1
513	524	-1
514	524	1
515	524	-1
516	524	1
517	524	2
518	524	1
519	524	2
520	524	-2
521	524	-3
522	524	-3
523	524	-2
524	524	-2
494	525	6
495	525	4
496	525	-2
497	525	-3
498	525	-2
499	525	-1
500	525	-1
501	525	-1
502	525	0
503	525	0
504	525	1
505	525	2
506	525	3
507	525	4
508	525	1
509	525	-1
510	525	0
511	525	0
512	525	0
513	525	0
514	525	0
515	525	1
516	525	0
517	525	0
518	525	-2
519	525	0
520	525	3
521	525	3
522	525	4
523	525	3
524	525	3
525	525	3
495	526	3
496	526	4
497	526	4
498	526	3
499	526	4
500	526	1
501	526	1
502	526	1
503	526	1
504	526	1
505	526	0
506	526	-1
507	526	-2
508	526	-2
509	526	-3
510	526	-2
511	526	0
512	526	0
513	526	0
514	526	0
515	526	1
516	526	1
517	526	0
518	526	1
519	526	0
520	526	-1
521	526	-1
522	526	-3
523	526	-3
524	526	-3
525	526	-4
526	526	-3
496	527	4
497	527	2
498	527	1
499	527	1
500	527	0
501	527	1
502	527	3
503	527	3
504	527	4
505	527	4
506	527	5
507	527	1
508	527	-2
509	527	-3
510	527	-1
511	527	0
512	527	0
513	527	0
514	527	0
515	527	0
516	527	-1
517	527	-3
518	527	0
519	527	3
520	527	5
521	527	5
522	527	3
523	527	3
524	527	2
525	527	2
526	527	3
527	527	3
497	528	1
498	528	0
499	528	2
500	528	2
501	528	3
502	528	4
503	528	3
504	528	3
505	528	2
506	528	2
507	528	2
508	528	2
509	528	2
510	528	0
511	528	0
512	528	0
513	528	0
514	528	0
515	528	0
516	528	1
517	528	1
518	528	2
519	528	-2
520	528	-5
521	528	-4
522	528	-5
523	528	-3
524	528	-3
525	528	-4
526	528	-5
527	528	-1
528	528	2
498	529	2
499	529	4
500	529	3
501	529	2
502	529	2
503	529	2
504	529	1
505	529	1
506	529	-2
507	529	-3
508	529	-4
509	529	-3
510	529	-2
511	529	0
512	529	0
513	529	1
514	529	0
515	529	-1
516	529	0
517	529	-2
518	529	0
519	529	4
520	529	3
521	529	3
522	529	2
523	529	2
524	529	3
525	529	2
526	529	2
527	529	1
528	529	-1
529	529	-1
499	530	4
500	530	5
501	530	4
502	530	3
503	530	1
504	530	0
505	530	-3
506	530	-5
507	530	-5
508	530	-2
509	530	1
510	530	2
511	530	-1
512	530	0
513	530	0
514	530	0
515	530	0
516	530	0
517	530	1
518	530	3
519	530	3
520	530	0
521	530	0
522	530	0
523	530	1
524	530	-1
525	530	-3
526	530	-3
527	530	-1
528	530	2
529	530	3
530	530	4
500	531	1
501	531	1
502	531	1
503	531	1
504	531	-1
505	531	-1
506	531	-2
507	531	-1
508	531	0
509	531	1
510	531	1
511	531	0
512	531	0
513	531	0
514	531	-1
515	531	0
516	531	-1
517	531	-2
518	531	0
519	531	0
520	531	-1
521	531	-1
522	531	-1
523	531	-1
524	531	-2
525	531	-3
526	531	-2
527	531	0
528	531	2
529	531	3
530	531	2
531	531	1
501	532	-1
502	532	-1
503	532	0
504	532	1
505	532	2
506	532	2
507	532	2
508	532	0
509	532	-2
510	532	0
511	532	0
512	532	0
513	532	0
514	532	0
515	532	0
516	532	0
517	532	-2
518	532	-1
519	532	-1
520	532	1
521	532	2
522	532	2
523	532	3
524	532	3
525	532	3
526	532	5
527	532	5
528	532	3
529	532	3
530	532	3
531	532	1
532	532	-1
502	533	-1
503	533	-2
504	533	-5
505	533	-4
506	533	-3
507	533	-2
508	533	0
509	533	1
510	533	0
511	533	0
512	533	0
513	533	-1
514	533	1
515	533	0
516	533	-1
517	533	-1
518	533	0
519	533	0
520	533	1
521	533	1
522	533	1
523	533	2
524	533	2
525	533	4
526	533	4
527	533	5
528	533	2
529	533	0
530	533	0
531	533	2
532	533	2
533	533	1
503	534	1
504	534	2
505	534	4
506	534	3
507	534	1
508	534	-1
509	534	-3
510	534	-1
511	534	0
512	534	0
513	534	0
514	534	1
515	534	0
516	534	1
517	534	2
518	534	-1
519	534	4
520	534	5
521	534	5
522	534	4
523	534	2
524	534	1
525	534	2
526	534	1
527	534	-2
528	534	-3
529	534	-2
530	534	1
531	534	3
532	534	3
533	534	2
534	534	2
504	535	1
505	535	0
506	535	-2
507	535	-3
508	535	-1
509	535	0
510	535	-1
511	535	0
512	535	0
513	535	0
514	535	0
515	535	-1
516	535	1
517	535	3
518	535	2
519	535	1
520	535	-1
521	535	0
522	535	0
523	535	0
524	535	-1
525	535	-3
526	535	-4
527	535	-3
528	535	2
529	535	3
530	535	4
531	535	4
532	535	3
533	535	3
534	535	3
535	535	2
505	536	0
506	536	1
507	536	1
508	536	-1
509	536	-2
510	536	-2
511	536	0
512	536	0
513	536	0
514	536	0
515	536	0
516	536	0
517	536	0
518	536	-3
519	536	-1
520	536	1
521	536	2
522	536	2
523	536	2
524	536	3
525	536	3
526	536	4
527	536	3
528	536	-1
529	536	-4
530	536	-3
531	536	-4
532	536	-1
533	536	-1
534	536	0
535	536	0
536	536	-1
506	537	6
507	537	4
508	537	-1
509	537	-1
510	537	0
511	537	0
512	537	-1
513	537	1
514	537	0
515	537	1
516	537	0
517	537	-1
518	537	1
519	537	2
520	537	4
521	537	4
522	537	3
523	537	3
524	537	0
525	537	-5
526	537	-5
527	537	-4
528	537	-3
529	537	0
530	537	0
531	537	-1
532	537	-1
533	537	-3
534	537	-3
535	537	-1
536	537	3
537	537	3
507	538	2
508	538	2
509	538	4
510	538	1
511	538	0
512	538	0
513	538	0
514	538	1
515	538	0
516	538	0
517	538	1
518	538	-1
519	538	0
520	538	1
521	538	1
522	538	2
523	538	1
524	538	1
525	538	3
526	538	4
527	538	3
528	538	0
529	538	-4
530	538	-4
531	538	-2
532	538	1
533	538	0
534	538	2
535	538	0
536	538	0
537	538	1
538	538	1
508	539	0
509	539	0
510	539	1
511	539	-1
512	539	-1
513	539	-1
514	539	1
515	539	1
516	539	-1
517	539	-2
518	539	-1
519	539	2
520	539	2
521	539	4
522	539	4
523	539	4
524	539	3
525	539	4
526	539	4
527	539	2
528	539	-1
529	539	-2
530	539	0
531	539	1
532	539	1
533	539	1
534	539	1
535	539	1
536	539	1
537	539	1
538	539	1
539	539	2
509	540	0
510	540	1
511	540	0
512	540	0
513	540	0
514	540	0
515	540	1
516	540	0
517	540	0
518	540	0
519	540	0
520	540	-1
521	540	0
522	540	0
523	540	0
524	540	0
525	540	-1
526	540	0
527	540	0
528	540	0
529	540	-1
530	540	0
531	540	0
532	540	0
533	540	0
534	540	0
535	540	-1
536	540	0
537	540	0
538	540	0
539	540	0
540	540	0
510	541	-2
511	541	-1
512	541	0
513	541	0
514	541	0
515	541	-1
516	541	0
517	541	-1
518	541	-2
519	541	-1
520	541	2
521	541	2
522	541	2
523	541	2
524	541	3
525	541	3
526	541	2
527	541	3
528	541	3
529	541	1
530	541	-1
531	541	-4
532	541	-3
533	541	-3
534	541	-5
535	541	-3
536	541	-1
537	541	-1
538	541	0
539	541	0
540	541	-4
541	541	-3
511	542	0
512	542	0
513	542	-1
514	542	0
515	542	-1
516	542	1
517	542	-1
518	542	0
519	542	1
520	542	4
521	542	3
522	542	1
523	542	0
524	542	-3
525	542	-4
526	542	-3
527	542	1
528	542	2
529	542	3
530	542	2
531	542	-2
532	542	-1
533	542	-2
534	542	-3
535	542	-1
536	542	1
537	542	2
538	542	3
539	542	1
540	542	-2
541	542	-4
542	542	-1
512	543	0
513	543	0
514	543	0
515	543	-1
516	543	1
517	543	-1
518	543	0
519	543	-2
520	543	-2
521	543	-2
522	543	-2
523	543	0
524	543	0
525	543	1
526	543	3
527	543	4
528	543	4
529	543	5
530	543	3
531	543	3
532	543	-1
533	543	0
534	543	0
535	543	0
536	543	1
537	543	2
538	543	2
539	543	2
540	543	2
541	543	1
542	543	0
543	543	0
513	544	0
514	544	0
515	544	1
516	544	0
517	544	-2
518	544	-2
519	544	1
520	544	3
521	544	3
522	544	4
523	544	3
524	544	3
525	544	4
526	544	4
527	544	3
528	544	-1
529	544	-2
530	544	0
531	544	1
532	544	1
533	544	-1
534	544	1
535	544	1
536	544	2
537	544	2
538	544	3
539	544	2
540	544	-2
541	544	-4
542	544	-2
543	544	0
544	544	1
514	545	0
515	545	0
516	545	1
517	545	-1
518	545	0
519	545	0
520	545	1
521	545	1
522	545	1
523	545	1
524	545	0
525	545	1
526	545	3
527	545	4
528	545	4
529	545	3
530	545	2
531	545	0
532	545	-1
533	545	-1
534	545	-3
535	545	-4
536	545	-3
537	545	-2
538	545	-2
539	545	-3
540	545	-1
541	545	2
542	545	-1
543	545	0
544	545	0
545	545	0
515	546	0
516	546	0
517	546	-1
518	546	0
519	546	-3
520	546	0
521	546	0
522	546	0
523	546	3
524	546	2
525	546	0
526	546	0
527	546	3
528	546	3
529	546	4
530	546	2
531	546	-2
532	546	-3
533	546	-2
534	546	-1
535	546	0
536	546	1
537	546	1
538	546	4
539	546	5
540	546	3
541	546	2
542	546	1
543	546	1
544	546	0
545	546	0
546	546	0
516	547	1
517	547	-1
518	547	0
519	547	-1
520	547	0
521	547	-1
522	547	0
523	547	0
524	547	1
525	547	0
526	547	1
527	547	4
528	547	3
529	547	4
530	547	3
531	547	2
532	547	-2
533	547	-3
534	547	-5
535	547	-5
536	547	-4
537	547	-3
538	547	-2
539	547	-3
540	547	-3
541	547	-3
542	547	-1
543	547	0
544	547	0
545	547	0
546	547	-1
547	547	0
517	548	-2
518	548	-2
519	548	-2
520	548	-1
521	548	0
522	548	0
523	548	1
524	548	2
525	548	2
526	548	3
527	548	3
528	548	3
529	548	3
530	548	3
531	548	4
532	548	3
533	548	1
534	548	0
535	548	-1
536	548	0
537	548	1
538	548	0
539	548	-1
540	548	-1
541	548	-3
542	548	-1
543	548	0
544	548	1
545	548	-1
546	548	1
547	548	0
548	548	0
518	549	0
519	549	4
520	549	4
521	549	3
522	549	3
523	549	2
524	549	3
525	549	2
526	549	2
527	549	1
528	549	-1
529	549	0
530	549	2
531	549	3
532	549	3
533	549	2
534	549	2
535	549	3
536	549	3
537	549	3
538	549	3
539	549	1
540	549	-2
541	549	-3
542	549	-1
543	549	-1
544	549	0
545	549	0
546	549	0
547	549	0
548	549	0
549	549	-1
519	550	4
520	550	2
521	550	2
522	550	2
523	550	3
524	550	3
525	550	0
526	550	-3
527	550	-2
528	550	-1
529	550	1
530	550	3
531	550	3
532	550	3
533	550	3
534	550	3
535	550	0
536	550	-2
537	550	-4
538	550	-5
539	550	-5
540	550	-4
541	550	-2
542	550	0
543	550	0
544	550	0
545	550	0
546	550	0
547	550	0
548	550	0
549	550	2
550	550	1
520	551	-5
521	551	-4
522	551	-4
523	551	-5
524	551	-4
525	551	-4
526	551	-3
527	551	0
528	551	3
529	551	4
530	551	4
531	551	3
532	551	-1
533	551	-1
534	551	-1
535	551	-1
536	551	1
537	551	-2
538	551	-2
539	551	-1
540	551	-1
541	551	-1
542	551	0
543	551	1
544	551	0
545	551	0
546	551	0
547	551	-1
548	551	0
549	551	1
550	551	0
551	551	-1
521	552	3
522	552	3
523	552	2
524	552	3
525	552	3
526	552	4
527	552	2
528	552	-1
529	552	-2
530	552	-2
531	552	-2
532	552	-1
533	552	0
534	552	1
535	552	2
536	552	2
537	552	2
538	552	4
539	552	4
540	552	3
541	552	1
542	552	1
543	552	-1
544	552	0
545	552	0
546	552	0
547	552	1
548	552	0
549	552	1
550	552	-2
551	552	1
552	552	3
522	553	1
523	553	2
524	553	2
525	553	1
526	553	3
527	553	4
528	553	4
529	553	4
530	553	4
531	553	3
532	553	2
533	553	1
534	553	-2
535	553	-3
536	553	-2
537	553	-2
538	553	-1
539	553	-3
540	553	-1
541	553	0
542	553	0
543	553	0
544	553	0
545	553	0
546	553	0
547	553	0
548	553	0
549	553	-2
550	553	1
551	553	0
552	553	0
553	553	0
523	554	2
524	554	0
525	554	-1
526	554	-2
527	554	2
528	554	2
529	554	4
530	554	5
531	554	4
532	554	2
533	554	1
534	554	1
535	554	1
536	554	1
537	554	1
538	554	-1
539	554	-2
540	554	-2
541	554	-3
542	554	-1
543	554	0
544	554	0
545	554	0
546	554	0
547	554	-1
548	554	0
549	554	-1
550	554	0
551	554	0
552	554	0
553	554	0
554	554	0
524	555	2
525	555	2
526	555	5
527	555	5
528	555	2
529	555	0
530	555	0
531	555	1
532	555	3
533	555	2
534	555	1
535	555	0
536	555	0
537	555	0
538	555	1
539	555	0
540	555	-3
541	555	-3
542	555	-2
543	555	0
544	555	0
545	555	-1
546	555	0
547	555	0
548	555	1
549	555	-2
550	555	2
551	555	2
552	555	3
553	555	3
554	555	5
555	555	4
525	556	4
526	556	4
527	556	4
528	556	1
529	556	-1
530	556	-1
531	556	0
532	556	-1
533	556	0
534	556	-1
535	556	0
536	556	0
537	556	1
538	556	2
539	556	0
540	556	-3
541	556	-3
542	556	-1
543	556	0
544	556	0
545	556	0
546	556	0
547	556	0
548	556	0
549	556	-1
550	556	-1
551	556	0
552	556	0
553	556	1
554	556	2
555	556	2
556	556	3
526	557	3
527	557	1
528	557	-2
529	557	-2
530	557	0
531	557	1
532	557	0
533	557	-1
534	557	-1
535	557	0
536	557	1
537	557	2
538	557	1
539	557	2
540	557	0
541	557	-2
542	557	0
543	557	0
544	557	1
545	557	0
546	557	0
547	557	1
548	557	0
549	557	-1
550	557	0
551	557	1
552	557	3
553	557	3
554	557	3
555	557	3
556	557	3
557	557	2
527	558	2
528	558	0
529	558	-1
530	558	-1
531	558	1
532	558	2
533	558	1
534	558	2
535	558	1
536	558	1
537	558	2
538	558	3
539	558	4
540	558	3
541	558	5
542	558	1
543	558	0
544	558	0
545	558	0
546	558	0
547	558	0
548	558	0
549	558	-2
550	558	1
551	558	2
552	558	4
553	558	3
554	558	3
555	558	3
556	558	3
557	558	4
558	558	4
528	559	6
529	559	5
530	559	4
531	559	2
532	559	2
533	559	1
534	559	1
535	559	1
536	559	1
537	559	1
538	559	1
539	559	1
540	559	2
541	559	1
542	559	1
543	559	0
544	559	0
545	559	0
546	559	-1
547	559	-1
548	559	0
549	559	-1
550	559	0
551	559	1
552	559	1
553	559	2
554	559	3
555	559	4
556	559	4
557	559	3
558	559	5
559	559	4
529	560	-2
530	560	1
531	560	3
532	560	2
533	560	1
534	560	1
535	560	2
536	560	3
537	560	4
538	560	4
539	560	3
540	560	-1
541	560	-3
542	560	-2
543	560	0
544	560	1
545	560	0
546	560	0
547	560	0
548	560	0
549	560	-1
550	560	-1
551	560	2
552	560	3
553	560	3
554	560	3
555	560	3
556	560	2
557	560	2
558	560	1
559	560	0
560	560	-2
530	561	4
531	561	4
532	561	3
533	561	2
534	561	1
535	561	0
536	561	0
537	561	-1
538	561	-2
539	561	-3
540	561	-1
541	561	1
542	561	1
543	561	0
544	561	0
545	561	0
546	561	0
547	561	0
548	561	0
549	561	-1
550	561	3
551	561	1
552	561	0
553	561	1
554	561	0
555	561	1
556	561	-1
557	561	0
558	561	2
559	561	2
560	561	3
561	561	4
531	562	-2
532	562	-2
533	562	-1
534	562	0
535	562	1
536	562	1
537	562	3
538	562	3
539	562	3
540	562	0
541	562	-2
542	562	0
543	562	1
544	562	-1
545	562	0
546	562	0
547	562	0
548	562	0
549	562	-1
550	562	-2
551	562	-2
552	562	1
553	562	2
554	562	3
555	562	3
556	562	4
557	562	4
558	562	3
559	562	2
560	562	-1
561	562	-2
562	562	-2
532	563	2
533	563	1
534	563	2
535	563	3
536	563	3
537	563	4
538	563	4
539	563	3
540	563	0
541	563	-3
542	563	-1
543	563	1
544	563	0
545	563	0
546	563	0
547	563	0
548	563	0
549	563	-1
550	563	1
551	563	3
552	563	4
553	563	5
554	563	5
555	563	4
556	563	3
557	563	4
558	563	3
559	563	0
560	563	-1
561	563	-1
562	563	0
563	563	3
533	564	1
534	564	1
535	564	2
536	564	3
537	564	4
538	564	3
539	564	3
540	564	-1
541	564	-4
542	564	-1
543	564	0
544	564	-1
545	564	0
546	564	0
547	564	0
548	564	0
549	564	1
550	564	-2
551	564	0
552	564	1
553	564	1
554	564	1
555	564	1
556	564	2
557	564	3
558	564	2
559	564	1
560	564	-1
561	564	-1
562	564	0
563	564	-1
564	564	1
534	565	1
535	565	0
536	565	0
537	565	-1
538	565	-2
539	565	-2
540	565	0
541	565	-1
542	565	-1
543	565	0
544	565	0
545	565	0
546	565	0
547	565	0
548	565	0
549	565	0
550	565	1
551	565	2
552	565	1
553	565	1
554	565	2
555	565	1
556	565	1
557	565	0
558	565	-1
559	565	-1
560	565	0
561	565	0
562	565	0
563	565	2
564	565	1
565	565	1
535	566	3
536	566	4
537	566	4
538	566	3
539	566	2
540	566	-3
541	566	-3
542	566	-1
543	566	0
544	566	0
545	566	0
546	566	0
547	566	0
548	566	0
549	566	0
550	566	-1
551	566	1
552	566	3
553	566	3
554	566	3
555	566	2
556	566	2
557	566	1
558	566	0
559	566	-2
560	566	-3
561	566	-1
562	566	3
563	566	2
564	566	4
565	566	3
566	566	3
536	567	0
537	567	1
538	567	1
539	567	3
540	567	5
541	567	4
542	567	1
543	567	0
544	567	0
545	567	0
546	567	0
547	567	0
548	567	0
549	567	0
550	567	1
551	567	0
552	567	0
553	567	0
554	567	0
555	567	-1
556	567	-2
557	567	-2
558	567	0
559	567	4
560	567	5
561	567	4
562	567	3
563	567	-1
564	567	-2
565	567	-2
566	567	0
567	567	-1
537	568	1
538	568	0
539	568	1
540	568	-1
541	568	-3
542	568	-1
543	568	0
544	568	-1
545	568	0
546	568	0
547	568	1
548	568	0
549	568	1
550	568	-2
551	568	3
552	568	4
553	568	3
554	568	4
555	568	3
556	568	2
557	568	1
558	568	1
559	568	-1
560	568	-4
561	568	-5
562	568	-5
563	568	-3
564	568	-1
565	568	2
566	568	1
567	568	1
568	568	1
538	569	-1
539	569	-2
540	569	-1
541	569	-1
542	569	0
543	569	0
544	569	0
545	569	0
546	569	0
547	569	0
548	569	0
549	569	-2
550	569	1
551	569	0
552	569	0
553	569	1
554	569	2
555	569	1
556	569	2
557	569	3
558	569	3
559	569	2
560	569	0
561	569	0
562	569	1
563	569	3
564	569	3
565	569	1
566	569	0
567	569	0
568	569	-2
569	569	-1
539	570	0
540	570	-2
541	570	-3
542	570	-2
543	570	0
544	570	1
545	570	0
546	570	0
547	570	0
548	570	0
549	570	1
550	570	0
551	570	-3
552	570	-2
553	570	-1
554	570	-1
555	570	0
556	570	0
557	570	0
558	570	1
559	570	3
560	570	3
561	570	4
562	570	3
563	570	-1
564	570	-3
565	570	-2
566	570	-1
567	570	0
568	570	0
569	570	1
570	570	0
540	571	0
541	571	0
542	571	0
543	571	0
544	571	0
545	571	1
546	571	-1
547	571	-1
548	571	0
549	571	-2
550	571	2
551	571	2
552	571	1
553	571	3
554	571	3
555	571	4
556	571	3
557	571	2
558	571	2
559	571	2
560	571	2
561	571	3
562	571	4
563	571	4
564	571	3
565	571	2
566	571	1
567	571	0
568	571	-1
569	571	-1
570	571	-3
571	571	-3
541	572	3
542	572	1
543	572	0
544	572	0
545	572	0
546	572	0
547	572	-1
548	572	0
549	572	0
550	572	2
551	572	0
552	572	-1
553	572	0
554	572	-1
555	572	-3
556	572	-3
557	572	-3
558	572	-1
559	572	1
560	572	3
561	572	4
562	572	4
563	572	3
564	572	2
565	572	1
566	572	1
567	572	2
568	572	2
569	572	1
570	572	-1
571	572	0
572	572	2
542	573	-1
543	573	0
544	573	0
545	573	0
546	573	0
547	573	0
548	573	-1
549	573	0
550	573	-3
551	573	-2
552	573	1
553	573	2
554	573	3
555	573	2
556	573	2
557	573	-2
558	573	-4
559	573	-4
560	573	0
561	573	1
562	573	0
563	573	-2
564	573	-3
565	573	-3
566	573	-1
567	573	1
568	573	3
569	573	4
570	573	3
571	573	2
572	573	-2
573	573	-3
543	574	0
544	574	0
545	574	0
546	574	0
547	574	0
548	574	0
549	574	-1
550	574	0
551	574	1
552	574	3
553	574	3
554	574	4
555	574	3
556	574	3
557	574	3
558	574	3
559	574	1
560	574	-1
561	574	-1
562	574	0
563	574	2
564	574	2
565	574	1
566	574	2
567	574	2
568	574	2
569	574	3
570	574	4
571	574	4
572	574	4
573	574	4
574	574	0
544	575	0
545	575	0
546	575	-1
547	575	0
548	575	0
549	575	2
550	575	2
551	575	-3
552	575	-1
553	575	-1
554	575	-1
555	575	0
556	575	0
557	575	2
558	575	3
559	575	4
560	575	5
561	575	5
562	575	4
563	575	-1
564	575	-2
565	575	-2
566	575	-1
567	575	-1
568	575	0
569	575	0
570	575	1
571	575	2
572	575	3
573	575	2
574	575	1
575	575	0
545	576	0
546	576	0
547	576	1
548	576	0
549	576	-1
550	576	0
551	576	2
552	576	3
553	576	3
554	576	4
555	576	4
556	576	4
557	576	3
558	576	4
559	576	2
560	576	-1
561	576	0
562	576	1
563	576	3
564	576	4
565	576	2
566	576	2
567	576	3
568	576	1
569	576	2
570	576	2
571	576	0
572	576	-2
573	576	-3
574	576	-1
575	576	0
576	576	0
546	577	0
547	577	-1
548	577	0
549	577	0
550	577	2
551	577	1
552	577	1
553	577	1
554	577	0
555	577	0
556	577	-2
557	577	-2
558	577	0
559	577	2
560	577	3
561	577	2
562	577	3
563	577	4
564	577	3
565	577	2
566	577	2
567	577	1
568	577	0
569	577	-1
570	577	-2
571	577	-3
572	577	-4
573	577	-3
574	577	-2
575	577	1
576	577	1
577	577	0
547	578	-1
548	578	0
549	578	2
550	578	3
551	578	1
552	578	-1
553	578	0
554	578	-1
555	578	-1
556	578	-2
557	578	-2
558	578	0
559	578	3
560	578	5
561	578	5
562	578	4
563	578	4
564	578	2
565	578	3
566	578	2
567	578	3
568	578	2
569	578	2
570	578	-1
571	578	1
572	578	3
573	578	3
574	578	1
575	578	1
576	578	1
577	578	0
578	578	0
548	579	0
549	579	0
550	579	2
551	579	1
552	579	0
553	579	1
554	579	1
555	579	2
556	579	3
557	579	1
558	579	3
559	579	3
560	579	3
561	579	4
562	579	3
563	579	3
564	579	1
565	579	-1
566	579	-3
567	579	-5
568	579	-4
569	579	-3
570	579	-3
571	579	-3
572	579	-1
573	579	1
574	579	0
575	579	-1
576	579	0
577	579	0
578	579	0
579	579	0
549	580	-1
550	580	0
551	580	-1
552	580	0
553	580	2
554	580	2
555	580	3
556	580	3
557	580	2
558	580	3
559	580	2
560	580	2
561	580	3
562	580	4
563	580	4
564	580	3
565	580	1
566	580	0
567	580	-1
568	580	-1
569	580	1
570	580	-1
571	580	-2
572	580	-2
573	580	-3
574	580	-2
575	580	0
576	580	0
577	580	0
578	580	0
579	580	-1
580	580	0
550	581	-1
551	581	-1
552	581	0
553	581	-1
554	581	0
555	581	0
556	581	0
557	581	0
558	581	0
559	581	0
560	581	0
561	581	-1
562	581	0
563	581	0
564	581	0
565	581	0
566	581	0
567	581	-1
568	581	-1
569	581	0
570	581	-1
571	581	0
572	581	0
573	581	0
574	581	0
575	581	0
576	581	0
577	581	0
578	581	-1
579	581	0
580	581	0
581	581	0
551	582	-1
552	582	-4
553	582	-4
554	582	-6
555	582	-4
556	582	-5
557	582	-5
558	582	-4
559	582	-1
560	582	1
561	582	3
562	582	2
563	582	1
564	582	1
565	582	4
566	582	4
567	582	4
568	582	4
569	582	3
570	582	1
571	582	0
572	582	-1
573	582	1
574	582	0
575	582	0
576	582	0
577	582	0
578	582	0
579	582	1
580	582	2
581	582	2
582	582	2
552	583	0
553	583	1
554	583	2
555	583	1
556	583	-1
557	583	-2
558	583	-1
559	583	-1
560	583	1
561	583	3
562	583	4
563	583	4
564	583	4
565	583	3
566	583	1
567	583	0
568	583	-2
569	583	-2
570	583	-3
571	583	-4
572	583	-1
573	583	1
574	583	0
575	583	0
576	583	0
577	583	0
578	583	0
579	583	1
580	583	0
581	583	1
582	583	1
583	583	2
553	584	3
554	584	3
555	584	2
556	584	2
557	584	0
558	584	-1
559	584	1
560	584	3
561	584	2
562	584	-1
563	584	-3
564	584	-3
565	584	-4
566	584	-2
567	584	1
568	584	2
569	584	1
570	584	3
571	584	5
572	584	6
573	584	4
574	584	2
575	584	0
576	584	0
577	584	0
578	584	0
579	584	0
580	584	1
581	584	0
582	584	-1
583	584	2
584	584	3
554	585	1
555	585	2
556	585	1
557	585	2
558	585	2
559	585	3
560	585	3
561	585	3
562	585	3
563	585	3
564	585	1
565	585	-2
566	585	-3
567	585	-4
568	585	-4
569	585	-3
570	585	-3
571	585	-3
572	585	0
573	585	1
574	585	1
575	585	-1
576	585	0
577	585	0
578	585	0
579	585	0
580	585	1
581	585	0
582	585	2
583	585	0
584	585	1
585	585	1
555	586	0
556	586	-1
557	586	-2
558	586	0
559	586	1
560	586	3
561	586	4
562	586	4
563	586	4
564	586	1
565	586	0
566	586	0
567	586	1
568	586	1
569	586	1
570	586	0
571	586	-2
572	586	-3
573	586	-3
574	586	-1
575	586	0
576	586	0
577	586	0
578	586	0
579	586	1
580	586	0
581	586	-1
582	586	-3
583	586	-2
584	586	-2
585	586	-1
586	586	0
556	587	3
557	587	3
558	587	3
559	587	2
560	587	-1
561	587	-1
562	587	0
563	587	1
564	587	2
565	587	1
566	587	3
567	587	2
568	587	3
569	587	3
570	587	2
571	587	1
572	587	-1
573	587	-3
574	587	-1
575	587	1
576	587	0
577	587	0
578	587	-1
579	587	0
580	587	0
581	587	1
582	587	0
583	587	3
584	587	5
585	587	5
586	587	6
587	587	5
557	588	3
558	588	2
559	588	3
560	588	2
561	588	1
562	588	2
563	588	3
564	588	3
565	588	2
566	588	1
567	588	0
568	588	-1
569	588	0
570	588	-1
571	588	-2
572	588	-2
573	588	-2
574	588	-1
575	588	0
576	588	0
577	588	0
578	588	1
579	588	-1
580	588	-1
581	588	-1
582	588	0
583	588	-1
584	588	0
585	588	2
586	588	2
587	588	2
588	588	2
558	589	3
559	589	1
560	589	-3
561	589	-3
562	589	-2
563	589	-1
564	589	-1
565	589	-1
566	589	1
567	589	0
568	589	1
569	589	2
570	589	4
571	589	4
572	589	3
573	589	2
574	589	0
575	589	0
576	589	0
577	589	-1
578	589	0
579	589	1
580	589	0
581	589	0
582	589	-2
583	589	0
584	589	4
585	589	3
586	589	3
587	589	3
588	589	3
589	589	3
559	590	5
560	590	3
561	590	1
562	590	1
563	590	2
564	590	2
565	590	-1
566	590	0
567	590	0
568	590	0
569	590	0
570	590	0
571	590	3
572	590	6
573	590	4
574	590	1
575	590	1
576	590	0
577	590	0
578	590	0
579	590	0
580	590	-1
581	590	-1
582	590	0
583	590	1
584	590	4
585	590	3
586	590	4
587	590	4
588	590	4
589	590	4
590	590	6
560	591	-5
561	591	-4
562	591	-2
563	591	0
564	591	1
565	591	1
566	591	0
567	591	1
568	591	2
569	591	3
570	591	3
571	591	0
572	591	-3
573	591	-3
574	591	0
575	591	0
576	591	0
577	591	0
578	591	-1
579	591	1
580	591	-1
581	591	-1
582	591	-2
583	591	0
584	591	1
585	591	1
586	591	2
587	591	4
588	591	3
589	591	1
590	591	-2
591	591	-4
561	592	0
562	592	1
563	592	3
564	592	3
565	592	3
566	592	3
567	592	4
568	592	4
569	592	4
570	592	4
571	592	3
572	592	0
573	592	-2
574	592	-1
575	592	0
576	592	0
577	592	0
578	592	0
579	592	0
580	592	-1
581	592	0
582	592	-3
583	592	0
584	592	2
585	592	2
586	592	2
587	592	3
588	592	2
589	592	2
590	592	1
591	592	-1
592	592	-2
562	593	4
563	593	4
564	593	3
565	593	2
566	593	1
567	593	0
568	593	1
569	593	0
570	593	-1
571	593	-3
572	593	-3
573	593	-2
574	593	1
575	593	0
576	593	0
577	593	0
578	593	0
579	593	1
580	593	0
581	593	-1
582	593	0
583	593	0
584	593	0
585	593	1
586	593	2
587	593	1
588	593	0
589	593	0
590	593	2
591	593	2
592	593	4
593	593	3
563	594	1
564	594	0
565	594	1
566	594	1
567	594	1
568	594	0
569	594	-1
570	594	-2
571	594	-1
572	594	1
573	594	2
574	594	1
575	594	1
576	594	0
577	594	0
578	594	0
579	594	1
580	594	1
581	594	3
582	594	3
583	594	4
584	594	1
585	594	-1
586	594	-2
587	594	-3
588	594	-2
589	594	-2
590	594	-2
591	594	1
592	594	3
593	594	3
594	594	2
564	595	0
565	595	1
566	595	1
567	595	1
568	595	2
569	595	3
570	595	3
571	595	1
572	595	-2
573	595	-3
574	595	-1
575	595	0
576	595	0
577	595	0
578	595	0
579	595	0
580	595	0
581	595	-2
582	595	-2
583	595	2
584	595	4
585	595	4
586	595	5
587	595	4
588	595	3
589	595	3
590	595	2
591	595	-1
592	595	-3
593	595	-2
594	595	0
595	595	1
565	596	3
566	596	3
567	596	3
568	596	4
569	596	5
570	596	4
571	596	3
572	596	-2
573	596	-2
574	596	0
575	596	0
576	596	0
577	596	0
578	596	0
579	596	0
580	596	0
581	596	1
582	596	0
583	596	1
584	596	2
585	596	1
586	596	0
587	596	0
588	596	0
589	596	-1
590	596	-2
591	596	-2
592	596	-1
593	596	-2
594	596	-2
595	596	-1
596	596	1
566	597	-1
567	597	-1
568	597	1
569	597	3
570	597	4
571	597	5
572	597	6
573	597	5
574	597	2
575	597	0
576	597	1
577	597	0
578	597	0
579	597	1
580	597	1
581	597	0
582	597	1
583	597	-1
584	597	1
585	597	2
586	597	1
587	597	1
588	597	1
589	597	2
590	597	2
591	597	2
592	597	3
593	597	4
594	597	4
595	597	1
596	597	0
597	597	0
567	598	-2
568	598	-2
569	598	-1
570	598	-1
571	598	0
572	598	2
573	598	2
574	598	0
575	598	0
576	598	1
577	598	1
578	598	0
579	598	0
580	598	1
581	598	1
582	598	2
583	598	0
584	598	0
585	598	0
586	598	0
587	598	0
588	598	2
589	598	2
590	598	3
591	598	3
592	598	5
593	598	4
594	598	2
595	598	-1
596	598	-3
597	598	-2
598	598	-2
568	599	-3
569	599	-1
570	599	0
571	599	4
572	599	6
573	599	3
574	599	1
575	599	0
576	599	0
577	599	0
578	599	0
579	599	0
580	599	0
581	599	-1
582	599	0
583	599	0
584	599	1
585	599	0
586	599	1
587	599	2
588	599	3
589	599	5
590	599	5
591	599	5
592	599	3
593	599	2
594	599	0
595	599	-1
596	599	-1
597	599	-2
598	599	-2
599	599	-1
569	600	2
570	600	1
571	600	-1
572	600	-3
573	600	0
574	600	0
575	600	0
576	600	0
577	600	0
578	600	0
579	600	0
580	600	1
581	600	1
582	600	1
583	600	1
584	600	-2
585	600	-3
586	600	-5
587	600	-4
588	600	-5
589	600	-5
590	600	-5
591	600	-4
592	600	-5
593	600	-5
594	600	-3
595	600	1
596	600	2
597	600	3
598	600	3
599	600	2
600	600	2
570	601	2
571	601	3
572	601	3
573	601	0
574	601	0
575	601	0
576	601	0
577	601	0
578	601	0
579	601	0
580	601	1
581	601	0
582	601	0
583	601	-1
584	601	0
585	601	-1
586	601	0
587	601	1
588	601	2
589	601	2
590	601	3
591	601	2
592	601	3
593	601	3
594	601	1
595	601	-2
596	601	-2
597	601	-1
598	601	0
599	601	0
600	601	1
601	601	2
571	602	3
572	602	3
573	602	4
574	602	1
575	602	0
576	602	1
577	602	0
578	602	0
579	602	1
580	602	-1
581	602	0
582	602	2
583	602	4
584	602	4
585	602	4
586	602	3
587	602	3
588	602	2
589	602	1
590	602	1
591	602	-1
592	602	-4
593	602	-3
594	602	2
595	602	4
596	602	5
597	602	5
598	602	2
599	602	3
600	602	3
601	602	1
602	602	2
572	603	3
573	603	0
574	603	0
575	603	0
576	603	0
577	603	0
578	603	0
579	603	1
580	603	1
581	603	1
582	603	0
583	603	1
584	603	1
585	603	1
586	603	1
587	603	2
588	603	4
589	603	4
590	603	1
591	603	-2
592	603	-4
593	603	-3
594	603	-2
595	603	-3
596	603	-2
597	603	1
598	603	0
599	603	1
600	603	1
601	603	2
602	603	4
603	603	5
573	604	-1
574	604	0
575	604	0
576	604	0
577	604	0
578	604	0
579	604	0
580	604	1
581	604	1
582	604	0
583	604	3
584	604	1
585	604	1
586	604	1
587	604	-1
588	604	-2
589	604	-3
590	604	-4
591	604	-4
592	604	-4
593	604	-4
594	604	-1
595	604	0
596	604	1
597	604	1
598	604	1
599	604	1
600	604	2
601	604	2
602	604	2
603	604	1
604	604	-2
574	605	1
575	605	0
576	605	0
577	605	0
578	605	0
579	605	0
580	605	-1
581	605	-1
582	605	-2
583	605	1
584	605	1
585	605	3
586	605	4
587	605	4
588	605	2
589	605	1
590	605	1
591	605	0
592	605	0
593	605	2
594	605	4
595	605	4
596	605	3
597	605	2
598	605	2
599	605	3
600	605	2
601	605	2
602	605	1
603	605	0
604	605	1
605	605	0
575	606	-1
576	606	0
577	606	0
578	606	0
579	606	1
580	606	-1
581	606	0
582	606	1
583	606	2
584	606	3
585	606	4
586	606	4
587	606	3
588	606	3
589	606	2
590	606	2
591	606	0
592	606	-2
593	606	0
594	606	2
595	606	4
596	606	4
597	606	3
598	606	3
599	606	3
600	606	3
601	606	3
602	606	2
603	606	3
604	606	5
605	606	5
606	606	1
576	607	0
577	607	0
578	607	0
579	607	1
580	607	1
581	607	0
582	607	1
583	607	-1
584	607	-1
585	607	-1
586	607	-1
587	607	0
588	607	2
589	607	3
590	607	4
591	607	4
592	607	5
593	607	5
594	607	3
595	607	-1
596	607	-2
597	607	-1
598	607	-1
599	607	-1
600	607	0
601	607	0
602	607	2
603	607	2
604	607	5
605	607	4
606	607	1
607	607	0
577	608	0
578	608	1
579	608	-1
580	608	0
581	608	1
582	608	1
583	608	1
584	608	4
585	608	5
586	608	5
587	608	4
588	608	3
589	608	1
590	608	0
591	608	-2
592	608	-2
593	608	-1
594	608	-3
595	608	-2
596	608	-1
597	608	2
598	608	2
599	608	3
600	608	2
601	608	2
602	608	2
603	608	1
604	608	-3
605	608	-4
606	608	-1
607	608	1
608	608	0
578	609	0
579	609	0
580	609	-1
581	609	-1
582	609	1
583	609	1
584	609	2
585	609	3
586	609	4
587	609	3
588	609	2
589	609	2
590	609	3
591	609	2
592	609	1
593	609	1
594	609	2
595	609	4
596	609	5
597	609	4
598	609	1
599	609	1
600	609	0
601	609	0
602	609	-1
603	609	-2
604	609	-1
605	609	1
606	609	0
607	609	-1
608	609	0
609	609	0
579	610	1
580	610	0
581	610	-2
582	610	-4
583	610	0
584	610	1
585	610	1
586	610	2
587	610	3
588	610	2
589	610	2
590	610	0
591	610	-2
592	610	-2
593	610	-2
594	610	-3
595	610	-2
596	610	-1
597	610	2
598	610	2
599	610	2
600	610	1
601	610	1
602	610	1
603	610	-1
604	610	-5
605	610	-5
606	610	0
607	610	0
608	610	0
609	610	0
610	610	0
580	611	-1
581	611	0
582	611	1
583	611	1
584	611	0
585	611	2
586	611	2
587	611	3
588	611	2
589	611	2
590	611	3
591	611	2
592	611	3
593	611	3
594	611	3
595	611	3
596	611	3
597	611	0
598	611	-1
599	611	0
600	611	0
601	611	-1
602	611	-1
603	611	0
604	611	4
605	611	4
606	611	1
607	611	1
608	611	0
609	611	-1
610	611	1
611	611	0
581	612	1
582	612	0
583	612	0
584	612	0
585	612	0
586	612	0
587	612	0
588	612	0
589	612	0
590	612	0
591	612	0
592	612	0
593	612	-1
594	612	0
595	612	-1
596	612	0
597	612	-1
598	612	0
599	612	0
600	612	-1
601	612	0
602	612	-1
603	612	0
604	612	0
605	612	0
606	612	0
607	612	0
608	612	0
609	612	0
610	612	0
611	612	-1
612	612	0
582	613	-3
583	613	-1
584	613	2
585	613	2
586	613	3
587	613	3
588	613	1
589	613	2
590	613	3
591	613	1
592	613	-2
593	613	-2
594	613	0
595	613	2
596	613	3
597	613	2
598	613	1
599	613	1
600	613	0
601	613	1
602	613	0
603	613	-2
604	613	-2
605	613	-2
606	613	-1
607	613	0
608	613	-1
609	613	0
610	613	0
611	613	-1
612	613	-1
613	613	-1
583	614	5
584	614	2
585	614	3
586	614	2
587	614	0
588	614	-1
589	614	-4
590	614	-5
591	614	-3
592	614	-2
593	614	1
594	614	3
595	614	3
596	614	3
597	614	4
598	614	5
599	614	5
600	614	5
601	614	4
602	614	3
603	614	1
604	614	1
605	614	3
606	614	1
607	614	1
608	614	0
609	614	0
610	614	1
611	614	0
612	614	1
613	614	2
614	614	4
584	615	1
585	615	2
586	615	3
587	615	3
588	615	2
589	615	1
590	615	1
591	615	1
592	615	2
593	615	3
594	615	4
595	615	4
596	615	4
597	615	2
598	615	0
599	615	-1
600	615	-1
601	615	-2
602	615	-2
603	615	-1
604	615	1
605	615	2
606	615	1
607	615	0
608	615	0
609	615	0
610	615	1
611	615	0
612	615	0
613	615	1
614	615	0
615	615	1
585	616	3
586	616	2
587	616	2
588	616	3
589	616	3
590	616	3
591	616	1
592	616	-1
593	616	-2
594	616	-1
595	616	0
596	616	2
597	616	3
598	616	2
599	616	2
600	616	3
601	616	3
602	616	3
603	616	4
604	616	6
605	616	6
606	616	1
607	616	0
608	616	0
609	616	0
610	616	0
611	616	-1
612	616	-1
613	616	2
614	616	2
615	616	2
616	616	3
586	617	1
587	617	1
588	617	0
589	617	0
590	617	-2
591	617	-2
592	617	-3
593	617	-4
594	617	-2
595	617	0
596	617	2
597	617	3
598	617	3
599	617	3
600	617	2
601	617	3
602	617	3
603	617	2
604	617	-1
605	617	1
606	617	1
607	617	0
608	617	0
609	617	0
610	617	1
611	617	0
612	617	1
613	617	1
614	617	0
615	617	2
616	617	1
617	617	-1
587	618	2
588	618	2
589	618	2
590	618	1
591	618	-1
592	618	-2
593	618	-4
594	618	-2
595	618	-1
596	618	1
597	618	1
598	618	1
599	618	1
600	618	2
601	618	2
602	618	3
603	618	5
604	618	5
605	618	5
606	618	1
607	618	0
608	618	0
609	618	1
610	618	0
611	618	0
612	618	-1
613	618	2
614	618	3
615	618	4
616	618	4
617	618	3
618	618	2
588	619	3
589	619	2
590	619	2
591	619	0
592	619	-1
593	619	0
594	619	1
595	619	1
596	619	2
597	619	3
598	619	2
599	619	2
600	619	2
601	619	3
602	619	2
603	619	1
604	619	-1
605	619	-2
606	619	-1
607	619	-1
608	619	0
609	619	-1
610	619	0
611	619	0
612	619	0
613	619	2
614	619	1
615	619	2
616	619	3
617	619	3
618	619	4
619	619	4
589	620	-4
590	620	-4
591	620	-1
592	620	2
593	620	3
594	620	4
595	620	4
596	620	4
597	620	4
598	620	4
599	620	2
600	620	4
601	620	2
602	620	2
603	620	1
604	620	3
605	620	4
606	620	1
607	620	0
608	620	0
609	620	0
610	620	0
611	620	0
612	620	1
613	620	3
614	620	4
615	620	3
616	620	1
617	620	0
618	620	-1
619	620	-2
620	620	-4
590	621	0
591	621	2
592	621	4
593	621	5
594	621	3
595	621	0
596	621	-3
597	621	-3
598	621	-3
599	621	-2
600	621	-3
601	621	-3
602	621	-3
603	621	-2
604	621	-3
605	621	-2
606	621	0
607	621	0
608	621	0
609	621	0
610	621	1
611	621	1
612	621	1
613	621	-2
614	621	-2
615	621	-3
616	621	-3
617	621	-4
618	621	-3
619	621	-2
620	621	-2
621	621	-2
591	622	3
592	622	0
593	622	-2
594	622	0
595	622	3
596	622	4
597	622	3
598	622	1
599	622	1
600	622	1
601	622	1
602	622	1
603	622	3
604	622	6
605	622	5
606	622	1
607	622	-1
608	622	0
609	622	0
610	622	-1
611	622	0
612	622	-2
613	622	1
614	622	0
615	622	1
616	622	3
617	622	2
618	622	3
619	622	4
620	622	3
621	622	4
622	622	4
592	623	4
593	623	3
594	623	1
595	623	-1
596	623	-2
597	623	-1
598	623	0
599	623	1
600	623	3
601	623	2
602	623	2
603	623	5
604	623	6
605	623	5
606	623	2
607	623	0
608	623	0
609	623	0
610	623	0
611	623	0
612	623	0
613	623	0
614	623	0
615	623	1
616	623	3
617	623	4
618	623	5
619	623	5
620	623	4
621	623	4
622	623	3
623	623	4
593	624	-2
594	624	2
595	624	3
596	624	3
597	624	3
598	624	4
599	624	4
600	624	4
601	624	3
602	624	2
603	624	0
604	624	-4
605	624	-5
606	624	-2
607	624	0
608	624	0
609	624	-1
610	624	0
611	624	0
612	624	0
613	624	-1
614	624	-3
615	624	-1
616	624	1
617	624	2
618	624	3
619	624	2
620	624	3
621	624	3
622	624	1
623	624	-1
624	624	-3
594	625	-2
595	625	-2
596	625	-1
597	625	1
598	625	1
599	625	0
600	625	1
601	625	2
602	625	2
603	625	4
604	625	4
605	625	4
606	625	1
607	625	0
608	625	0
609	625	-1
610	625	0
611	625	0
612	625	1
613	625	1
614	625	1
615	625	2
616	625	2
617	625	1
618	625	0
619	625	1
620	625	2
621	625	2
622	625	1
623	625	0
624	625	-3
625	625	-3
595	626	2
596	626	2
597	626	2
598	626	2
599	626	2
600	626	2
601	626	2
602	626	0
603	626	1
604	626	3
605	626	2
606	626	0
607	626	0
608	626	0
609	626	1
610	626	0
611	626	0
612	626	1
613	626	3
614	626	4
615	626	4
616	626	1
617	626	-2
618	626	-2
619	626	-3
620	626	-3
621	626	-3
622	626	-3
623	626	-3
624	626	-1
625	626	0
626	626	2
596	627	3
597	627	1
598	627	0
599	627	1
600	627	2
601	627	1
602	627	0
603	627	2
604	627	5
605	627	6
606	627	1
607	627	0
608	627	0
609	627	1
610	627	0
611	627	0
612	627	-1
613	627	0
614	627	-1
615	627	0
616	627	1
617	627	2
618	627	2
619	627	3
620	627	2
621	627	2
622	627	2
623	627	2
624	627	3
625	627	3
626	627	3
627	627	3
597	628	2
598	628	4
599	628	3
600	628	4
601	628	4
602	628	4
603	628	2
604	628	-4
605	628	-4
606	628	-1
607	628	-1
608	628	0
609	628	0
610	628	0
611	628	0
612	628	1
613	628	0
614	628	0
615	628	2
616	628	2
617	628	1
618	628	1
619	628	0
620	628	1
621	628	1
622	628	0
623	628	-1
624	628	-2
625	628	-2
626	628	-2
627	628	-1
628	628	2
598	629	1
599	629	1
600	629	1
601	629	1
602	629	2
603	629	2
604	629	2
605	629	4
606	629	2
607	629	0
608	629	0
609	629	-1
610	629	0
611	629	0
612	629	-1
613	629	1
614	629	0
615	629	4
616	629	4
617	629	4
618	629	5
619	629	4
620	629	2
621	629	0
622	629	-1
623	629	-1
624	629	0
625	629	3
626	629	5
627	629	6
628	629	4
629	629	3
599	630	-1
600	630	-1
601	630	-1
602	630	-1
603	630	0
604	630	-1
605	630	-2
606	630	-1
607	630	-1
608	630	0
609	630	0
610	630	0
611	630	0
612	630	0
613	630	1
614	630	0
615	630	-3
616	630	-3
617	630	-2
618	630	-1
619	630	1
620	630	2
621	630	3
622	630	3
623	630	3
624	630	4
625	630	3
626	630	1
627	630	-2
628	630	-2
629	630	-2
630	630	-1
600	631	0
601	631	0
602	631	0
603	631	0
604	631	-3
605	631	-3
606	631	-1
607	631	0
608	631	0
609	631	0
610	631	0
611	631	0
612	631	-1
613	631	-2
614	631	-4
615	631	-2
616	631	1
617	631	2
618	631	3
619	631	3
620	631	4
621	631	5
622	631	1
623	631	-4
624	631	-6
625	631	-2
626	631	0
627	631	-1
628	631	-1
629	631	-2
630	631	-1
631	631	0
601	632	-1
602	632	0
603	632	2
604	632	6
605	632	3
606	632	1
607	632	0
608	632	1
609	632	-1
610	632	0
611	632	0
612	632	-2
613	632	1
614	632	-1
615	632	-3
616	632	-1
617	632	2
618	632	3
619	632	4
620	632	4
621	632	4
622	632	4
623	632	3
624	632	4
625	632	3
626	632	2
627	632	1
628	632	0
629	632	-1
630	632	0
631	632	0
632	632	0
602	633	-2
603	633	-2
604	633	3
605	633	3
606	633	1
607	633	-1
608	633	1
609	633	0
610	633	0
611	633	0
612	633	-1
613	633	1
614	633	-1
615	633	-2
616	633	1
617	633	2
618	633	3
619	633	1
620	633	1
621	633	0
622	633	1
623	633	2
624	633	1
625	633	1
626	633	2
627	633	3
628	633	1
629	633	0
630	633	-2
631	633	0
632	633	-1
633	633	-1
603	634	4
604	634	5
605	634	6
606	634	1
607	634	0
608	634	0
609	634	0
610	634	1
611	634	0
612	634	1
613	634	2
614	634	5
615	634	5
616	634	2
617	634	1
618	634	-1
619	634	-3
620	634	-3
621	634	-4
622	634	-3
623	634	-3
624	634	-4
625	634	-2
626	634	2
627	634	3
628	634	3
629	634	4
630	634	3
631	634	2
632	634	3
633	634	4
634	634	3
604	635	4
605	635	4
606	635	0
607	635	0
608	635	0
609	635	0
610	635	-1
611	635	0
612	635	1
613	635	2
614	635	2
615	635	3
616	635	2
617	635	2
618	635	1
619	635	1
620	635	1
621	635	2
622	635	2
623	635	-1
624	635	-2
625	635	-2
626	635	-2
627	635	0
628	635	1
629	635	1
630	635	2
631	635	0
632	635	1
633	635	2
634	635	3
635	635	3
605	636	2
606	636	1
607	636	0
608	636	0
609	636	0
610	636	0
611	636	1
612	636	-1
613	636	1
614	636	-1
615	636	-2
616	636	-1
617	636	1
618	636	2
619	636	2
620	636	2
621	636	2
622	636	4
623	636	4
624	636	4
625	636	3
626	636	2
627	636	1
628	636	0
629	636	-1
630	636	0
631	636	1
632	636	0
633	636	-1
634	636	0
635	636	0
636	636	2
606	637	1
607	637	0
608	637	0
609	637	1
610	637	0
611	637	0
612	637	-2
613	637	0
614	637	-2
615	637	0
616	637	1
617	637	2
618	637	3
619	637	3
620	637	2
621	637	2
622	637	2
623	637	4
624	637	3
625	637	2
626	637	3
627	637	3
628	637	3
629	637	2
630	637	0
631	637	1
632	637	1
633	637	1
634	637	1
635	637	3
636	637	5
637	637	5
607	638	-1
608	638	0
609	638	0
610	638	0
611	638	0
612	638	1
613	638	-2
614	638	-3
615	638	-2
616	638	-1
617	638	0
618	638	1
619	638	0
620	638	-1
621	638	-2
622	638	-3
623	638	0
624	638	3
625	638	4
626	638	3
627	638	2
628	638	1
629	638	2
630	638	2
631	638	2
632	638	1
633	638	1
634	638	1
635	638	-1
636	638	-2
637	638	0
638	638	-1
608	639	0
609	639	1
610	639	0
611	639	0
612	639	-1
613	639	0
614	639	0
615	639	1
616	639	2
617	639	2
618	639	4
619	639	3
620	639	4
621	639	4
622	639	3
623	639	3
624	639	4
625	639	2
626	639	-1
627	639	-1
628	639	0
629	639	0
630	639	1
631	639	1
632	639	1
633	639	1
634	639	2
635	639	3
636	639	6
637	639	3
638	639	1
639	639	0
609	640	0
610	640	0
611	640	0
612	640	0
613	640	2
614	640	5
615	640	6
616	640	2
617	640	0
618	640	-2
619	640	-2
620	640	-4
621	640	-4
622	640	-3
623	640	-2
624	640	-3
625	640	-4
626	640	-1
627	640	1
628	640	2
629	640	3
630	640	3
631	640	2
632	640	2
633	640	2
634	640	3
635	640	3
636	640	5
637	640	4
638	640	1
639	640	0
640	640	1
610	641	0
611	641	0
612	641	-2
613	641	0
614	641	-2
615	641	-1
616	641	1
617	641	3
618	641	4
619	641	3
620	641	3
621	641	2
622	641	3
623	641	3
624	641	3
625	641	3
626	641	3
627	641	4
628	641	4
629	641	1
630	641	0
631	641	1
632	641	0
633	641	0
634	641	0
635	641	1
636	641	1
637	641	1
638	641	1
639	641	0
640	641	1
641	641	0
611	642	1
612	642	-2
613	642	1
614	642	-1
615	642	-2
616	642	-1
617	642	0
618	642	1
619	642	1
620	642	0
621	642	0
622	642	1
623	642	3
624	642	3
625	642	3
626	642	3
627	642	3
628	642	4
629	642	2
630	642	1
631	642	1
632	642	1
633	642	0
634	642	1
635	642	1
636	642	2
637	642	3
638	642	0
639	642	1
640	642	0
641	642	0
642	642	0
612	643	-1
613	643	0
614	643	-1
615	643	2
616	643	3
617	643	3
618	643	2
619	643	3
620	643	3
621	643	3
622	643	1
623	643	-2
624	643	-4
625	643	-2
626	643	2
627	643	3
628	643	4
629	643	4
630	643	3
631	643	3
632	643	3
633	643	3
634	643	1
635	643	3
636	643	7
637	643	4
638	643	1
639	643	-1
640	643	-1
641	643	0
642	643	0
643	643	0
613	644	0
614	644	0
615	644	0
616	644	0
617	644	-1
618	644	0
619	644	0
620	644	0
621	644	0
622	644	-1
623	644	0
624	644	0
625	644	-1
626	644	0
627	644	0
628	644	0
629	644	-1
630	644	0
631	644	0
632	644	0
633	644	0
634	644	0
635	644	-1
636	644	0
637	644	0
638	644	0
639	644	0
640	644	0
641	644	0
642	644	0
643	644	1
644	644	0
614	645	-4
615	645	-1
616	645	1
617	645	2
618	645	3
619	645	3
620	645	3
621	645	4
622	645	3
623	645	1
624	645	-3
625	645	-3
626	645	0
627	645	3
628	645	4
629	645	2
630	645	1
631	645	0
632	645	0
633	645	1
634	645	0
635	645	-1
636	645	-3
637	645	-2
638	645	0
639	645	1
640	645	0
641	645	0
642	645	0
643	645	0
644	645	-1
645	645	-1
615	646	-2
616	646	1
617	646	2
618	646	3
619	646	4
620	646	4
621	646	5
622	646	4
623	646	3
624	646	0
625	646	-1
626	646	0
627	646	0
628	646	0
629	646	0
630	646	0
631	646	0
632	646	-1
633	646	1
634	646	1
635	646	2
636	646	2
637	646	0
638	646	1
639	646	0
640	646	0
641	646	0
642	646	0
643	646	0
644	646	-2
645	646	-2
646	646	-3
616	647	2
617	647	3
618	647	1
619	647	1
620	647	3
621	647	3
622	647	3
623	647	0
624	647	-1
625	647	-1
626	647	-1
627	647	0
628	647	1
629	647	2
630	647	3
631	647	2
632	647	2
633	647	3
634	647	2
635	647	1
636	647	0
637	647	-1
638	647	0
639	647	-1
640	647	0
641	647	0
642	647	0
643	647	0
644	647	-1
645	647	-1
646	647	-2
647	647	0
617	648	3
618	648	3
619	648	3
620	648	4
621	648	4
622	648	5
623	648	2
624	648	-1
625	648	-2
626	648	0
627	648	0
628	648	2
629	648	2
630	648	2
631	648	1
632	648	1
633	648	3
634	648	2
635	648	4
636	648	5
637	648	4
638	648	2
639	648	0
640	648	0
641	648	0
642	648	0
643	648	0
644	648	0
645	648	-1
646	648	1
647	648	1
648	648	1
618	649	2
619	649	4
620	649	4
621	649	3
622	649	4
623	649	3
624	649	4
625	649	3
626	649	3
627	649	2
628	649	0
629	649	-1
630	649	-1
631	649	0
632	649	-1
633	649	-1
634	649	-2
635	649	-1
636	649	2
637	649	1
638	649	-1
639	649	-1
640	649	0
641	649	0
642	649	0
643	649	1
644	649	-1
645	649	0
646	649	-2
647	649	-2
648	649	0
649	649	1
619	650	0
620	650	1
621	650	1
622	650	1
623	650	0
624	650	-2
625	650	-2
626	650	-1
627	650	1
628	650	2
629	650	1
630	650	0
631	650	1
632	650	1
633	650	2
634	650	2
635	650	3
636	650	5
637	650	5
638	650	2
639	650	1
640	650	0
641	650	0
642	650	0
643	650	-1
644	650	1
645	650	2
646	650	5
647	650	5
648	650	3
649	650	2
650	650	1
620	651	-2
621	651	-4
622	651	-3
623	651	-4
624	651	-4
625	651	-3
626	651	-2
627	651	1
628	651	1
629	651	1
630	651	2
631	651	2
632	651	3
633	651	3
634	651	3
635	651	1
636	651	-3
637	651	-3
638	651	0
639	651	0
640	651	-1
641	651	0
642	651	-1
643	651	0
644	651	1
645	651	2
646	651	4
647	651	5
648	651	6
649	651	6
650	651	4
651	651	4
621	652	-3
622	652	-2
623	652	2
624	652	3
625	652	5
626	652	3
627	652	2
628	652	0
629	652	0
630	652	1
631	652	1
632	652	2
633	652	2
634	652	2
635	652	3
636	652	6
637	652	5
638	652	1
639	652	1
640	652	1
641	652	0
642	652	0
643	652	0
644	652	1
645	652	1
646	652	2
647	652	2
648	652	1
649	652	-1
650	652	-1
651	652	-2
652	652	-4
622	653	3
623	653	2
624	653	2
625	653	1
626	653	-1
627	653	-1
628	653	-1
629	653	-1
630	653	0
631	653	0
632	653	2
633	653	3
634	653	1
635	653	2
636	653	3
637	653	2
638	653	0
639	653	1
640	653	0
641	653	1
642	653	0
643	653	-1
644	653	0
645	653	-1
646	653	-1
647	653	-1
648	653	0
649	653	1
650	653	2
651	653	2
652	653	2
653	653	2
623	654	1
624	654	0
625	654	-2
626	654	0
627	654	1
628	654	3
629	654	2
630	654	2
631	654	1
632	654	2
633	654	1
634	654	2
635	654	3
636	654	6
637	654	3
638	654	2
639	654	-1
640	654	0
641	654	0
642	654	0
643	654	1
644	654	0
645	654	-1
646	654	0
647	654	2
648	654	2
649	654	2
650	654	3
651	654	1
652	654	2
653	654	2
654	654	3
624	655	0
625	655	-1
626	655	0
627	655	1
628	655	1
629	655	0
630	655	0
631	655	0
632	655	-1
633	655	-1
634	655	-2
635	655	-3
636	655	-5
637	655	-5
638	655	-1
639	655	0
640	655	-1
641	655	0
642	655	1
643	655	0
644	655	-1
645	655	-2
646	655	-5
647	655	-6
648	655	-7
649	655	-6
650	655	-2
651	655	3
652	655	5
653	655	5
654	655	4
655	655	3
625	656	4
626	656	3
627	656	0
628	656	-2
629	656	-1
630	656	0
631	656	0
632	656	0
633	656	-1
634	656	0
635	656	0
636	656	1
637	656	2
638	656	0
639	656	0
640	656	0
641	656	0
642	656	0
643	656	-1
644	656	0
645	656	2
646	656	1
647	656	0
648	656	0
649	656	-1
650	656	-1
651	656	-1
652	656	-1
653	656	-1
654	656	1
655	656	2
656	656	5
626	657	-2
627	657	-1
628	657	0
629	657	0
630	657	1
631	657	1
632	657	1
633	657	3
634	657	3
635	657	3
636	657	6
637	657	3
638	657	2
639	657	-1
640	657	0
641	657	0
642	657	0
643	657	0
644	657	0
645	657	-1
646	657	3
647	657	4
648	657	3
649	657	3
650	657	2
651	657	2
652	657	1
653	657	2
654	657	1
655	657	0
656	657	0
657	657	0
627	658	3
628	658	2
629	658	1
630	658	0
631	658	0
632	658	-1
633	658	0
634	658	0
635	658	-1
636	658	-2
637	658	-2
638	658	-1
639	658	0
640	658	1
641	658	0
642	658	0
643	658	0
644	658	1
645	658	3
646	658	2
647	658	0
648	658	-2
649	658	-4
650	658	-4
651	658	-3
652	658	-4
653	658	-3
654	658	-4
655	658	-4
656	658	0
657	658	2
658	658	2
628	659	1
629	659	1
630	659	-1
631	659	1
632	659	0
633	659	0
634	659	1
635	659	3
636	659	6
637	659	4
638	659	2
639	659	0
640	659	0
641	659	0
642	659	0
643	659	0
644	659	0
645	659	-1
646	659	-1
647	659	-1
648	659	-1
649	659	-1
650	659	0
651	659	0
652	659	1
653	659	0
654	659	2
655	659	3
656	659	3
657	659	3
658	659	3
659	659	2
629	660	-4
630	660	-3
631	660	-2
632	660	-1
633	660	-3
634	660	-2
635	660	0
636	660	5
637	660	4
638	660	2
639	660	0
640	660	0
641	660	0
642	660	0
643	660	0
644	660	0
645	660	-1
646	660	-1
647	660	-1
648	660	-2
649	660	-1
650	660	0
651	660	0
652	660	1
653	660	2
654	660	3
655	660	2
656	660	3
657	660	2
658	660	1
659	660	-1
660	660	-3
630	661	2
631	661	2
632	661	2
633	661	3
634	661	3
635	661	2
636	661	5
637	661	2
638	661	1
639	661	0
640	661	0
641	661	-1
642	661	0
643	661	0
644	661	0
645	661	0
646	661	1
647	661	1
648	661	0
649	661	0
650	661	1
651	661	1
652	661	1
653	661	1
654	661	1
655	661	1
656	661	3
657	661	2
658	661	0
659	661	0
660	661	2
661	661	3
631	662	4
632	662	4
633	662	5
634	662	4
635	662	5
636	662	6
637	662	4
638	662	1
639	662	0
640	662	0
641	662	0
642	662	0
643	662	-1
644	662	2
645	662	3
646	662	6
647	662	6
648	662	4
649	662	1
650	662	0
651	662	-2
652	662	-3
653	662	-3
654	662	-4
655	662	-3
656	662	0
657	662	1
658	662	2
659	662	4
660	662	3
661	662	3
662	662	2
632	663	1
633	663	2
634	663	1
635	663	2
636	663	3
637	663	2
638	663	2
639	663	0
640	663	1
641	663	-1
642	663	0
643	663	0
644	663	-1
645	663	-1
646	663	0
647	663	1
648	663	1
649	663	2
650	663	2
651	663	1
652	663	0
653	663	1
654	663	1
655	663	-2
656	663	-2
657	663	-2
658	663	1
659	663	2
660	663	3
661	663	2
662	663	2
663	663	1
633	664	0
634	664	0
635	664	2
636	664	5
637	664	3
638	664	1
639	664	0
640	664	-1
641	664	0
642	664	-1
643	664	-1
644	664	-1
645	664	-1
646	664	-2
647	664	-3
648	664	-3
649	664	-1
650	664	3
651	664	3
652	664	4
653	664	4
654	664	4
655	664	4
656	664	4
657	664	2
658	664	1
659	664	-1
660	664	0
661	664	0
662	664	0
663	664	0
664	664	0
634	665	-1
635	665	2
636	665	5
637	665	3
638	665	1
639	665	0
640	665	0
641	665	-1
642	665	0
643	665	-1
644	665	-1
645	665	-1
646	665	-2
647	665	-3
648	665	-3
649	665	-2
650	665	0
651	665	1
652	665	1
653	665	2
654	665	2
655	665	2
656	665	3
657	665	2
658	665	2
659	665	0
660	665	0
661	665	-1
662	665	-1
663	665	-1
664	665	-1
665	665	-1
635	666	3
636	666	5
637	666	5
638	666	1
639	666	0
640	666	0
641	666	0
642	666	0
643	666	-1
644	666	0
645	666	-1
646	666	1
647	666	3
648	666	2
649	666	-1
650	666	-2
651	666	-2
652	666	-3
653	666	-1
654	666	0
655	666	0
656	666	1
657	666	-1
658	666	1
659	666	2
660	666	2
661	666	0
662	666	1
663	666	0
664	666	2
665	666	2
666	666	2
636	667	0
637	667	0
638	667	1
639	667	0
640	667	0
641	667	0
642	667	-1
643	667	0
644	667	0
645	667	-1
646	667	-1
647	667	-2
648	667	-4
649	667	-5
650	667	-2
651	667	-2
652	667	1
653	667	1
654	667	2
655	667	3
656	667	3
657	667	0
658	667	-4
659	667	-6
660	667	-5
661	667	-5
662	667	-4
663	667	-4
664	667	-3
665	667	-2
666	667	-1
667	667	-2
637	668	-1
638	668	0
639	668	0
640	668	0
641	668	0
642	668	1
643	668	0
644	668	-1
645	668	0
646	668	-1
647	668	-2
648	668	-2
649	668	-1
650	668	2
651	668	3
652	668	5
653	668	2
654	668	-2
655	668	-6
656	668	-3
657	668	-1
658	668	0
659	668	0
660	668	0
661	668	0
662	668	-1
663	668	0
664	668	0
665	668	0
666	668	0
667	668	0
668	668	1
638	669	0
639	669	1
640	669	-1
641	669	0
642	669	0
643	669	-1
644	669	0
645	669	2
646	669	5
647	669	2
648	669	0
649	669	-1
650	669	-3
651	669	-3
652	669	-4
653	669	-3
654	669	-4
655	669	-3
656	669	-4
657	669	-4
658	669	-1
659	669	0
660	669	2
661	669	1
662	669	2
663	669	2
664	669	3
665	669	4
666	669	3
667	669	2
668	669	2
669	669	0
639	670	1
640	670	0
641	670	-1
642	670	0
643	670	1
644	670	-1
645	670	1
646	670	-1
647	670	-2
648	670	0
649	670	0
650	670	0
651	670	1
652	670	0
653	670	-1
654	670	0
655	670	0
656	670	-1
657	670	0
658	670	-1
659	670	-2
660	670	-3
661	670	-3
662	670	-1
663	670	2
664	670	3
665	670	3
666	670	1
667	670	-2
668	670	-3
669	670	-1
670	670	0
640	671	0
641	671	0
642	671	0
643	671	0
644	671	-1
645	671	-2
646	671	0
647	671	-1
648	671	-1
649	671	1
650	671	2
651	671	3
652	671	4
653	671	3
654	671	4
655	671	4
656	671	3
657	671	1
658	671	-1
659	671	0
660	671	0
661	671	0
662	671	0
663	671	0
664	671	0
665	671	1
666	671	3
667	671	4
668	671	4
669	671	1
670	671	1
671	671	0
641	672	0
642	672	0
643	672	0
644	672	-1
645	672	-2
646	672	1
647	672	1
648	672	2
649	672	2
650	672	1
651	672	1
652	672	2
653	672	3
654	672	3
655	672	4
656	672	3
657	672	2
658	672	1
659	672	0
660	672	0
661	672	0
662	672	-1
663	672	1
664	672	1
665	672	3
666	672	3
667	672	5
668	672	5
669	672	3
670	672	2
671	672	0
672	672	0
642	673	0
643	673	0
644	673	0
645	673	0
646	673	-2
647	673	-3
648	673	-3
649	673	-2
650	673	2
651	673	3
652	673	3
653	673	4
654	673	5
655	673	4
656	673	3
657	673	4
658	673	2
659	673	1
660	673	-1
661	673	-1
662	673	-1
663	673	-1
664	673	0
665	673	-1
666	673	0
667	673	1
668	673	4
669	673	3
670	673	1
671	673	0
672	673	0
673	673	-1
643	674	1
644	674	-1
645	674	-2
646	674	-5
647	674	-3
648	674	-1
649	674	1
650	674	1
651	674	3
652	674	3
653	674	3
654	674	0
655	674	-2
656	674	-3
657	674	0
658	674	2
659	674	2
660	674	1
661	674	1
662	674	1
663	674	1
664	674	0
665	674	-2
666	674	-2
667	674	-2
668	674	-3
669	674	-3
670	674	-2
671	674	0
672	674	0
673	674	-1
674	674	0
644	675	0
645	675	0
646	675	2
647	675	2
648	675	-1
649	675	-2
650	675	-1
651	675	1
652	675	1
653	675	1
654	675	3
655	675	3
656	675	2
657	675	1
658	675	-3
659	675	-5
660	675	-7
661	675	-6
662	675	-5
663	675	-5
664	675	-4
665	675	-3
666	675	-3
667	675	-2
668	675	0
669	675	2
670	675	2
671	675	0
672	675	0
673	675	0
674	675	0
675	675	-1
645	676	-2
646	676	0
647	676	2
648	676	3
649	676	3
650	676	3
651	676	3
652	676	1
653	676	2
654	676	2
655	676	1
656	676	-1
657	676	0
658	676	0
659	676	0
660	676	-1
661	676	-3
662	676	-3
663	676	-3
664	676	-3
665	676	-1
666	676	1
667	676	5
668	676	5
669	676	3
670	676	2
671	676	1
672	676	0
673	676	0
674	676	0
675	676	0
676	676	0
646	677	0
647	677	2
648	677	2
649	677	4
650	677	4
651	677	3
652	677	2
653	677	3
654	677	2
655	677	1
656	677	0
657	677	-1
658	677	1
659	677	3
660	677	2
661	677	2
662	677	2
663	677	2
664	677	1
665	677	1
666	677	2
667	677	4
668	677	5
669	677	2
670	677	0
671	677	0
672	677	0
673	677	0
674	677	0
675	677	0
676	677	1
677	677	-2
647	678	-1
648	678	1
649	678	3
650	678	3
651	678	3
652	678	4
653	678	4
654	678	4
655	678	3
656	678	0
657	678	-1
658	678	0
659	678	0
660	678	0
661	678	1
662	678	0
663	678	0
664	678	0
665	678	1
666	678	2
667	678	4
668	678	3
669	678	1
670	678	0
671	678	0
672	678	0
673	678	0
674	678	0
675	678	0
676	678	0
677	678	-1
678	678	-2
648	679	-4
649	679	-5
650	679	-5
651	679	-4
652	679	-3
653	679	-4
654	679	-1
655	679	1
656	679	3
657	679	3
658	679	1
659	679	-1
660	679	-3
661	679	-4
662	679	-4
663	679	-3
664	679	-2
665	679	-2
666	679	-1
667	679	-2
668	679	-1
669	679	1
670	679	1
671	679	1
672	679	0
673	679	0
674	679	0
675	679	-1
676	679	1
677	679	0
678	679	-1
679	679	-3
649	680	2
650	680	3
651	680	1
652	680	3
653	680	4
654	680	3
655	680	3
656	680	1
657	680	-1
658	680	-1
659	680	1
660	680	2
661	680	1
662	680	2
663	680	1
664	680	2
665	680	2
666	680	2
667	680	3
668	680	4
669	680	2
670	680	1
671	680	0
672	680	0
673	680	0
674	680	0
675	680	0
676	680	-1
677	680	0
678	680	1
679	680	1
680	680	1
650	681	-1
651	681	1
652	681	3
653	681	3
654	681	3
655	681	4
656	681	3
657	681	2
658	681	0
659	681	-1
660	681	-2
661	681	-1
662	681	-1
663	681	-1
664	681	-1
665	681	-1
666	681	-2
667	681	0
668	681	1
669	681	2
670	681	1
671	681	0
672	681	0
673	681	0
674	681	0
675	681	-1
676	681	-1
677	681	0
678	681	-4
679	681	-5
680	681	-5
681	681	-4
651	682	3
652	682	4
653	682	3
654	682	4
655	682	2
656	682	2
657	682	0
658	682	0
659	682	1
660	682	1
661	682	1
662	682	0
663	682	0
664	682	1
665	682	1
666	682	3
667	682	4
668	682	5
669	682	3
670	682	2
671	682	0
672	682	0
673	682	0
674	682	1
675	682	0
676	682	0
677	682	-1
678	682	1
679	682	3
680	682	3
681	682	2
682	682	4
652	683	-1
653	683	-2
654	683	-1
655	683	-3
656	683	-2
657	683	0
658	683	1
659	683	3
660	683	3
661	683	3
662	683	4
663	683	3
664	683	4
665	683	3
666	683	2
667	683	-1
668	683	-4
669	683	-3
670	683	-1
671	683	0
672	683	0
673	683	0
674	683	0
675	683	0
676	683	1
677	683	2
678	683	5
679	683	5
680	683	5
681	683	4
682	683	3
683	683	2
653	684	-1
654	684	1
655	684	3
656	684	4
657	684	3
658	684	2
659	684	0
660	684	-2
661	684	0
662	684	0
663	684	0
664	684	1
665	684	2
666	684	3
667	684	5
668	684	5
669	684	3
670	684	2
671	684	0
672	684	0
673	684	0
674	684	0
675	684	0
676	684	0
677	684	0
678	684	3
679	684	2
680	684	0
681	684	-1
682	684	-2
683	684	-2
684	684	-1
654	685	2
655	685	2
656	685	0
657	685	-1
658	685	0
659	685	1
660	685	1
661	685	2
662	685	1
663	685	1
664	685	2
665	685	3
666	685	3
667	685	4
668	685	3
669	685	0
670	685	0
671	685	0
672	685	0
673	685	0
674	685	1
675	685	0
676	685	0
677	685	-2
678	685	-2
679	685	-2
680	685	-1
681	685	1
682	685	1
683	685	2
684	685	3
685	685	4
655	686	2
656	686	1
657	686	-1
658	686	1
659	686	1
660	686	2
661	686	1
662	686	1
663	686	1
664	686	1
665	686	2
666	686	2
667	686	4
668	686	4
669	686	2
670	686	1
671	686	0
672	686	1
673	686	0
674	686	0
675	686	0
676	686	-1
677	686	-2
678	686	0
679	686	0
680	686	1
681	686	0
682	686	1
683	686	2
684	686	1
685	686	3
686	686	3
656	687	2
657	687	1
658	687	0
659	687	0
660	687	2
661	687	3
662	687	2
663	687	1
664	687	1
665	687	2
666	687	3
667	687	3
668	687	5
669	687	3
670	687	2
671	687	0
672	687	0
673	687	0
674	687	0
675	687	0
676	687	0
677	687	0
678	687	3
679	687	2
680	687	2
681	687	1
682	687	1
683	687	1
684	687	1
685	687	2
686	687	3
687	687	4
657	688	3
658	688	1
659	688	2
660	688	2
661	688	3
662	688	2
663	688	2
664	688	2
665	688	2
666	688	2
667	688	3
668	688	4
669	688	2
670	688	1
671	688	0
672	688	0
673	688	0
674	688	0
675	688	0
676	688	0
677	688	0
678	688	3
679	688	3
680	688	3
681	688	2
682	688	1
683	688	1
684	688	1
685	688	2
686	688	2
687	688	2
688	688	4
658	689	0
659	689	-1
660	689	0
661	689	0
662	689	0
663	689	0
664	689	1
665	689	2
666	689	3
667	689	5
668	689	6
669	689	2
670	689	2
671	689	0
672	689	0
673	689	0
674	689	0
675	689	0
676	689	0
677	689	-1
678	689	1
679	689	1
680	689	0
681	689	2
682	689	3
683	689	3
684	689	3
685	689	2
686	689	4
687	689	3
688	689	4
689	689	3
659	690	0
660	690	1
661	690	1
662	690	0
663	690	0
664	690	1
665	690	3
666	690	3
667	690	3
668	690	4
669	690	1
670	690	0
671	690	1
672	690	0
673	690	1
674	690	0
675	690	0
676	690	0
677	690	-1
678	690	-1
679	690	1
680	690	2
681	690	3
682	690	2
683	690	1
684	690	2
685	690	2
686	690	2
687	690	4
688	690	2
689	690	1
690	690	2
660	691	1
661	691	0
662	691	-1
663	691	0
664	691	-1
665	691	0
666	691	0
667	691	0
668	691	2
669	691	1
670	691	1
671	691	0
672	691	0
673	691	0
674	691	0
675	691	1
676	691	0
677	691	-1
678	691	-2
679	691	-4
680	691	-5
681	691	-5
682	691	-5
683	691	-5
684	691	0
685	691	2
686	691	3
687	691	4
688	691	3
689	691	3
690	691	1
691	691	1
661	692	1
662	692	1
663	692	1
664	692	2
665	692	2
666	692	1
667	692	-1
668	692	-4
669	692	-2
670	692	-2
671	692	0
672	692	0
673	692	0
674	692	0
675	692	-1
676	692	1
677	692	1
678	692	2
679	692	1
680	692	1
681	692	2
682	692	2
683	692	2
684	692	1
685	692	2
686	692	2
687	692	2
688	692	0
689	692	1
690	692	1
691	692	2
692	692	2
662	693	-3
663	693	-1
664	693	-1
665	693	0
666	693	2
667	693	3
668	693	1
669	693	2
670	693	1
671	693	0
672	693	1
673	693	0
674	693	-1
675	693	0
676	693	0
677	693	0
678	693	3
679	693	3
680	693	4
681	693	4
682	693	3
683	693	3
684	693	2
685	693	1
686	693	0
687	693	0
688	693	-1
689	693	-1
690	693	0
691	693	1
692	693	1
693	693	0
663	694	0
664	694	0
665	694	2
666	694	2
667	694	3
668	694	4
669	694	1
670	694	2
671	694	1
672	694	0
673	694	0
674	694	0
675	694	0
676	694	-1
677	694	-1
678	694	1
679	694	-1
680	694	-2
681	694	-1
682	694	1
683	694	2
684	694	2
685	694	2
686	694	2
687	694	2
688	694	1
689	694	1
690	694	1
691	694	1
692	694	2
693	694	2
694	694	1
664	695	3
665	695	1
666	695	-1
667	695	-4
668	695	-4
669	695	-1
670	695	1
671	695	0
672	695	1
673	695	0
674	695	0
675	695	-1
676	695	1
677	695	2
678	695	4
679	695	-1
680	695	-4
681	695	-6
682	695	-5
683	695	-5
684	695	-6
685	695	-6
686	695	-7
687	695	-6
688	695	-1
689	695	4
690	695	3
691	695	3
692	695	3
693	695	3
694	695	3
695	695	1
665	696	0
666	696	2
667	696	3
668	696	4
669	696	1
670	696	1
671	696	0
672	696	0
673	696	0
674	696	0
675	696	0
676	696	0
677	696	-2
678	696	-3
679	696	-2
680	696	-1
681	696	0
682	696	1
683	696	2
684	696	3
685	696	3
686	696	3
687	696	3
688	696	3
689	696	3
690	696	2
691	696	1
692	696	1
693	696	1
694	696	0
695	696	0
696	696	1
666	697	2
667	697	3
668	697	5
669	697	1
670	697	1
671	697	1
672	697	0
673	697	1
674	697	0
675	697	0
676	697	-1
677	697	-2
678	697	-3
679	697	-2
680	697	-1
681	697	0
682	697	2
683	697	1
684	697	2
685	697	3
686	697	2
687	697	3
688	697	3
689	697	2
690	697	3
691	697	3
692	697	2
693	697	2
694	697	0
695	697	2
696	697	1
697	697	2
667	698	4
668	698	3
669	698	3
670	698	1
671	698	0
672	698	0
673	698	0
674	698	0
675	698	0
676	698	1
677	698	1
678	698	6
679	698	4
680	698	4
681	698	2
682	698	3
683	698	1
684	698	0
685	698	-1
686	698	-2
687	698	0
688	698	0
689	698	0
690	698	1
691	698	1
692	698	2
693	698	1
694	698	1
695	698	1
696	698	2
697	698	3
698	698	4
668	699	3
669	699	1
670	699	0
671	699	-1
672	699	0
673	699	0
674	699	0
675	699	-1
676	699	1
677	699	0
678	699	2
679	699	2
680	699	1
681	699	2
682	699	2
683	699	2
684	699	3
685	699	3
686	699	3
687	699	4
688	699	2
689	699	2
690	699	2
691	699	2
692	699	2
693	699	2
694	699	1
695	699	1
696	699	2
697	699	2
698	699	3
699	699	2
669	700	-1
670	700	0
671	700	0
672	700	-1
673	700	0
674	700	-1
675	700	1
676	700	1
677	700	2
678	700	5
679	700	4
680	700	2
681	700	0
682	700	-2
683	700	-3
684	700	-4
685	700	-5
686	700	-5
687	700	-6
688	700	-3
689	700	0
690	700	1
691	700	3
692	700	3
693	700	3
694	700	2
695	700	2
696	700	2
697	700	1
698	700	-1
699	700	-2
700	700	0
670	701	0
671	701	0
672	701	0
673	701	0
674	701	0
675	701	0
676	701	1
677	701	1
678	701	3
679	701	4
680	701	4
681	701	3
682	701	3
683	701	3
684	701	2
685	701	1
686	701	-1
687	701	-1
688	701	0
689	701	0
690	701	-1
691	701	0
692	701	0
693	701	1
694	701	1
695	701	2
696	701	3
697	701	3
698	701	4
699	701	2
700	701	3
701	701	2
671	702	0
672	702	0
673	702	0
674	702	0
675	702	1
676	702	0
677	702	-2
678	702	-2
679	702	-3
680	702	-4
681	702	-4
682	702	-5
683	702	-5
684	702	-5
685	702	-4
686	702	-1
687	702	2
688	702	3
689	702	3
690	702	2
691	702	0
692	702	-3
693	702	-6
694	702	-4
695	702	-4
696	702	-3
697	702	-3
698	702	-2
699	702	-3
700	702	-1
701	702	-1
702	702	1
672	703	0
673	703	0
674	703	-1
675	703	1
676	703	-1
677	703	-2
678	703	-1
679	703	0
680	703	0
681	703	1
682	703	2
683	703	2
684	703	2
685	703	3
686	703	2
687	703	2
688	703	2
689	703	1
690	703	0
691	703	1
692	703	0
693	703	1
694	703	0
695	703	0
696	703	1
697	703	2
698	703	3
699	703	3
700	703	5
701	703	3
702	703	1
703	703	1
673	704	0
674	704	1
675	704	0
676	704	-1
677	704	-3
678	704	-4
679	704	-3
680	704	-4
681	704	-4
682	704	-5
683	704	-5
684	704	-3
685	704	-2
686	704	1
687	704	3
688	704	3
689	704	3
690	704	2
691	704	0
692	704	-2
693	704	-3
694	704	-3
695	704	-3
696	704	-3
697	704	-3
698	704	-3
699	704	-2
700	704	0
701	704	-1
702	704	0
703	704	0
704	704	0
674	705	0
675	705	-1
676	705	1
677	705	-1
678	705	0
679	705	2
680	705	1
681	705	1
682	705	2
683	705	2
684	705	2
685	705	3
686	705	2
687	705	1
688	705	1
689	705	0
690	705	0
691	705	1
692	705	2
693	705	1
694	705	1
695	705	1
696	705	1
697	705	3
698	705	3
699	705	3
700	705	4
701	705	3
702	705	1
703	705	1
704	705	0
705	705	0
675	706	0
676	706	1
677	706	2
678	706	-3
679	706	-4
680	706	-5
681	706	-4
682	706	-3
683	706	1
684	706	3
685	706	4
686	706	5
687	706	4
688	706	2
689	706	1
690	706	0
691	706	0
692	706	0
693	706	1
694	706	1
695	706	0
696	706	-1
697	706	-2
698	706	-4
699	706	-4
700	706	-4
701	706	-4
702	706	0
703	706	0
704	706	-1
705	706	0
706	706	0
676	707	-1
677	707	1
678	707	7
679	707	4
680	707	4
681	707	2
682	707	2
683	707	-1
684	707	-2
685	707	-2
686	707	-1
687	707	-1
688	707	0
689	707	1
690	707	3
691	707	3
692	707	3
693	707	4
694	707	4
695	707	4
696	707	4
697	707	3
698	707	2
699	707	-1
700	707	-4
701	707	-2
702	707	0
703	707	0
704	707	0
705	707	0
706	707	0
707	707	0
677	708	1
678	708	6
679	708	4
680	708	3
681	708	2
682	708	2
683	708	1
684	708	0
685	708	-1
686	708	0
687	708	-1
688	708	0
689	708	0
690	708	0
691	708	0
692	708	2
693	708	2
694	708	2
695	708	3
696	708	3
697	708	3
698	708	4
699	708	3
700	708	3
701	708	2
702	708	1
703	708	0
704	708	0
705	708	0
706	708	0
707	708	0
708	708	0
678	709	2
679	709	3
680	709	2
681	709	3
682	709	3
683	709	3
684	709	3
685	709	1
686	709	1
687	709	1
688	709	0
689	709	1
690	709	1
691	709	2
692	709	2
693	709	1
694	709	2
695	709	2
696	709	2
697	709	2
698	709	3
699	709	4
700	709	3
701	709	3
702	709	1
703	709	0
704	709	1
705	709	0
706	709	0
707	709	1
708	709	1
709	709	0
679	710	5
680	710	4
681	710	2
682	710	2
683	710	1
684	710	1
685	710	-1
686	710	0
687	710	0
688	710	1
689	710	0
690	710	0
691	710	1
692	710	3
693	710	3
694	710	3
695	710	2
696	710	3
697	710	4
698	710	3
699	710	2
700	710	3
701	710	3
702	710	0
703	710	-1
704	710	0
705	710	0
706	710	0
707	710	0
708	710	1
709	710	2
710	710	5
680	711	-4
681	711	-4
682	711	-4
683	711	-5
684	711	-5
685	711	-5
686	711	-2
687	711	1
688	711	3
689	711	3
690	711	1
691	711	-1
692	711	-5
693	711	-5
694	711	-4
695	711	-3
696	711	-3
697	711	-3
698	711	-2
699	711	-2
700	711	0
701	711	0
702	711	1
703	711	0
704	711	0
705	711	0
706	711	0
707	711	0
708	711	-1
709	711	-1
710	711	-2
711	711	-2
681	712	1
682	712	2
683	712	1
684	712	2
685	712	2
686	712	3
687	712	3
688	712	2
689	712	1
690	712	2
691	712	2
692	712	2
693	712	2
694	712	2
695	712	1
696	712	2
697	712	2
698	712	3
699	712	2
700	712	4
701	712	3
702	712	1
703	712	-1
704	712	0
705	712	0
706	712	0
707	712	0
708	712	1
709	712	1
710	712	3
711	712	4
712	712	1
682	713	0
683	713	-1
684	713	-1
685	713	-1
686	713	0
687	713	0
688	713	1
689	713	1
690	713	1
691	713	2
692	713	3
693	713	2
694	713	2
695	713	3
696	713	3
697	713	3
698	713	3
699	713	1
700	713	1
701	713	1
702	713	-1
703	713	-1
704	713	0
705	713	0
706	713	1
707	713	0
708	713	0
709	713	2
710	713	5
711	713	5
712	713	3
713	713	3
683	714	1
684	714	3
685	714	4
686	714	4
687	714	4
688	714	4
689	714	4
690	714	2
691	714	1
692	714	0
693	714	1
694	714	0
695	714	0
696	714	-1
697	714	0
698	714	0
699	714	2
700	714	2
701	714	1
702	714	1
703	714	0
704	714	0
705	714	1
706	714	0
707	714	0
708	714	-1
709	714	-1
710	714	-2
711	714	-2
712	714	-5
713	714	-4
714	714	-2
684	715	4
685	715	3
686	715	4
687	715	3
688	715	4
689	715	3
690	715	0
691	715	-2
692	715	-2
693	715	-2
694	715	-2
695	715	-1
696	715	-1
697	715	1
698	715	4
699	715	4
700	715	5
701	715	3
702	715	2
703	715	0
704	715	0
705	715	0
706	715	0
707	715	0
708	715	-1
709	715	-1
710	715	-3
711	715	-4
712	715	-3
713	715	0
714	715	3
715	715	3
685	716	2
686	716	2
687	716	1
688	716	1
689	716	0
690	716	1
691	716	1
692	716	2
693	716	1
694	716	0
695	716	0
696	716	1
697	716	2
698	716	3
699	716	2
700	716	2
701	716	1
702	716	0
703	716	0
704	716	0
705	716	0
706	716	0
707	716	-1
708	716	1
709	716	0
710	716	-2
711	716	0
712	716	1
713	716	1
714	716	1
715	716	2
716	716	1
686	717	3
687	717	3
688	717	2
689	717	1
690	717	2
691	717	2
692	717	2
693	717	3
694	717	1
695	717	2
696	717	2
697	717	2
698	717	3
699	717	3
700	717	3
701	717	3
702	717	1
703	717	0
704	717	0
705	717	0
706	717	1
707	717	0
708	717	0
709	717	0
710	717	2
711	717	2
712	717	1
713	717	0
714	717	2
715	717	1
716	717	2
717	717	3
687	718	2
688	718	3
689	718	2
690	718	3
691	718	2
692	718	3
693	718	1
694	718	2
695	718	2
696	718	2
697	718	4
698	718	3
699	718	3
700	718	3
701	718	3
702	718	1
703	718	0
704	718	0
705	718	0
706	718	0
707	718	-1
708	718	-1
709	718	0
710	718	2
711	718	2
712	718	1
713	718	2
714	718	2
715	718	2
716	718	1
717	718	2
718	718	2
688	719	4
689	719	3
690	719	1
691	719	1
692	719	-1
693	719	0
694	719	-1
695	719	-1
696	719	0
697	719	1
698	719	2
699	719	4
700	719	4
701	719	3
702	719	0
703	719	0
704	719	0
705	719	0
706	719	0
707	719	1
708	719	0
709	719	-2
710	719	-1
711	719	2
712	719	1
713	719	2
714	719	3
715	719	4
716	719	3
717	719	3
718	719	5
719	719	5
689	720	0
690	720	1
691	720	1
692	720	2
693	720	2
694	720	3
695	720	3
696	720	3
697	720	4
698	720	3
699	720	3
700	720	4
701	720	3
702	720	1
703	720	0
704	720	0
705	720	1
706	720	0
707	720	0
708	720	0
709	720	2
710	720	4
711	720	4
712	720	3
713	720	3
714	720	3
715	720	3
716	720	1
717	720	2
718	720	1
719	720	1
720	720	1
690	721	3
691	721	2
692	721	1
693	721	1
694	721	0
695	721	0
696	721	-1
697	721	-2
698	721	-3
699	721	-1
700	721	-1
701	721	-2
702	721	0
703	721	0
704	721	0
705	721	0
706	721	0
707	721	1
708	721	-1
709	721	-1
710	721	-2
711	721	-2
712	721	-5
713	721	-3
714	721	-3
715	721	-4
716	721	-4
717	721	-1
718	721	1
719	721	3
720	721	3
721	721	2
691	722	1
692	722	1
693	722	0
694	722	-1
695	722	1
696	722	2
697	722	4
698	722	4
699	722	4
700	722	4
701	722	3
702	722	0
703	722	0
704	722	0
705	722	0
706	722	0
707	722	-1
708	722	1
709	722	2
710	722	1
711	722	1
712	722	1
713	722	1
714	722	1
715	722	1
716	722	2
717	722	2
718	722	3
719	722	3
720	722	3
721	722	2
722	722	2
692	723	1
693	723	0
694	723	-1
695	723	-2
696	723	-2
697	723	-2
698	723	-3
699	723	-2
700	723	-1
701	723	-2
702	723	-1
703	723	0
704	723	0
705	723	0
706	723	0
707	723	0
708	723	-1
709	723	-2
710	723	-3
711	723	-4
712	723	-5
713	723	-3
714	723	-4
715	723	-5
716	723	-4
717	723	0
718	723	3
719	723	4
720	723	3
721	723	3
722	723	2
723	723	1
693	724	1
694	724	1
695	724	1
696	724	1
697	724	-1
698	724	-4
699	724	-5
700	724	-4
701	724	-3
702	724	-2
703	724	0
704	724	0
705	724	0
706	724	0
707	724	0
708	724	0
709	724	1
710	724	3
711	724	2
712	724	2
713	724	1
714	724	1
715	724	1
716	724	1
717	724	1
718	724	1
719	724	1
720	724	1
721	724	1
722	724	2
723	724	2
724	724	1
694	725	-1
695	725	0
696	725	0
697	725	0
698	725	-1
699	725	0
700	725	1
701	725	0
702	725	0
703	725	0
704	725	0
705	725	0
706	725	0
707	725	0
708	725	0
709	725	-1
710	725	0
711	725	0
712	725	0
713	725	0
714	725	-1
715	725	0
716	725	0
717	725	-1
718	725	0
719	725	-1
720	725	-1
721	725	0
722	725	0
723	725	0
724	725	0
725	725	0
695	726	3
696	726	3
697	726	4
698	726	5
699	726	5
700	726	5
701	726	3
702	726	1
703	726	0
704	726	0
705	726	1
706	726	0
707	726	0
708	726	-1
709	726	1
710	726	5
711	726	4
712	726	2
713	726	2
714	726	3
715	726	3
716	726	2
717	726	1
718	726	0
719	726	0
720	726	0
721	726	0
722	726	1
723	726	1
724	726	1
725	726	3
726	726	3
696	727	0
697	727	0
698	727	0
699	727	0
700	727	-1
701	727	0
702	727	0
703	727	0
704	727	0
705	727	-1
706	727	0
707	727	0
708	727	0
709	727	0
710	727	0
711	727	0
712	727	0
713	727	-1
714	727	0
715	727	0
716	727	0
717	727	-1
718	727	0
719	727	0
720	727	0
721	727	0
722	727	0
723	727	0
724	727	0
725	727	-1
726	727	0
727	727	0
697	728	2
698	728	3
699	728	2
700	728	3
701	728	2
702	728	0
703	728	0
704	728	1
705	728	0
706	728	0
707	728	0
708	728	0
709	728	0
710	728	0
711	728	1
712	728	0
713	728	2
714	728	2
715	728	2
716	728	3
717	728	3
718	728	4
719	728	4
720	728	3
721	728	2
722	728	3
723	728	3
724	728	1
725	728	2
726	728	2
727	728	2
728	728	1
698	729	1
699	729	2
700	729	4
701	729	3
702	729	1
703	729	0
704	729	0
705	729	-1
706	729	-1
707	729	0
708	729	-1
709	729	1
710	729	1
711	729	1
712	729	0
713	729	0
714	729	1
715	729	1
716	729	2
717	729	3
718	729	3
719	729	3
720	729	2
721	729	3
722	729	3
723	729	2
724	729	1
725	729	1
726	729	1
727	729	1
728	729	1
729	729	1
699	730	1
700	730	3
701	730	3
702	730	1
703	730	-1
704	730	0
705	730	0
706	730	0
707	730	0
708	730	0
709	730	1
710	730	5
711	730	4
712	730	2
713	730	2
714	730	2
715	730	2
716	730	2
717	730	2
718	730	3
719	730	1
720	730	1
721	730	2
722	730	3
723	730	3
724	730	4
725	730	4
726	730	3
727	730	4
728	730	3
729	730	2
730	730	1
700	731	2
701	731	1
702	731	0
703	731	0
704	731	0
705	731	0
706	731	0
707	731	0
708	731	0
709	731	1
710	731	1
711	731	2
712	731	2
713	731	2
714	731	3
715	731	3
716	731	4
717	731	5
718	731	5
719	731	5
720	731	3
721	731	3
722	731	3
723	731	2
724	731	2
725	731	2
726	731	1
727	731	1
728	731	2
729	731	2
730	731	1
731	731	1
701	732	3
702	732	1
703	732	0
704	732	1
705	732	0
706	732	0
707	732	0
708	732	1
709	732	2
710	732	5
711	732	6
712	732	3
713	732	2
714	732	2
715	732	2
716	732	2
717	732	1
718	732	3
719	732	2
720	732	1
721	732	2
722	732	2
723	732	3
724	732	3
725	732	3
726	732	3
727	732	3
728	732	3
729	732	3
730	732	2
731	732	2
732	732	3
702	733	0
703	733	-1
704	733	0
705	733	0
706	733	-1
707	733	0
708	733	0
709	733	2
710	733	5
711	733	4
712	733	3
713	733	2
714	733	2
715	733	3
716	733	3
717	733	2
718	733	1
719	733	1
720	733	0
721	733	1
722	733	1
723	733	0
724	733	1
725	733	1
726	733	2
727	733	3
728	733	3
729	733	4
730	733	3
731	733	1
732	733	0
733	733	0
703	734	0
704	734	0
705	734	0
706	734	0
707	734	0
708	734	1
709	734	2
710	734	3
711	734	3
712	734	2
713	734	1
714	734	2
715	734	2
716	734	2
717	734	2
718	734	2
719	734	3
720	734	2
721	734	1
722	734	2
723	734	1
724	734	1
725	734	1
726	734	2
727	734	2
728	734	2
729	734	3
730	734	2
731	734	1
732	734	1
733	734	3
734	734	0
704	735	0
705	735	0
706	735	0
707	735	0
708	735	0
709	735	1
710	735	0
711	735	-2
712	735	-4
713	735	-6
714	735	-5
715	735	-5
716	735	-5
717	735	-6
718	735	-7
719	735	-7
720	735	-7
721	735	-4
722	735	2
723	735	2
724	735	2
725	735	3
726	735	3
727	735	3
728	735	2
729	735	2
730	735	0
731	735	-2
732	735	-2
733	735	0
734	735	1
735	735	0
705	736	0
706	736	0
707	736	0
708	736	1
709	736	2
710	736	4
711	736	5
712	736	4
713	736	4
714	736	4
715	736	3
716	736	2
717	736	1
718	736	0
719	736	-1
720	736	0
721	736	0
722	736	0
723	736	1
724	736	2
725	736	2
726	736	3
727	736	3
728	736	3
729	736	4
730	736	3
731	736	3
732	736	3
733	736	2
734	736	-1
735	736	0
736	736	-1
706	737	0
707	737	0
708	737	0
709	737	2
710	737	1
711	737	-1
712	737	-4
713	737	-4
714	737	-5
715	737	-4
716	737	-4
717	737	-5
718	737	-6
719	737	-5
720	737	-1
721	737	2
722	737	3
723	737	3
724	737	3
725	737	3
726	737	3
727	737	3
728	737	2
729	737	1
730	737	-1
731	737	-2
732	737	-2
733	737	-1
734	737	0
735	737	-1
736	737	0
737	737	0
707	738	0
708	738	1
709	738	-2
710	738	-4
711	738	-4
712	738	-4
713	738	-4
714	738	-2
715	738	-1
716	738	2
717	738	4
718	738	5
719	738	5
720	738	4
721	738	4
722	738	3
723	738	3
724	738	2
725	738	1
726	738	0
727	738	-2
728	738	-3
729	738	-3
730	738	-4
731	738	-3
732	738	-3
733	738	-3
734	738	0
735	738	0
736	738	0
737	738	0
738	738	0
708	739	1
709	739	0
710	739	1
711	739	-1
712	739	2
713	739	3
714	739	3
715	739	4
716	739	3
717	739	1
718	739	1
719	739	0
720	739	0
721	739	0
722	739	0
723	739	1
724	739	1
725	739	0
726	739	-2
727	739	-3
728	739	-5
729	739	-4
730	739	-5
731	739	-4
732	739	-3
733	739	-1
734	739	0
735	739	0
736	739	0
737	739	0
738	739	0
739	739	0
709	740	0
710	740	-2
711	740	-3
712	740	-5
713	740	-4
714	740	-5
715	740	-4
716	740	-3
717	740	0
718	740	2
719	740	3
720	740	2
721	740	2
722	740	1
723	740	0
724	740	-1
725	740	-1
726	740	-1
727	740	-2
728	740	-2
729	740	-3
730	740	-3
731	740	-3
732	740	-2
733	740	-2
734	740	0
735	740	0
736	740	0
737	740	1
738	740	0
739	740	1
740	740	0
710	741	4
711	741	3
712	741	2
713	741	3
714	741	2
715	741	4
716	741	3
717	741	3
718	741	3
719	741	2
720	741	1
721	741	2
722	741	1
723	741	2
724	741	2
725	741	2
726	741	1
727	741	3
728	741	2
729	741	4
730	741	4
731	741	3
732	741	3
733	741	3
734	741	0
735	741	-1
736	741	1
737	741	0
738	741	0
739	741	0
740	741	-1
741	741	2
711	742	-1
712	742	0
713	742	0
714	742	0
715	742	0
716	742	1
717	742	0
718	742	1
719	742	0
720	742	0
721	742	0
722	742	0
723	742	0
724	742	-1
725	742	0
726	742	1
727	742	0
728	742	0
729	742	0
730	742	0
731	742	0
732	742	0
733	742	1
734	742	0
735	742	0
736	742	1
737	742	0
738	742	0
739	742	0
740	742	0
741	742	0
742	742	1
712	743	-3
713	743	-4
714	743	-5
715	743	-4
716	743	-2
717	743	0
718	743	3
719	743	4
720	743	3
721	743	0
722	743	-4
723	743	-6
724	743	-6
725	743	-6
726	743	-3
727	743	-3
728	743	-3
729	743	-3
730	743	-2
731	743	-1
732	743	0
733	743	0
734	743	0
735	743	0
736	743	0
737	743	0
738	743	0
739	743	1
740	743	0
741	743	0
742	743	0
743	743	-3
713	744	1
714	744	1
715	744	2
716	744	1
717	744	3
718	744	3
719	744	3
720	744	3
721	744	4
722	744	4
723	744	2
724	744	3
725	744	2
726	744	2
727	744	3
728	744	2
729	744	1
730	744	2
731	744	1
732	744	2
733	744	3
734	744	-1
735	744	0
736	744	0
737	744	0
738	744	1
739	744	-1
740	744	0
741	744	3
742	744	3
743	744	2
744	744	1
714	745	1
715	745	2
716	745	2
717	745	2
718	745	3
719	745	2
720	745	1
721	745	2
722	745	3
723	745	2
724	745	2
725	745	2
726	745	2
727	745	3
728	745	3
729	745	3
730	745	3
731	745	2
732	745	0
733	745	1
734	745	0
735	745	0
736	745	0
737	745	-1
738	745	0
739	745	0
740	745	0
741	745	1
742	745	5
743	745	4
744	745	1
745	745	1
715	746	1
716	746	3
717	746	3
718	746	4
719	746	3
720	746	3
721	746	2
722	746	2
723	746	2
724	746	0
725	746	0
726	746	0
727	746	0
728	746	1
729	746	2
730	746	3
731	746	3
732	746	2
733	746	2
734	746	0
735	746	0
736	746	0
737	746	0
738	746	0
739	746	-1
740	746	0
741	746	2
742	746	2
743	746	2
744	746	1
745	746	1
746	746	0
716	747	0
717	747	1
718	747	3
719	747	3
720	747	2
721	747	3
722	747	3
723	747	4
724	747	4
725	747	4
726	747	2
727	747	1
728	747	0
729	747	-2
730	747	-3
731	747	-3
732	747	-2
733	747	-2
734	747	0
735	747	0
736	747	0
737	747	1
738	747	0
739	747	1
740	747	-1
741	747	-1
742	747	0
743	747	-3
744	747	-4
745	747	-4
746	747	-3
747	747	-2
717	748	2
718	748	2
719	748	1
720	748	0
721	748	-2
722	748	-2
723	748	0
724	748	-1
725	748	1
726	748	1
727	748	2
728	748	1
729	748	0
730	748	1
731	748	3
732	748	5
733	748	3
734	748	1
735	748	0
736	748	0
737	748	0
738	748	1
739	748	1
740	748	0
741	748	4
742	748	4
743	748	5
744	748	4
745	748	4
746	748	2
747	748	2
748	748	1
718	749	2
719	749	2
720	749	2
721	749	2
722	749	2
723	749	2
724	749	3
725	749	4
726	749	3
727	749	4
728	749	3
729	749	3
730	749	2
731	749	2
732	749	1
733	749	3
734	749	-1
735	749	0
736	749	0
737	749	0
738	749	0
739	749	0
740	749	1
741	749	3
742	749	3
743	749	3
744	749	0
745	749	1
746	749	1
747	749	2
748	749	1
749	749	1
719	750	-4
720	750	0
721	750	2
722	750	3
723	750	2
724	750	2
725	750	0
726	750	-3
727	750	-4
728	750	-3
729	750	-3
730	750	-3
731	750	-2
732	750	-1
733	750	-1
734	750	-1
735	750	0
736	750	-1
737	750	0
738	750	1
739	750	0
740	750	-1
741	750	-1
742	750	-1
743	750	-1
744	750	-1
745	750	-2
746	750	-4
747	750	-5
748	750	-4
749	750	-4
750	750	-4
720	751	-1
721	751	0
722	751	0
723	751	0
724	751	0
725	751	0
726	751	-1
727	751	0
728	751	0
729	751	0
730	751	0
731	751	-1
732	751	0
733	751	-1
734	751	0
735	751	0
736	751	0
737	751	0
738	751	0
739	751	1
740	751	1
741	751	0
742	751	0
743	751	-1
744	751	0
745	751	0
746	751	-1
747	751	0
748	751	0
749	751	0
750	751	0
751	751	0
721	752	2
722	752	3
723	752	3
724	752	2
725	752	3
726	752	2
727	752	4
728	752	3
729	752	4
730	752	3
731	752	2
732	752	3
733	752	2
734	752	0
735	752	0
736	752	0
737	752	1
738	752	0
739	752	-1
740	752	1
741	752	4
742	752	4
743	752	4
744	752	2
745	752	2
746	752	2
747	752	1
748	752	2
749	752	1
750	752	3
751	752	3
752	752	4
722	753	1
723	753	1
724	753	1
725	753	1
726	753	1
727	753	2
728	753	3
729	753	3
730	753	4
731	753	3
732	753	2
733	753	3
734	753	0
735	753	1
736	753	0
737	753	0
738	753	0
739	753	1
740	753	0
741	753	2
742	753	3
743	753	3
744	753	2
745	753	2
746	753	3
747	753	3
748	753	2
749	753	3
750	753	2
751	753	2
752	753	2
753	753	2
723	754	1
724	754	1
725	754	2
726	754	0
727	754	1
728	754	1
729	754	3
730	754	3
731	754	2
732	754	1
733	754	2
734	754	-1
735	754	0
736	754	0
737	754	0
738	754	0
739	754	-1
740	754	0
741	754	2
742	754	1
743	754	1
744	754	1
745	754	2
746	754	2
747	754	2
748	754	1
749	754	3
750	754	3
751	754	3
752	754	3
753	754	2
754	754	2
724	755	1
725	755	2
726	755	3
727	755	3
728	755	3
729	755	3
730	755	3
731	755	2
732	755	2
733	755	1
734	755	-1
735	755	0
736	755	0
737	755	0
738	755	0
739	755	0
740	755	0
741	755	2
742	755	3
743	755	3
744	755	3
745	755	3
746	755	2
747	755	1
748	755	1
749	755	2
750	755	2
751	755	2
752	755	2
753	755	2
754	755	2
755	755	1
725	756	1
726	756	1
727	756	1
728	756	2
729	756	3
730	756	3
731	756	1
732	756	-1
733	756	0
734	756	-1
735	756	0
736	756	0
737	756	0
738	756	-1
739	756	0
740	756	0
741	756	1
742	756	1
743	756	0
744	756	-1
745	756	0
746	756	0
747	756	2
748	756	2
749	756	2
750	756	3
751	756	3
752	756	3
753	756	2
754	756	2
755	756	1
756	756	1
726	757	2
727	757	1
728	757	2
729	757	1
730	757	1
731	757	0
732	757	0
733	757	2
734	757	0
735	757	0
736	757	0
737	757	0
738	757	-1
739	757	0
740	757	0
741	757	3
742	757	4
743	757	4
744	757	5
745	757	4
746	757	4
747	757	4
748	757	3
749	757	2
750	757	2
751	757	2
752	757	1
753	757	2
754	757	2
755	757	2
756	757	3
757	757	3
727	758	4
728	758	3
729	758	3
730	758	4
731	758	4
732	758	3
733	758	3
734	758	0
735	758	0
736	758	0
737	758	0
738	758	0
739	758	0
740	758	0
741	758	4
742	758	3
743	758	4
744	758	3
745	758	2
746	758	2
747	758	2
748	758	1
749	758	1
750	758	0
751	758	1
752	758	0
753	758	0
754	758	0
755	758	1
756	758	2
757	758	2
758	758	3
728	759	2
729	759	3
730	759	4
731	759	2
732	759	1
733	759	2
734	759	0
735	759	0
736	759	0
737	759	0
738	759	0
739	759	-1
740	759	-1
741	759	-1
742	759	-3
743	759	-3
744	759	1
745	759	3
746	759	2
747	759	2
748	759	2
749	759	3
750	759	2
751	759	2
752	759	2
753	759	2
754	759	1
755	759	1
756	759	2
757	759	0
758	759	1
759	759	2
729	760	3
730	760	2
731	760	0
732	760	1
733	760	2
734	760	1
735	760	1
736	760	0
737	760	0
738	760	0
739	760	1
740	760	0
741	760	3
742	760	5
743	760	5
744	760	3
745	760	3
746	760	3
747	760	3
748	760	4
749	760	2
750	760	2
751	760	2
752	760	2
753	760	2
754	760	1
755	760	1
756	760	1
757	760	3
758	760	3
759	760	2
760	760	2
730	761	2
731	761	1
732	761	2
733	761	2
734	761	-1
735	761	0
736	761	0
737	761	0
738	761	0
739	761	0
740	761	0
741	761	2
742	761	2
743	761	2
744	761	2
745	761	1
746	761	2
747	761	2
748	761	2
749	761	2
750	761	3
751	761	3
752	761	2
753	761	3
754	761	2
755	761	1
756	761	2
757	761	3
758	761	2
759	761	2
760	761	2
761	761	3
731	762	1
732	762	2
733	762	1
734	762	0
735	762	0
736	762	0
737	762	0
738	762	0
739	762	0
740	762	1
741	762	3
742	762	4
743	762	5
744	762	3
745	762	3
746	762	2
747	762	2
748	762	1
749	762	0
750	762	1
751	762	1
752	762	1
753	762	1
754	762	2
755	762	2
756	762	2
757	762	3
758	762	3
759	762	3
760	762	2
761	762	2
762	762	2
732	763	1
733	763	2
734	763	0
735	763	-1
736	763	0
737	763	0
738	763	0
739	763	0
740	763	-1
741	763	2
742	763	3
743	763	2
744	763	2
745	763	1
746	763	2
747	763	2
748	763	3
749	763	3
750	763	4
751	763	5
752	763	3
753	763	3
754	763	2
755	763	2
756	763	2
757	763	2
758	763	1
759	763	2
760	763	1
761	763	1
762	763	2
763	763	0
733	764	2
734	764	1
735	764	0
736	764	0
737	764	0
738	764	0
739	764	0
740	764	0
741	764	4
742	764	5
743	764	6
744	764	4
745	764	3
746	764	2
747	764	2
748	764	1
749	764	1
750	764	2
751	764	1
752	764	1
753	764	1
754	764	1
755	764	1
756	764	1
757	764	2
758	764	2
759	764	2
760	764	2
761	764	1
762	764	2
763	764	3
764	764	4
734	765	0
735	765	-1
736	765	0
737	765	1
738	765	0
739	765	0
740	765	0
741	765	3
742	765	4
743	765	4
744	765	3
745	765	2
746	765	2
747	765	2
748	765	2
749	765	1
750	765	2
751	765	2
752	765	2
753	765	2
754	765	1
755	765	1
756	765	1
757	765	1
758	765	1
759	765	2
760	765	3
761	765	4
762	765	2
763	765	1
764	765	-1
765	765	2
735	766	0
736	766	0
737	766	0
738	766	0
739	766	0
740	766	0
741	766	4
742	766	3
743	766	2
744	766	2
745	766	2
746	766	2
747	766	1
748	766	1
749	766	2
750	766	2
751	766	2
752	766	3
753	766	3
754	766	3
755	766	2
756	766	3
757	766	3
758	766	3
759	766	1
760	766	1
761	766	1
762	766	0
763	766	0
764	766	0
765	766	1
766	766	0
736	767	1
737	767	0
738	767	0
739	767	0
740	767	1
741	767	2
742	767	5
743	767	5
744	767	3
745	767	2
746	767	2
747	767	1
748	767	0
749	767	0
750	767	0
751	767	0
752	767	0
753	767	0
754	767	1
755	767	1
756	767	2
757	767	3
758	767	2
759	767	2
760	767	1
761	767	-1
762	767	-3
763	767	-2
764	767	0
765	767	-1
766	767	0
767	767	0
737	768	0
738	768	-1
739	768	-1
740	768	0
741	768	3
742	768	4
743	768	4
744	768	4
745	768	4
746	768	3
747	768	2
748	768	2
749	768	1
750	768	1
751	768	1
752	768	1
753	768	2
754	768	1
755	768	1
756	768	3
757	768	3
758	768	3
759	768	3
760	768	3
761	768	5
762	768	4
763	768	4
764	768	2
765	768	3
766	768	0
767	768	0
768	768	0
738	769	-1
739	769	0
740	769	0
741	769	-1
742	769	-2
743	769	-2
744	769	-3
745	769	-5
746	769	-4
747	769	-4
748	769	-2
749	769	0
750	769	3
751	769	4
752	769	3
753	769	3
754	769	2
755	769	3
756	769	1
757	769	-2
758	769	-2
759	769	-2
760	769	-2
761	769	-2
762	769	-1
763	769	-1
764	769	0
765	769	1
766	769	1
767	769	0
768	769	0
769	769	0
739	770	0
740	770	0
741	770	2
742	770	3
743	770	3
744	770	2
745	770	2
746	770	1
747	770	-1
748	770	0
749	770	-2
750	770	-1
751	770	-1
752	770	-1
753	770	-1
754	770	-1
755	770	0
756	770	1
757	770	1
758	770	4
759	770	4
760	770	4
761	770	5
762	770	6
763	770	4
764	770	4
765	770	1
766	770	0
767	770	0
768	770	1
769	770	0
770	770	0
740	771	0
741	771	0
742	771	2
743	771	0
744	771	1
745	771	1
746	771	1
747	771	2
748	771	1
749	771	2
750	771	1
751	771	1
752	771	1
753	771	1
754	771	2
755	771	1
756	771	1
757	771	0
758	771	0
759	771	-1
760	771	-1
761	771	-2
762	771	-4
763	771	-4
764	771	-4
765	771	-1
766	771	0
767	771	0
768	771	0
769	771	1
770	771	0
771	771	1
741	772	1
742	772	2
743	772	2
744	772	-2
745	772	-3
746	772	-2
747	772	0
748	772	-1
749	772	0
750	772	2
751	772	3
752	772	3
753	772	4
754	772	4
755	772	4
756	772	5
757	772	5
758	772	4
759	772	3
760	772	-1
761	772	-3
762	772	-3
763	772	-3
764	772	-2
765	772	-2
766	772	-1
767	772	0
768	772	0
769	772	1
770	772	0
771	772	1
772	772	1
742	773	0
743	773	-1
744	773	0
745	773	-1
746	773	0
747	773	0
748	773	0
749	773	0
750	773	0
751	773	0
752	773	0
753	773	0
754	773	0
755	773	0
756	773	0
757	773	-1
758	773	0
759	773	1
760	773	0
761	773	1
762	773	2
763	773	2
764	773	2
765	773	0
766	773	0
767	773	0
768	773	0
769	773	0
770	773	0
771	773	1
772	773	0
773	773	-1
743	774	0
744	774	0
745	774	2
746	774	2
747	774	2
748	774	1
749	774	2
750	774	3
751	774	3
752	774	5
753	774	4
754	774	2
755	774	2
756	774	2
757	774	1
758	774	2
759	774	1
760	774	2
761	774	2
762	774	2
763	774	0
764	774	-1
765	774	2
766	774	0
767	774	1
768	774	0
769	774	0
770	774	0
771	774	-1
772	774	0
773	774	2
774	774	1
744	775	0
745	775	2
746	775	2
747	775	1
748	775	2
749	775	2
750	775	3
751	775	4
752	775	4
753	775	3
754	775	2
755	775	2
756	775	1
757	775	1
758	775	1
759	775	1
760	775	2
761	775	3
762	775	3
763	775	0
764	775	-2
765	775	1
766	775	1
767	775	0
768	775	0
769	775	-1
770	775	-1
771	775	0
772	775	1
773	775	2
774	775	3
775	775	1
745	776	-4
746	776	-3
747	776	-1
748	776	2
749	776	4
750	776	5
751	776	6
752	776	4
753	776	4
754	776	2
755	776	0
756	776	-1
757	776	-1
758	776	-1
759	776	-1
760	776	-2
761	776	-1
762	776	1
763	776	0
764	776	1
765	776	2
766	776	1
767	776	0
768	776	0
769	776	-1
770	776	0
771	776	0
772	776	-1
773	776	-2
774	776	-3
775	776	-4
776	776	-4
746	777	0
747	777	0
748	777	-1
749	777	-1
750	777	0
751	777	0
752	777	0
753	777	0
754	777	-1
755	777	0
756	777	0
757	777	0
758	777	0
759	777	-1
760	777	-1
761	777	0
762	777	-1
763	777	0
764	777	0
765	777	-1
766	777	0
767	777	0
768	777	-1
769	777	0
770	777	0
771	777	0
772	777	0
773	777	1
774	777	0
775	777	-1
776	777	0
777	777	0
747	778	-2
748	778	-1
749	778	0
750	778	2
751	778	4
752	778	3
753	778	2
754	778	2
755	778	1
756	778	0
757	778	-1
758	778	-2
759	778	-1
760	778	-1
761	778	-1
762	778	-2
763	778	-2
764	778	-1
765	778	-1
766	778	0
767	778	-1
768	778	0
769	778	0
770	778	0
771	778	0
772	778	0
773	778	-1
774	778	-1
775	778	-3
776	778	-3
777	778	-5
778	778	-5
748	779	4
749	779	3
750	779	4
751	779	2
752	779	1
753	779	1
754	779	-1
755	779	-1
756	779	0
757	779	-1
758	779	0
759	779	1
760	779	2
761	779	4
762	779	4
763	779	5
764	779	4
765	779	1
766	779	-1
767	779	0
768	779	0
769	779	0
770	779	-1
771	779	1
772	779	0
773	779	-2
774	779	-3
775	779	-3
776	779	-2
777	779	-1
778	779	1
779	779	2
749	780	1
750	780	1
751	780	4
752	780	4
753	780	3
754	780	2
755	780	1
756	780	-1
757	780	-1
758	780	-2
759	780	-1
760	780	0
761	780	1
762	780	-1
763	780	-1
764	780	-3
765	780	-2
766	780	0
767	780	1
768	780	0
769	780	0
770	780	0
771	780	0
772	780	0
773	780	-1
774	780	-2
775	780	-3
776	780	-3
777	780	-4
778	780	-3
779	780	-2
780	780	0
750	781	2
751	781	3
752	781	2
753	781	3
754	781	2
755	781	2
756	781	3
757	781	3
758	781	3
759	781	3
760	781	2
761	781	1
762	781	2
763	781	1
764	781	1
765	781	3
766	781	0
767	781	0
768	781	1
769	781	0
770	781	0
771	781	0
772	781	0
773	781	2
774	781	2
775	781	3
776	781	1
777	781	0
778	781	1
779	781	1
780	781	1
781	781	1
751	782	1
752	782	1
753	782	0
754	782	0
755	782	0
756	782	1
757	782	2
758	782	3
759	782	2
760	782	2
761	782	3
762	782	4
763	782	3
764	782	4
765	782	2
766	782	0
767	782	1
768	782	0
769	782	0
770	782	0
771	782	-1
772	782	1
773	782	1
774	782	1
775	782	0
776	782	-1
777	782	0
778	782	0
779	782	0
780	782	-1
781	782	0
782	782	1
752	783	-1
753	783	0
754	783	1
755	783	2
756	783	2
757	783	3
758	783	3
759	783	2
760	783	2
761	783	2
762	783	4
763	783	5
764	783	5
765	783	1
766	783	-1
767	783	-1
768	783	0
769	783	1
770	783	1
771	783	0
772	783	-1
773	783	2
774	783	3
775	783	6
776	783	5
777	783	4
778	783	2
779	783	2
780	783	2
781	783	1
782	783	-1
783	783	-3
753	784	2
754	784	0
755	784	-2
756	784	-5
757	784	-3
758	784	-2
759	784	-1
760	784	-1
761	784	-2
762	784	-2
763	784	-2
764	784	-2
765	784	-2
766	784	-1
767	784	0
768	784	1
769	784	0
770	784	0
771	784	0
772	784	0
773	784	-2
774	784	-2
775	784	-3
776	784	-3
777	784	-2
778	784	-4
779	784	-3
780	784	-2
781	784	1
782	784	2
783	784	3
784	784	3
754	785	-1
755	785	-2
756	785	-4
757	785	-3
758	785	-3
759	785	-3
760	785	-3
761	785	-3
762	785	-2
763	785	-1
764	785	1
765	785	0
766	785	-1
767	785	0
768	785	0
769	785	0
770	785	0
771	785	1
772	785	0
773	785	0
774	785	-1
775	785	0
776	785	-2
777	785	-3
778	785	-3
779	785	-4
780	785	-3
781	785	-1
782	785	-2
783	785	1
784	785	0
785	785	1
755	786	0
756	786	1
757	786	3
758	786	3
759	786	2
760	786	1
761	786	1
762	786	2
763	786	2
764	786	4
765	786	2
766	786	0
767	786	0
768	786	1
769	786	0
770	786	0
771	786	0
772	786	1
773	786	4
774	786	4
775	786	3
776	786	3
777	786	4
778	786	2
779	786	1
780	786	1
781	786	1
782	786	1
783	786	1
784	786	1
785	786	0
786	786	0
756	787	0
757	787	1
758	787	3
759	787	3
760	787	3
761	787	5
762	787	4
763	787	2
764	787	2
765	787	1
766	787	-1
767	787	0
768	787	1
769	787	0
770	787	0
771	787	0
772	787	0
773	787	3
774	787	2
775	787	2
776	787	2
777	787	3
778	787	3
779	787	2
780	787	2
781	787	1
782	787	1
783	787	2
784	787	2
785	787	3
786	787	1
787	787	0
757	788	3
758	788	3
759	788	4
760	788	4
761	788	4
762	788	5
763	788	6
764	788	4
765	788	1
766	788	-1
767	788	0
768	788	0
769	788	0
770	788	0
771	788	0
772	788	0
773	788	-2
774	788	-1
775	788	-1
776	788	0
777	788	1
778	788	1
779	788	3
780	788	3
781	788	2
782	788	1
783	788	-1
784	788	-3
785	788	-2
786	788	0
787	788	1
788	788	2
758	789	2
759	789	2
760	789	1
761	789	2
762	789	-2
763	789	-4
764	789	-4
765	789	-2
766	789	0
767	789	0
768	789	0
769	789	0
770	789	0
771	789	-1
772	789	1
773	789	2
774	789	2
775	789	2
776	789	2
777	789	3
778	789	3
779	789	2
780	789	2
781	789	2
782	789	3
783	789	3
784	789	4
785	789	4
786	789	4
787	789	3
788	789	4
789	789	4
759	790	-1
760	790	-1
761	790	-2
762	790	-1
763	790	-1
764	790	-1
765	790	-2
766	790	0
767	790	-1
768	790	0
769	790	0
770	790	0
771	790	0
772	790	0
773	790	-2
774	790	-2
775	790	-2
776	790	-3
777	790	-3
778	790	-3
779	790	-3
780	790	-4
781	790	0
782	790	1
783	790	2
784	790	2
785	790	3
786	790	3
787	790	4
788	790	4
789	790	2
790	790	0
760	791	2
761	791	3
762	791	5
763	791	4
764	791	3
765	791	1
766	791	0
767	791	1
768	791	0
769	791	-1
770	791	0
771	791	-1
772	791	0
773	791	2
774	791	2
775	791	1
776	791	1
777	791	2
778	791	3
779	791	2
780	791	2
781	791	1
782	791	2
783	791	2
784	791	2
785	791	1
786	791	2
787	791	1
788	791	1
789	791	2
790	791	2
791	791	2
761	792	1
762	792	0
763	792	0
764	792	-1
765	792	1
766	792	-1
767	792	0
768	792	-1
769	792	0
770	792	0
771	792	0
772	792	0
773	792	2
774	792	3
775	792	3
776	792	2
777	792	2
778	792	2
779	792	1
780	792	2
781	792	2
782	792	3
783	792	2
784	792	2
785	792	2
786	792	1
787	792	1
788	792	1
789	792	2
790	792	2
791	792	2
792	792	1
762	793	-3
763	793	-4
764	793	-3
765	793	0
766	793	0
767	793	0
768	793	0
769	793	0
770	793	0
771	793	0
772	793	0
773	793	0
774	793	1
775	793	0
776	793	1
777	793	0
778	793	1
779	793	0
780	793	1
781	793	0
782	793	1
783	793	1
784	793	2
785	793	0
786	793	0
787	793	0
788	793	0
789	793	0
790	793	0
791	793	-1
792	793	-2
793	793	-3
763	794	1
764	794	1
765	794	1
766	794	0
767	794	-1
768	794	0
769	794	0
770	794	0
771	794	0
772	794	0
773	794	2
774	794	2
775	794	1
776	794	1
777	794	2
778	794	1
779	794	1
780	794	0
781	794	0
782	794	2
783	794	2
784	794	2
785	794	2
786	794	2
787	794	1
788	794	1
789	794	2
790	794	1
791	794	2
792	794	1
793	794	3
794	794	2
764	795	-4
765	795	-1
766	795	0
767	795	0
768	795	0
769	795	0
770	795	-1
771	795	-1
772	795	0
773	795	2
774	795	2
775	795	0
776	795	3
777	795	3
778	795	3
779	795	1
780	795	2
781	795	1
782	795	2
783	795	3
784	795	4
785	795	2
786	795	2
787	795	2
788	795	1
789	795	1
790	795	0
791	795	-2
792	795	-5
793	795	-4
794	795	-4
795	795	-4
765	796	0
766	796	-1
767	796	0
768	796	0
769	796	0
770	796	0
771	796	0
772	796	0
773	796	-1
774	796	0
775	796	-1
776	796	0
777	796	-1
778	796	0
779	796	0
780	796	-1
781	796	0
782	796	-1
783	796	-1
784	796	-1
785	796	0
786	796	-1
787	796	0
788	796	0
789	796	0
790	796	0
791	796	0
792	796	0
793	796	0
794	796	0
795	796	0
796	796	-1
766	797	0
767	797	0
768	797	0
769	797	0
770	797	0
771	797	-1
772	797	1
773	797	2
774	797	3
775	797	1
776	797	2
777	797	1
778	797	1
779	797	0
780	797	2
781	797	1
782	797	3
783	797	2
784	797	4
785	797	2
786	797	3
787	797	2
788	797	2
789	797	1
790	797	2
791	797	2
792	797	2
793	797	2
794	797	2
795	797	-1
796	797	-1
797	797	-1
767	798	0
768	798	1
769	798	-1
770	798	0
771	798	0
772	798	0
773	798	0
774	798	0
775	798	0
776	798	-1
777	798	0
778	798	0
779	798	0
780	798	0
781	798	0
782	798	0
783	798	0
784	798	0
785	798	0
786	798	-1
787	798	-1
788	798	1
789	798	0
790	798	-1
791	798	0
792	798	0
793	798	0
794	798	0
795	798	-1
796	798	0
797	798	1
798	798	0
768	799	0
769	799	-1
770	799	0
771	799	0
772	799	0
773	799	2
774	799	4
775	799	4
776	799	4
777	799	3
778	799	2
779	799	2
780	799	2
781	799	1
782	799	1
783	799	0
784	799	2
785	799	2
786	799	2
787	799	1
788	799	3
789	799	3
790	799	2
791	799	1
792	799	-1
793	799	-1
794	799	-1
795	799	-3
796	799	-2
797	799	0
798	799	0
799	799	0
769	800	0
770	800	0
771	800	0
772	800	0
773	800	-1
774	800	-1
775	800	-2
776	800	-2
777	800	-2
778	800	-4
779	800	-4
780	800	-4
781	800	-4
782	800	-5
783	800	-3
784	800	2
785	800	3
786	800	3
787	800	2
788	800	1
789	800	0
790	800	0
791	800	0
792	800	0
793	800	-1
794	800	-1
795	800	0
796	800	-2
797	800	0
798	800	0
799	800	0
800	800	0
770	801	0
771	801	0
772	801	1
773	801	2
774	801	3
775	801	2
776	801	3
777	801	3
778	801	3
779	801	3
780	801	3
781	801	3
782	801	3
783	801	3
784	801	3
785	801	3
786	801	3
787	801	2
788	801	3
789	801	2
790	801	2
791	801	1
792	801	1
793	801	2
794	801	2
795	801	0
796	801	0
797	801	0
798	801	0
799	801	1
800	801	-1
801	801	0
771	802	1
772	802	0
773	802	-2
774	802	-2
775	802	-4
776	802	-4
777	802	-4
778	802	-3
779	802	-2
780	802	-2
781	802	0
782	802	1
783	802	3
784	802	4
785	802	4
786	802	4
787	802	2
788	802	1
789	802	-1
790	802	-2
791	802	-3
792	802	-3
793	802	-3
794	802	-3
795	802	-2
796	802	-2
797	802	0
798	802	1
799	802	-1
800	802	1
801	802	-1
802	802	0
772	803	0
773	803	-1
774	803	-2
775	803	-1
776	803	-2
777	803	-3
778	803	-4
779	803	-6
780	803	-3
781	803	-1
782	803	0
783	803	2
784	803	1
785	803	1
786	803	1
787	803	-1
788	803	-3
789	803	-3
790	803	-3
791	803	-3
792	803	-1
793	803	-2
794	803	-3
795	803	-1
796	803	1
797	803	0
798	803	0
799	803	0
800	803	0
801	803	0
802	803	-1
803	803	0
773	804	-1
774	804	-3
775	804	-2
776	804	-1
777	804	-2
778	804	-3
779	804	-2
780	804	-2
781	804	-3
782	804	-3
783	804	-2
784	804	2
785	804	3
786	804	4
787	804	3
788	804	5
789	804	4
790	804	5
791	804	3
792	804	1
793	804	-2
794	804	-3
795	804	-4
796	804	-1
797	804	0
798	804	0
799	804	-1
800	804	0
801	804	0
802	804	0
803	804	-1
804	804	0
774	805	3
775	805	4
776	805	3
777	805	2
778	805	1
779	805	0
780	805	2
781	805	1
782	805	0
783	805	0
784	805	0
785	805	0
786	805	0
787	805	1
788	805	3
789	805	5
790	805	5
791	805	5
792	805	4
793	805	4
794	805	4
795	805	3
796	805	4
797	805	2
798	805	0
799	805	0
800	805	0
801	805	-1
802	805	0
803	805	0
804	805	1
805	805	1
775	806	1
776	806	2
777	806	2
778	806	2
779	806	2
780	806	1
781	806	2
782	806	3
783	806	3
784	806	3
785	806	3
786	806	2
787	806	2
788	806	2
789	806	2
790	806	1
791	806	2
792	806	1
793	806	2
794	806	1
795	806	0
796	806	0
797	806	-1
798	806	1
799	806	0
800	806	0
801	806	0
802	806	-1
803	806	0
804	806	1
805	806	2
806	806	3
776	807	0
777	807	0
778	807	0
779	807	1
780	807	2
781	807	2
782	807	3
783	807	4
784	807	4
785	807	2
786	807	2
787	807	1
788	807	0
789	807	1
790	807	0
791	807	0
792	807	0
793	807	0
794	807	0
795	807	-2
796	807	-3
797	807	0
798	807	0
799	807	0
800	807	0
801	807	0
802	807	0
803	807	0
804	807	0
805	807	1
806	807	3
807	807	1
777	808	1
778	808	2
779	808	2
780	808	3
781	808	2
782	808	4
783	808	4
784	808	3
785	808	1
786	808	1
787	808	1
788	808	1
789	808	1
790	808	1
791	808	1
792	808	0
793	808	1
794	808	1
795	808	2
796	808	1
797	808	0
798	808	1
799	808	0
800	808	0
801	808	0
802	808	0
803	808	0
804	808	0
805	808	2
806	808	1
807	808	0
808	808	0
778	809	2
779	809	2
780	809	2
781	809	2
782	809	1
783	809	2
784	809	2
785	809	2
786	809	2
787	809	2
788	809	0
789	809	0
790	809	-1
791	809	-2
792	809	-3
793	809	-2
794	809	-3
795	809	-3
796	809	-3
797	809	-1
798	809	0
799	809	0
800	809	-1
801	809	0
802	809	0
803	809	0
804	809	0
805	809	1
806	809	3
807	809	1
808	809	2
809	809	2
779	810	1
780	810	1
781	810	2
782	810	3
783	810	2
784	810	3
785	810	2
786	810	1
787	810	1
788	810	0
789	810	1
790	810	1
791	810	1
792	810	2
793	810	2
794	810	2
795	810	2
796	810	2
797	810	-1
798	810	0
799	810	0
800	810	1
801	810	0
802	810	1
803	810	0
804	810	0
805	810	2
806	810	2
807	810	1
808	810	1
809	810	2
810	810	1
780	811	-2
781	811	-1
782	811	1
783	811	2
784	811	3
785	811	4
786	811	4
787	811	4
788	811	2
789	811	1
790	811	1
791	811	0
792	811	0
793	811	-2
794	811	-2
795	811	-1
796	811	0
797	811	1
798	811	0
799	811	1
800	811	0
801	811	1
802	811	0
803	811	0
804	811	0
805	811	-1
806	811	-1
807	811	-1
808	811	-2
809	811	-4
810	811	-4
811	811	-3
781	812	2
782	812	3
783	812	4
784	812	4
785	812	3
786	812	2
787	812	1
788	812	-1
789	812	-1
790	812	-3
791	812	-3
792	812	-4
793	812	-4
794	812	-5
795	812	-3
796	812	-2
797	812	-1
798	812	0
799	812	-1
800	812	0
801	812	-1
802	812	0
803	812	0
804	812	0
805	812	0
806	812	0
807	812	-1
808	812	-1
809	812	-1
810	812	0
811	812	1
812	812	3
782	813	-1
783	813	-1
784	813	-1
785	813	-1
786	813	-1
787	813	0
788	813	0
789	813	-1
790	813	0
791	813	-1
792	813	-1
793	813	-1
794	813	-1
795	813	1
796	813	1
797	813	1
798	813	0
799	813	0
800	813	0
801	813	0
802	813	0
803	813	0
804	813	0
805	813	-1
806	813	-2
807	813	0
808	813	1
809	813	2
810	813	1
811	813	0
812	813	1
813	813	0
783	814	2
784	814	2
785	814	0
786	814	0
787	814	0
788	814	0
789	814	2
790	814	3
791	814	4
792	814	4
793	814	5
794	814	5
795	814	4
796	814	2
797	814	-1
798	814	1
799	814	0
800	814	0
801	814	0
802	814	1
803	814	0
804	814	0
805	814	1
806	814	-1
807	814	-1
808	814	0
809	814	0
810	814	0
811	814	1
812	814	0
813	814	1
814	814	3
784	815	-1
785	815	-1
786	815	0
787	815	1
788	815	3
789	815	3
790	815	5
791	815	4
792	815	4
793	815	3
794	815	2
795	815	3
796	815	3
797	815	1
798	815	0
799	815	0
800	815	-1
801	815	0
802	815	-1
803	815	-1
804	815	0
805	815	2
806	815	3
807	815	4
808	815	4
809	815	3
810	815	3
811	815	2
812	815	2
813	815	2
814	815	1
815	815	0
785	816	2
786	816	3
787	816	2
788	816	3
789	816	3
790	816	3
791	816	4
792	816	3
793	816	3
794	816	4
795	816	1
796	816	0
797	816	0
798	816	0
799	816	0
800	816	0
801	816	0
802	816	0
803	816	0
804	816	0
805	816	2
806	816	4
807	816	3
808	816	2
809	816	1
810	816	2
811	816	1
812	816	2
813	816	3
814	816	2
815	816	3
816	816	3
786	817	2
787	817	2
788	817	2
789	817	3
790	817	3
791	817	3
792	817	4
793	817	3
794	817	4
795	817	0
796	817	0
797	817	-1
798	817	0
799	817	0
800	817	0
801	817	0
802	817	1
803	817	0
804	817	0
805	817	2
806	817	3
807	817	1
808	817	1
809	817	2
810	817	1
811	817	1
812	817	2
813	817	1
814	817	3
815	817	3
816	817	3
817	817	2
787	818	-4
788	818	-4
789	818	-5
790	818	-4
791	818	-3
792	818	-2
793	818	-1
794	818	-2
795	818	-2
796	818	0
797	818	-1
798	818	0
799	818	0
800	818	0
801	818	0
802	818	0
803	818	-1
804	818	0
805	818	-1
806	818	-1
807	818	-3
808	818	-2
809	818	-2
810	818	-2
811	818	-3
812	818	-3
813	818	0
814	818	2
815	818	4
816	818	4
817	818	3
818	818	0
788	819	1
789	819	3
790	819	3
791	819	5
792	819	5
793	819	5
794	819	5
795	819	5
796	819	4
797	819	1
798	819	0
799	819	0
800	819	0
801	819	0
802	819	0
803	819	1
804	819	0
805	819	-2
806	819	-1
807	819	-2
808	819	-1
809	819	0
810	819	0
811	819	1
812	819	1
813	819	1
814	819	1
815	819	2
816	819	1
817	819	-1
818	819	-1
819	819	-1
789	820	0
790	820	1
791	820	-2
792	820	-3
793	820	-3
794	820	-4
795	820	-3
796	820	-1
797	820	-1
798	820	0
799	820	0
800	820	0
801	820	-1
802	820	-1
803	820	-1
804	820	-1
805	820	3
806	820	4
807	820	3
808	820	2
809	820	2
810	820	2
811	820	1
812	820	1
813	820	3
814	820	3
815	820	3
816	820	3
817	820	3
818	820	2
819	820	2
820	820	1
790	821	2
791	821	2
792	821	1
793	821	2
794	821	0
795	821	-2
796	821	-2
797	821	-1
798	821	0
799	821	0
800	821	0
801	821	1
802	821	0
803	821	0
804	821	1
805	821	0
806	821	0
807	821	-2
808	821	-1
809	821	0
810	821	0
811	821	1
812	821	1
813	821	2
814	821	2
815	821	3
816	821	4
817	821	4
818	821	4
819	821	4
820	821	4
821	821	5
791	822	-4
792	822	-3
793	822	-3
794	822	-3
795	822	-2
796	822	-1
797	822	-1
798	822	1
799	822	-1
800	822	0
801	822	0
802	822	0
803	822	-1
804	822	0
805	822	-2
806	822	-3
807	822	-5
808	822	-3
809	822	0
810	822	1
811	822	2
812	822	3
813	822	4
814	822	4
815	822	3
816	822	1
817	822	-2
818	822	-4
819	822	-5
820	822	-3
821	822	-3
822	822	-5
792	823	1
793	823	1
794	823	0
795	823	1
796	823	1
797	823	0
798	823	-1
799	823	0
800	823	0
801	823	0
802	823	0
803	823	0
804	823	0
805	823	3
806	823	4
807	823	5
808	823	6
809	823	5
810	823	5
811	823	2
812	823	1
813	823	0
814	823	-1
815	823	-2
816	823	-1
817	823	-2
818	823	-1
819	823	-1
820	823	-1
821	823	-1
822	823	-1
823	823	-1
793	824	-1
794	824	-2
795	824	-2
796	824	-1
797	824	-1
798	824	0
799	824	0
800	824	-1
801	824	0
802	824	0
803	824	0
804	824	0
805	824	-1
806	824	0
807	824	0
808	824	-1
809	824	-2
810	824	0
811	824	1
812	824	0
813	824	1
814	824	1
815	824	2
816	824	2
817	824	1
818	824	1
819	824	2
820	824	1
821	824	1
822	824	1
823	824	1
824	824	0
794	825	4
795	825	3
796	825	3
797	825	1
798	825	0
799	825	0
800	825	0
801	825	0
802	825	0
803	825	0
804	825	0
805	825	-1
806	825	-1
807	825	-1
808	825	-2
809	825	-1
810	825	-1
811	825	0
812	825	0
813	825	1
814	825	1
815	825	1
816	825	0
817	825	0
818	825	0
819	825	2
820	825	2
821	825	4
822	825	5
823	825	6
824	825	5
825	825	4
795	826	-2
796	826	-1
797	826	-2
798	826	0
799	826	0
800	826	0
801	826	0
802	826	0
803	826	0
804	826	0
805	826	-1
806	826	-1
807	826	-3
808	826	-2
809	826	-2
810	826	-1
811	826	-2
812	826	-3
813	826	-1
814	826	0
815	826	2
816	826	4
817	826	3
818	826	3
819	826	2
820	826	2
821	826	1
822	826	1
823	826	2
824	826	1
825	826	0
826	826	1
796	827	-2
797	827	-1
798	827	0
799	827	0
800	827	0
801	827	0
802	827	0
803	827	0
804	827	0
805	827	3
806	827	2
807	827	1
808	827	2
809	827	3
810	827	3
811	827	2
812	827	1
813	827	2
814	827	2
815	827	2
816	827	3
817	827	4
818	827	4
819	827	2
820	827	2
821	827	-1
822	827	-2
823	827	-3
824	827	-4
825	827	-5
826	827	-4
827	827	-3
797	828	1
798	828	0
799	828	0
800	828	0
801	828	-1
802	828	1
803	828	1
804	828	0
805	828	3
806	828	4
807	828	5
808	828	5
809	828	6
810	828	4
811	828	2
812	828	3
813	828	3
814	828	3
815	828	2
816	828	2
817	828	2
818	828	1
819	828	1
820	828	0
821	828	-1
822	828	-1
823	828	-1
824	828	-1
825	828	-1
826	828	-3
827	828	-1
828	828	0
798	829	0
799	829	1
800	829	0
801	829	1
802	829	1
803	829	-1
804	829	0
805	829	3
806	829	5
807	829	2
808	829	1
809	829	1
810	829	0
811	829	2
812	829	2
813	829	3
814	829	3
815	829	4
816	829	3
817	829	3
818	829	2
819	829	2
820	829	2
821	829	2
822	829	2
823	829	2
824	829	2
825	829	2
826	829	4
827	829	1
828	829	0
829	829	-1
799	830	0
800	830	0
801	830	1
802	830	0
803	830	0
804	830	0
805	830	3
806	830	4
807	830	4
808	830	3
809	830	1
810	830	2
811	830	1
812	830	2
813	830	3
814	830	3
815	830	3
816	830	3
817	830	4
818	830	4
819	830	4
820	830	4
821	830	4
822	830	2
823	830	2
824	830	1
825	830	0
826	830	1
827	830	-1
828	830	-2
829	830	0
830	830	0
800	831	-1
801	831	0
802	831	0
803	831	0
804	831	0
805	831	-1
806	831	-1
807	831	-1
808	831	-1
809	831	-1
810	831	-1
811	831	1
812	831	-1
813	831	-1
814	831	-1
815	831	3
816	831	3
817	831	2
818	831	3
819	831	2
820	831	2
821	831	3
822	831	3
823	831	2
824	831	1
825	831	1
826	831	0
827	831	0
828	831	1
829	831	-1
830	831	0
831	831	0
801	832	1
802	832	0
803	832	1
804	832	0
805	832	2
806	832	3
807	832	1
808	832	1
809	832	0
810	832	0
811	832	0
812	832	0
813	832	1
814	832	2
815	832	3
816	832	3
817	832	3
818	832	3
819	832	4
820	832	3
821	832	3
822	832	2
823	832	2
824	832	1
825	832	0
826	832	1
827	832	0
828	832	1
829	832	0
830	832	-1
831	832	0
832	832	0
802	833	0
803	833	0
804	833	0
805	833	2
806	833	4
807	833	3
808	833	1
809	833	2
810	833	1
811	833	1
812	833	2
813	833	3
814	833	2
815	833	3
816	833	3
817	833	3
818	833	3
819	833	4
820	833	3
821	833	3
822	833	2
823	833	2
824	833	0
825	833	0
826	833	1
827	833	0
828	833	-1
829	833	0
830	833	-1
831	833	0
832	833	0
833	833	-1
803	834	0
804	834	1
805	834	2
806	834	4
807	834	5
808	834	4
809	834	4
810	834	3
811	834	2
812	834	1
813	834	1
814	834	1
815	834	0
816	834	0
817	834	1
818	834	1
819	834	1
820	834	0
821	834	0
822	834	0
823	834	-1
824	834	-1
825	834	-1
826	834	0
827	834	1
828	834	0
829	834	2
830	834	0
831	834	0
832	834	0
833	834	-1
834	834	0
804	835	0
805	835	2
806	835	3
807	835	3
808	835	2
809	835	2
810	835	1
811	835	2
812	835	2
813	835	2
814	835	2
815	835	2
816	835	3
817	835	4
818	835	3
819	835	4
820	835	2
821	835	1
822	835	-1
823	835	-2
824	835	-3
825	835	-4
826	835	-3
827	835	-2
828	835	-1
829	835	-1
830	835	0
831	835	0
832	835	1
833	835	1
834	835	0
835	835	0
805	836	0
806	836	-1
807	836	-2
808	836	-2
809	836	-2
810	836	-3
811	836	-2
812	836	-1
813	836	-1
814	836	-2
815	836	0
816	836	-1
817	836	-1
818	836	-1
819	836	0
820	836	1
821	836	2
822	836	4
823	836	5
824	836	5
825	836	3
826	836	3
827	836	2
828	836	1
829	836	1
830	836	0
831	836	-1
832	836	0
833	836	0
834	836	0
835	836	0
836	836	0
806	837	0
807	837	3
808	837	3
809	837	3
810	837	2
811	837	1
812	837	2
813	837	1
814	837	-1
815	837	-3
816	837	-4
817	837	-1
818	837	0
819	837	0
820	837	0
821	837	-1
822	837	-1
823	837	0
824	837	0
825	837	-1
826	837	-1
827	837	1
828	837	1
829	837	1
830	837	1
831	837	0
832	837	1
833	837	0
834	837	-1
835	837	0
836	837	1
837	837	-1
807	838	5
808	838	4
809	838	3
810	838	2
811	838	1
812	838	2
813	838	2
814	838	1
815	838	0
816	838	-2
817	838	-4
818	838	-4
819	838	-3
820	838	1
821	838	2
822	838	1
823	838	1
824	838	1
825	838	0
826	838	-1
827	838	0
828	838	0
829	838	1
830	838	0
831	838	1
832	838	1
833	838	0
834	838	0
835	838	1
836	838	1
837	838	0
838	838	2
808	839	-4
809	839	-5
810	839	-5
811	839	-4
812	839	-4
813	839	-4
814	839	-5
815	839	-5
816	839	-5
817	839	-5
818	839	-6
819	839	-4
820	839	-7
821	839	-4
822	839	-4
823	839	-4
824	839	-3
825	839	-3
826	839	-1
827	839	-1
828	839	1
829	839	-1
830	839	0
831	839	0
832	839	0
833	839	-1
834	839	0
835	839	0
836	839	0
837	839	0
838	839	1
839	839	-2
809	840	-3
810	840	-3
811	840	-2
812	840	-3
813	840	-3
814	840	-5
815	840	-4
816	840	-2
817	840	1
818	840	1
819	840	3
820	840	3
821	840	2
822	840	1
823	840	2
824	840	1
825	840	-1
826	840	-1
827	840	-1
828	840	-1
829	840	1
830	840	-1
831	840	-1
832	840	0
833	840	0
834	840	1
835	840	0
836	840	0
837	840	0
838	840	0
839	840	0
840	840	-2
810	841	-2
811	841	-1
812	841	-2
813	841	-1
814	841	1
815	841	2
816	841	2
817	841	2
818	841	2
819	841	3
820	841	3
821	841	4
822	841	5
823	841	5
824	841	3
825	841	3
826	841	3
827	841	1
828	841	0
829	841	-1
830	841	0
831	841	1
832	841	0
833	841	0
834	841	0
835	841	0
836	841	0
837	841	0
838	841	-1
839	841	-3
840	841	-3
841	841	-4
811	842	2
812	842	2
813	842	3
814	842	3
815	842	3
816	842	3
817	842	2
818	842	3
819	842	2
820	842	3
821	842	2
822	842	2
823	842	2
824	842	0
825	842	1
826	842	0
827	842	-1
828	842	-2
829	842	-1
830	842	0
831	842	1
832	842	0
833	842	0
834	842	1
835	842	0
836	842	0
837	842	2
838	842	4
839	842	3
840	842	2
841	842	3
842	842	2
812	843	2
813	843	1
814	843	2
815	843	2
816	843	4
817	843	2
818	843	3
819	843	2
820	843	2
821	843	1
822	843	1
823	843	1
824	843	1
825	843	1
826	843	3
827	843	1
828	843	0
829	843	-2
830	843	0
831	843	0
832	843	0
833	843	-1
834	843	0
835	843	0
836	843	0
837	843	-1
838	843	-2
839	843	-1
840	843	-2
841	843	0
842	843	0
843	843	1
813	844	1
814	844	1
815	844	1
816	844	1
817	844	2
818	844	1
819	844	1
820	844	0
821	844	0
822	844	-1
823	844	-1
824	844	0
825	844	1
826	844	1
827	844	0
828	844	-1
829	844	-1
830	844	0
831	844	0
832	844	0
833	844	0
834	844	0
835	844	0
836	844	-1
837	844	1
838	844	3
839	844	5
840	844	7
841	844	6
842	844	6
843	844	5
844	844	3
814	845	2
815	845	3
816	845	2
817	845	2
818	845	1
819	845	0
820	845	1
821	845	0
822	845	-2
823	845	-1
824	845	-2
825	845	-3
826	845	-2
827	845	-1
828	845	-1
829	845	-1
830	845	-1
831	845	0
832	845	-1
833	845	1
834	845	0
835	845	0
836	845	0
837	845	1
838	845	3
839	845	3
840	845	3
841	845	4
842	845	3
843	845	4
844	845	3
845	845	2
815	846	0
816	846	-1
817	846	-1
818	846	0
819	846	0
820	846	0
821	846	0
822	846	0
823	846	0
824	846	0
825	846	0
826	846	0
827	846	0
828	846	0
829	846	0
830	846	0
831	846	0
832	846	0
833	846	0
834	846	0
835	846	0
836	846	0
837	846	0
838	846	1
839	846	0
840	846	0
841	846	0
842	846	-1
843	846	0
844	846	0
845	846	0
846	846	0
816	847	-1
817	847	-1
818	847	0
819	847	1
820	847	1
821	847	3
822	847	4
823	847	3
824	847	4
825	847	4
826	847	2
827	847	4
828	847	3
829	847	2
830	847	0
831	847	1
832	847	0
833	847	0
834	847	0
835	847	0
836	847	0
837	847	0
838	847	1
839	847	2
840	847	3
841	847	3
842	847	3
843	847	2
844	847	2
845	847	1
846	847	1
847	847	1
817	848	3
818	848	2
819	848	3
820	848	3
821	848	4
822	848	3
823	848	3
824	848	2
825	848	1
826	848	2
827	848	-1
828	848	-1
829	848	0
830	848	0
831	848	-1
832	848	0
833	848	0
834	848	0
835	848	-1
836	848	0
837	848	1
838	848	3
839	848	2
840	848	1
841	848	1
842	848	0
843	848	2
844	848	2
845	848	3
846	848	4
847	848	4
848	848	5
818	849	3
819	849	3
820	849	3
821	849	5
822	849	4
823	849	4
824	849	2
825	849	2
826	849	2
827	849	-1
828	849	-1
829	849	-1
830	849	1
831	849	-1
832	849	0
833	849	0
834	849	0
835	849	0
836	849	1
837	849	1
838	849	1
839	849	0
840	849	0
841	849	1
842	849	0
843	849	1
844	849	1
845	849	3
846	849	3
847	849	5
848	849	5
849	849	5
819	850	1
820	850	0
821	850	-2
822	850	-4
823	850	-4
824	850	-3
825	850	-2
826	850	-2
827	850	1
828	850	1
829	850	2
830	850	0
831	850	0
832	850	0
833	850	0
834	850	0
835	850	1
836	850	0
837	850	1
838	850	3
839	850	5
840	850	6
841	850	6
842	850	6
843	850	4
844	850	3
845	850	2
846	850	2
847	850	1
848	850	1
849	850	0
850	850	2
820	851	-2
821	851	-2
822	851	-1
823	851	-1
824	851	0
825	851	-1
826	851	-1
827	851	1
828	851	0
829	851	1
830	851	-1
831	851	0
832	851	0
833	851	-1
834	851	0
835	851	0
836	851	0
837	851	0
838	851	4
839	851	6
840	851	5
841	851	5
842	851	4
843	851	3
844	851	1
845	851	2
846	851	1
847	851	1
848	851	1
849	851	0
850	851	-1
851	851	-2
821	852	3
822	852	3
823	852	5
824	852	5
825	852	5
826	852	6
827	852	3
828	852	3
829	852	2
830	852	0
831	852	1
832	852	0
833	852	0
834	852	0
835	852	0
836	852	0
837	852	0
838	852	-1
839	852	0
840	852	0
841	852	-3
842	852	-2
843	852	-2
844	852	0
845	852	1
846	852	0
847	852	-2
848	852	-3
849	852	-2
850	852	1
851	852	3
852	852	2
822	853	4
823	853	4
824	853	2
825	853	1
826	853	2
827	853	-2
828	853	-2
829	853	-1
830	853	0
831	853	1
832	853	0
833	853	0
834	853	0
835	853	0
836	853	1
837	853	1
838	853	3
839	853	1
840	853	0
841	853	-1
842	853	0
843	853	2
844	853	2
845	853	3
846	853	3
847	853	3
848	853	5
849	853	5
850	853	4
851	853	6
852	853	5
853	853	6
823	854	1
824	854	2
825	854	3
826	854	3
827	854	3
828	854	1
829	854	0
830	854	0
831	854	0
832	854	0
833	854	0
834	854	1
835	854	0
836	854	0
837	854	1
838	854	3
839	854	5
840	854	4
841	854	4
842	854	4
843	854	4
844	854	4
845	854	4
846	854	4
847	854	4
848	854	4
849	854	2
850	854	2
851	854	1
852	854	2
853	854	0
854	854	0
824	855	-3
825	855	-3
826	855	-3
827	855	-1
828	855	0
829	855	0
830	855	0
831	855	-1
832	855	0
833	855	0
834	855	0
835	855	-1
836	855	0
837	855	1
838	855	3
839	855	6
840	855	6
841	855	6
842	855	6
843	855	4
844	855	3
845	855	3
846	855	2
847	855	1
848	855	1
849	855	1
850	855	0
851	855	1
852	855	1
853	855	-1
854	855	-2
855	855	-1
825	856	1
826	856	1
827	856	1
828	856	2
829	856	0
830	856	0
831	856	0
832	856	-1
833	856	0
834	856	-1
835	856	0
836	856	0
837	856	0
838	856	-2
839	856	-2
840	856	-2
841	856	-3
842	856	-3
843	856	-2
844	856	-3
845	856	-2
846	856	-3
847	856	-2
848	856	-2
849	856	-3
850	856	-3
851	856	-4
852	856	-3
853	856	-3
854	856	-3
855	856	-3
856	856	-2
826	857	3
827	857	2
828	857	2
829	857	-1
830	857	0
831	857	0
832	857	0
833	857	0
834	857	0
835	857	0
836	857	0
837	857	-1
838	857	0
839	857	-2
840	857	-2
841	857	-2
842	857	0
843	857	2
844	857	1
845	857	0
846	857	0
847	857	1
848	857	0
849	857	-1
850	857	1
851	857	0
852	857	0
853	857	3
854	857	4
855	857	5
856	857	4
857	857	5
827	858	0
828	858	0
829	858	0
830	858	1
831	858	1
832	858	0
833	858	1
834	858	0
835	858	0
836	858	0
837	858	0
838	858	0
839	858	0
840	858	0
841	858	0
842	858	0
843	858	0
844	858	0
845	858	-1
846	858	-1
847	858	0
848	858	-1
849	858	-1
850	858	0
851	858	-1
852	858	-1
853	858	0
854	858	1
855	858	1
856	858	0
857	858	-1
858	858	0
828	859	-1
829	859	0
830	859	0
831	859	0
832	859	0
833	859	0
834	859	0
835	859	0
836	859	0
837	859	1
838	859	-1
839	859	0
840	859	-1
841	859	-2
842	859	-3
843	859	-2
844	859	-3
845	859	-4
846	859	-2
847	859	0
848	859	1
849	859	0
850	859	1
851	859	1
852	859	1
853	859	1
854	859	3
855	859	3
856	859	3
857	859	2
858	859	1
859	859	-1
829	860	0
830	860	0
831	860	1
832	860	0
833	860	0
834	860	0
835	860	0
836	860	0
837	860	1
838	860	0
839	860	-1
840	860	0
841	860	-1
842	860	0
843	860	0
844	860	-1
845	860	0
846	860	0
847	860	0
848	860	0
849	860	0
850	860	0
851	860	0
852	860	0
853	860	0
854	860	0
855	860	0
856	860	0
857	860	0
858	860	0
859	860	0
860	860	-1
830	861	-1
831	861	0
832	861	0
833	861	0
834	861	0
835	861	0
836	861	0
837	861	1
838	861	3
839	861	3
840	861	1
841	861	2
842	861	2
843	861	2
844	861	2
845	861	3
846	861	4
847	861	4
848	861	5
849	861	3
850	861	3
851	861	3
852	861	4
853	861	4
854	861	2
855	861	4
856	861	4
857	861	4
858	861	3
859	861	2
860	861	0
861	861	-1
831	862	0
832	862	1
833	862	0
834	862	1
835	862	0
836	862	0
837	862	1
838	862	3
839	862	4
840	862	2
841	862	3
842	862	2
843	862	3
844	862	3
845	862	2
846	862	2
847	862	3
848	862	4
849	862	4
850	862	4
851	862	4
852	862	3
853	862	3
854	862	1
855	862	1
856	862	0
857	862	0
858	862	0
859	862	0
860	862	-1
861	862	0
862	862	0
832	863	0
833	863	0
834	863	1
835	863	0
836	863	0
837	863	2
838	863	4
839	863	5
840	863	6
841	863	6
842	863	6
843	863	4
844	863	3
845	863	5
846	863	3
847	863	3
848	863	3
849	863	1
850	863	1
851	863	0
852	863	1
853	863	-1
854	863	-2
855	863	0
856	863	-1
857	863	1
858	863	1
859	863	-1
860	863	-1
861	863	0
862	863	0
863	863	0
833	864	1
834	864	0
835	864	0
836	864	0
837	864	0
838	864	-1
839	864	0
840	864	0
841	864	-1
842	864	-1
843	864	-2
844	864	-3
845	864	-3
846	864	-2
847	864	1
848	864	2
849	864	0
850	864	-3
851	864	-3
852	864	-1
853	864	1
854	864	2
855	864	4
856	864	5
857	864	4
858	864	2
859	864	1
860	864	1
861	864	0
862	864	0
863	864	0
864	864	-1
834	865	0
835	865	0
836	865	-1
837	865	0
838	865	1
839	865	1
840	865	0
841	865	-1
842	865	0
843	865	2
844	865	2
845	865	2
846	865	3
847	865	3
848	865	3
849	865	3
850	865	3
851	865	3
852	865	3
853	865	3
854	865	3
855	865	3
856	865	3
857	865	3
858	865	3
859	865	2
860	865	-1
861	865	-1
862	865	1
863	865	0
864	865	0
865	865	0
835	866	0
836	866	0
837	866	1
838	866	3
839	866	3
840	866	1
841	866	2
842	866	2
843	866	2
844	866	2
845	866	3
846	866	3
847	866	3
848	866	2
849	866	2
850	866	2
851	866	2
852	866	3
853	866	3
854	866	3
855	866	3
856	866	3
857	866	3
858	866	2
859	866	2
860	866	1
861	866	0
862	866	0
863	866	0
864	866	-1
865	866	0
866	866	-1
836	867	-1
837	867	0
838	867	-1
839	867	-1
840	867	-1
841	867	-2
842	867	-3
843	867	-3
844	867	-3
845	867	-3
846	867	-3
847	867	-2
848	867	-3
849	867	-1
850	867	1
851	867	2
852	867	3
853	867	5
854	867	6
855	867	7
856	867	6
857	867	6
858	867	4
859	867	2
860	867	1
861	867	-1
862	867	0
863	867	0
864	867	1
865	867	0
866	867	0
867	867	1
837	868	1
838	868	2
839	868	3
840	868	2
841	868	2
842	868	2
843	868	3
844	868	3
845	868	3
846	868	3
847	868	3
848	868	4
849	868	3
850	868	3
851	868	3
852	868	3
853	868	3
854	868	3
855	868	2
856	868	3
857	868	2
858	868	2
859	868	1
860	868	-2
861	868	-1
862	868	0
863	868	0
864	868	0
865	868	-1
866	868	0
867	868	0
868	868	0
838	869	-1
839	869	-2
840	869	-3
841	869	-3
842	869	-4
843	869	-2
844	869	-3
845	869	-4
846	869	-3
847	869	-2
848	869	-3
849	869	-3
850	869	-4
851	869	-5
852	869	-4
853	869	-3
854	869	-3
855	869	-4
856	869	-3
857	869	-2
858	869	-1
859	869	0
860	869	2
861	869	1
862	869	0
863	869	0
864	869	0
865	869	0
866	869	0
867	869	0
868	869	0
869	869	1
839	870	3
840	870	4
841	870	4
842	870	4
843	870	3
844	870	3
845	870	2
846	870	-1
847	870	-4
848	870	-6
849	870	-4
850	870	0
851	870	3
852	870	3
853	870	1
854	870	1
855	870	1
856	870	3
857	870	2
858	870	0
859	870	-2
860	870	-1
861	870	0
862	870	0
863	870	0
864	870	1
865	870	0
866	870	1
867	870	0
868	870	0
869	870	-1
870	870	0
840	871	0
841	871	-1
842	871	0
843	871	0
844	871	0
845	871	-1
846	871	0
847	871	0
848	871	0
849	871	0
850	871	0
851	871	0
852	871	0
853	871	0
854	871	0
855	871	0
856	871	0
857	871	0
858	871	0
859	871	-1
860	871	0
861	871	0
862	871	0
863	871	0
864	871	0
865	871	0
866	871	0
867	871	0
868	871	-1
869	871	0
870	871	0
871	871	-1
841	872	-1
842	872	-2
843	872	-2
844	872	-2
845	872	-2
846	872	-3
847	872	-4
848	872	-4
849	872	-2
850	872	1
851	872	2
852	872	1
853	872	2
854	872	1
855	872	3
856	872	2
857	872	2
858	872	1
859	872	0
860	872	-1
861	872	-1
862	872	0
863	872	0
864	872	0
865	872	0
866	872	0
867	872	0
868	872	0
869	872	0
870	872	-1
871	872	-1
872	872	-1
842	873	3
843	873	2
844	873	3
845	873	3
846	873	3
847	873	2
848	873	3
849	873	2
850	873	1
851	873	1
852	873	2
853	873	1
854	873	1
855	873	0
856	873	1
857	873	1
858	873	0
859	873	0
860	873	-2
861	873	-1
862	873	-1
863	873	0
864	873	0
865	873	0
866	873	0
867	873	0
868	873	0
869	873	1
870	873	2
871	873	2
872	873	3
873	873	5
843	874	3
844	874	3
845	874	4
846	874	4
847	874	3
848	874	3
849	874	2
850	874	2
851	874	2
852	874	2
853	874	2
854	874	1
855	874	2
856	874	1
857	874	0
858	874	1
859	874	-1
860	874	-2
861	874	-1
862	874	0
863	874	0
864	874	0
865	874	0
866	874	0
867	874	-1
868	874	0
869	874	0
870	874	2
871	874	2
872	874	4
873	874	5
874	874	5
844	875	2
845	875	3
846	875	2
847	875	3
848	875	2
849	875	2
850	875	2
851	875	2
852	875	2
853	875	3
854	875	4
855	875	4
856	875	3
857	875	3
858	875	3
859	875	2
860	875	-1
861	875	-1
862	875	-1
863	875	0
864	875	0
865	875	0
866	875	0
867	875	1
868	875	0
869	875	1
870	875	0
871	875	0
872	875	3
873	875	3
874	875	3
875	875	3
845	876	-4
846	876	-4
847	876	-4
848	876	-2
849	876	0
850	876	1
851	876	2
852	876	1
853	876	2
854	876	2
855	876	4
856	876	2
857	876	1
858	876	2
859	876	-1
860	876	0
861	876	-1
862	876	0
863	876	-1
864	876	0
865	876	1
866	876	1
867	876	0
868	876	0
869	876	0
870	876	-1
871	876	0
872	876	2
873	876	2
874	876	3
875	876	1
876	876	-2
846	877	2
847	877	2
848	877	2
849	877	2
850	877	2
851	877	2
852	877	1
853	877	1
854	877	2
855	877	3
856	877	2
857	877	2
858	877	2
859	877	0
860	877	-1
861	877	-1
862	877	0
863	877	0
864	877	1
865	877	0
866	877	-1
867	877	0
868	877	0
869	877	0
870	877	1
871	877	2
872	877	3
873	877	3
874	877	3
875	877	3
876	877	2
877	877	3
847	878	0
848	878	-1
849	878	0
850	878	0
851	878	0
852	878	0
853	878	0
854	878	0
855	878	0
856	878	0
857	878	0
858	878	0
859	878	0
860	878	0
861	878	0
862	878	0
863	878	0
864	878	0
865	878	0
866	878	-1
867	878	-1
868	878	-1
869	878	0
870	878	0
871	878	0
872	878	0
873	878	0
874	878	-1
875	878	0
876	878	0
877	878	-1
878	878	0
848	879	3
849	879	2
850	879	0
851	879	-2
852	879	-2
853	879	-1
854	879	-2
855	879	-3
856	879	-3
857	879	-1
858	879	0
859	879	0
860	879	-1
861	879	1
862	879	0
863	879	-1
864	879	1
865	879	0
866	879	0
867	879	0
868	879	1
869	879	-1
870	879	1
871	879	3
872	879	2
873	879	4
874	879	4
875	879	5
876	879	4
877	879	2
878	879	3
879	879	3
849	880	3
850	880	3
851	880	3
852	880	3
853	880	3
854	880	3
855	880	3
856	880	1
857	880	0
858	880	0
859	880	-1
860	880	-1
861	880	-1
862	880	0
863	880	0
864	880	0
865	880	0
866	880	0
867	880	-1
868	880	0
869	880	-1
870	880	0
871	880	0
872	880	1
873	880	2
874	880	2
875	880	2
876	880	3
877	880	3
878	880	4
879	880	4
880	880	4
850	881	-3
851	881	-4
852	881	-4
853	881	-4
854	881	-4
855	881	-3
856	881	-3
857	881	-3
858	881	-2
859	881	0
860	881	1
861	881	1
862	881	0
863	881	-1
864	881	0
865	881	0
866	881	0
867	881	0
868	881	0
869	881	1
870	881	-1
871	881	-2
872	881	-4
873	881	-4
874	881	-4
875	881	-4
876	881	-5
877	881	-4
878	881	-4
879	881	-4
880	881	-5
881	881	-5
851	882	0
852	882	0
853	882	0
854	882	0
855	882	2
856	882	4
857	882	2
858	882	1
859	882	1
860	882	-1
861	882	0
862	882	0
863	882	0
864	882	0
865	882	0
866	882	-1
867	882	0
868	882	-1
869	882	0
870	882	1
871	882	3
872	882	5
873	882	6
874	882	5
875	882	4
876	882	3
877	882	3
878	882	2
879	882	2
880	882	2
881	882	1
882	882	1
852	883	2
853	883	0
854	883	0
855	883	-1
856	883	-3
857	883	-2
858	883	-1
859	883	-2
860	883	0
861	883	0
862	883	0
863	883	0
864	883	0
865	883	1
866	883	0
867	883	0
868	883	0
869	883	-1
870	883	2
871	883	2
872	883	2
873	883	2
874	883	2
875	883	3
876	883	2
877	883	2
878	883	3
879	883	4
880	883	3
881	883	4
882	883	4
883	883	4
853	884	-1
854	884	-1
855	884	-1
856	884	0
857	884	0
858	884	1
859	884	-1
860	884	-1
861	884	0
862	884	-1
863	884	0
864	884	-1
865	884	0
866	884	0
867	884	1
868	884	0
869	884	-1
870	884	0
871	884	2
872	884	5
873	884	4
874	884	5
875	884	5
876	884	4
877	884	3
878	884	2
879	884	2
880	884	2
881	884	2
882	884	2
883	884	2
884	884	2
854	885	1
855	885	2
856	885	3
857	885	3
858	885	3
859	885	1
860	885	-2
861	885	-1
862	885	0
863	885	1
864	885	0
865	885	0
866	885	0
867	885	1
868	885	0
869	885	-1
870	885	1
871	885	2
872	885	4
873	885	5
874	885	5
875	885	5
876	885	3
877	885	3
878	885	3
879	885	3
880	885	2
881	885	2
882	885	1
883	885	1
884	885	3
885	885	3
855	886	2
856	886	3
857	886	4
858	886	3
859	886	1
860	886	0
861	886	0
862	886	0
863	886	0
864	886	0
865	886	1
866	886	0
867	886	0
868	886	0
869	886	0
870	886	1
871	886	1
872	886	4
873	886	4
874	886	4
875	886	4
876	886	3
877	886	3
878	886	3
879	886	3
880	886	3
881	886	2
882	886	2
883	886	3
884	886	3
885	886	3
886	886	4
856	887	3
857	887	2
858	887	1
859	887	0
860	887	-1
861	887	0
862	887	0
863	887	0
864	887	1
865	887	1
866	887	0
867	887	-1
868	887	0
869	887	-1
870	887	0
871	887	2
872	887	4
873	887	3
874	887	1
875	887	0
876	887	-2
877	887	-2
878	887	-2
879	887	-2
880	887	-3
881	887	-3
882	887	-4
883	887	-1
884	887	1
885	887	3
886	887	3
887	887	4
857	888	1
858	888	2
859	888	-1
860	888	-1
861	888	-1
862	888	0
863	888	0
864	888	0
865	888	0
866	888	0
867	888	0
868	888	0
869	888	0
870	888	1
871	888	3
872	888	6
873	888	4
874	888	5
875	888	5
876	888	4
877	888	4
878	888	3
879	888	3
880	888	2
881	888	2
882	888	1
883	888	1
884	888	1
885	888	1
886	888	2
887	888	3
888	888	5
858	889	2
859	889	0
860	889	-1
861	889	-1
862	889	-1
863	889	0
864	889	0
865	889	0
866	889	1
867	889	0
868	889	0
869	889	-1
870	889	1
871	889	2
872	889	4
873	889	5
874	889	5
875	889	5
876	889	4
877	889	4
878	889	4
879	889	3
880	889	2
881	889	2
882	889	2
883	889	3
884	889	2
885	889	2
886	889	2
887	889	3
888	889	3
889	889	2
859	890	1
860	890	-1
861	890	-1
862	890	1
863	890	0
864	890	0
865	890	1
866	890	0
867	890	0
868	890	0
869	890	0
870	890	1
871	890	3
872	890	4
873	890	4
874	890	5
875	890	5
876	890	3
877	890	2
878	890	2
879	890	1
880	890	1
881	890	0
882	890	-1
883	890	0
884	890	1
885	890	1
886	890	2
887	890	2
888	890	4
889	890	3
890	890	2
860	891	-1
861	891	-1
862	891	0
863	891	0
864	891	1
865	891	0
866	891	0
867	891	0
868	891	0
869	891	0
870	891	2
871	891	3
872	891	4
873	891	6
874	891	5
875	891	5
876	891	4
877	891	4
878	891	4
879	891	4
880	891	3
881	891	3
882	891	3
883	891	3
884	891	3
885	891	2
886	891	3
887	891	3
888	891	4
889	891	3
890	891	2
891	891	2
861	892	-1
862	892	0
863	892	1
864	892	0
865	892	0
866	892	1
867	892	0
868	892	0
869	892	0
870	892	0
871	892	0
872	892	1
873	892	2
874	892	1
875	892	2
876	892	1
877	892	2
878	892	2
879	892	3
880	892	2
881	892	2
882	892	3
883	892	3
884	892	4
885	892	5
886	892	5
887	892	5
888	892	5
889	892	4
890	892	3
891	892	2
892	892	0
862	893	0
863	893	-1
864	893	1
865	893	0
866	893	0
867	893	0
868	893	-1
869	893	1
870	893	0
871	893	2
872	893	4
873	893	4
874	893	5
875	893	4
876	893	2
877	893	2
878	893	3
879	893	2
880	893	2
881	893	1
882	893	1
883	893	1
884	893	2
885	893	3
886	893	4
887	893	4
888	893	4
889	893	3
890	893	2
891	893	2
892	893	0
893	893	-2
863	894	0
864	894	0
865	894	0
866	894	0
867	894	0
868	894	0
869	894	-1
870	894	1
871	894	1
872	894	3
873	894	3
874	894	3
875	894	2
876	894	3
877	894	2
878	894	2
879	894	3
880	894	2
881	894	2
882	894	2
883	894	2
884	894	2
885	894	2
886	894	2
887	894	2
888	894	3
889	894	2
890	894	2
891	894	2
892	894	0
893	894	-1
894	894	0
864	895	0
865	895	0
866	895	0
867	895	0
868	895	0
869	895	-1
870	895	-1
871	895	-2
872	895	-3
873	895	-3
874	895	-3
875	895	-3
876	895	-4
877	895	-3
878	895	-3
879	895	-3
880	895	-4
881	895	-3
882	895	-2
883	895	-3
884	895	-4
885	895	-4
886	895	-3
887	895	-3
888	895	-3
889	895	-3
890	895	-2
891	895	-1
892	895	1
893	895	1
894	895	0
895	895	0
865	896	0
866	896	0
867	896	0
868	896	0
869	896	1
870	896	-1
871	896	-3
872	896	-3
873	896	-4
874	896	-3
875	896	-3
876	896	-3
877	896	-4
878	896	-3
879	896	-3
880	896	-5
881	896	-4
882	896	-2
883	896	-3
884	896	-5
885	896	-4
886	896	-4
887	896	-3
888	896	-3
889	896	-2
890	896	-3
891	896	-2
892	896	0
893	896	0
894	896	0
895	896	1
896	896	0
866	897	0
867	897	0
868	897	0
869	897	0
870	897	-1
871	897	-2
872	897	-3
873	897	-3
874	897	-3
875	897	-3
876	897	-3
877	897	-3
878	897	-3
879	897	-3
880	897	-4
881	897	-3
882	897	-3
883	897	-4
884	897	-4
885	897	-4
886	897	-3
887	897	-3
888	897	-3
889	897	-3
890	897	-2
891	897	0
892	897	1
893	897	0
894	897	0
895	897	-1
896	897	1
897	897	0
867	898	-1
868	898	0
869	898	0
870	898	0
871	898	-2
872	898	0
873	898	2
874	898	3
875	898	3
876	898	3
877	898	3
878	898	2
879	898	1
880	898	2
881	898	1
882	898	2
883	898	2
884	898	3
885	898	4
886	898	4
887	898	5
888	898	4
889	898	2
890	898	2
891	898	0
892	898	0
893	898	-1
894	898	0
895	898	-1
896	898	0
897	898	1
898	898	-1
868	899	0
869	899	0
870	899	1
871	899	2
872	899	3
873	899	3
874	899	4
875	899	3
876	899	3
877	899	2
878	899	3
879	899	3
880	899	2
881	899	2
882	899	2
883	899	3
884	899	3
885	899	0
886	899	0
887	899	0
888	899	-1
889	899	-2
890	899	0
891	899	2
892	899	-1
893	899	-1
894	899	0
895	899	0
896	899	0
897	899	0
898	899	0
899	899	0
869	900	0
870	900	1
871	900	2
872	900	3
873	900	4
874	900	3
875	900	4
876	900	2
877	900	2
878	900	3
879	900	3
880	900	3
881	900	3
882	900	3
883	900	3
884	900	3
885	900	1
886	900	1
887	900	1
888	900	1
889	900	0
890	900	-2
891	900	-1
892	900	1
893	900	1
894	900	0
895	900	0
896	900	0
897	900	0
898	900	0
899	900	0
900	900	0
870	901	0
871	901	2
872	901	4
873	901	4
874	901	3
875	901	4
876	901	2
877	901	1
878	901	1
879	901	0
880	901	0
881	901	1
882	901	1
883	901	2
884	901	2
885	901	2
886	901	2
887	901	2
888	901	2
889	901	1
890	901	1
891	901	1
892	901	0
893	901	-1
894	901	0
895	901	0
896	901	0
897	901	-1
898	901	0
899	901	0
900	901	0
901	901	0
871	902	3
872	902	5
873	902	3
874	902	4
875	902	5
876	902	3
877	902	2
878	902	1
879	902	2
880	902	1
881	902	2
882	902	1
883	902	1
884	902	2
885	902	0
886	902	1
887	902	2
888	902	1
889	902	1
890	902	1
891	902	2
892	902	0
893	902	-1
894	902	0
895	902	0
896	902	0
897	902	1
898	902	0
899	902	0
900	902	0
901	902	0
902	902	0
872	903	3
873	903	3
874	903	3
875	903	3
876	903	2
877	903	1
878	903	1
879	903	1
880	903	1
881	903	1
882	903	2
883	903	2
884	903	2
885	903	1
886	903	2
887	903	2
888	903	2
889	903	1
890	903	1
891	903	1
892	903	1
893	903	1
894	903	0
895	903	0
896	903	1
897	903	-1
898	903	0
899	903	0
900	903	0
901	903	0
902	903	0
903	903	1
873	904	5
874	904	5
875	904	5
876	904	4
877	904	5
878	904	3
879	904	3
880	904	2
881	904	2
882	904	1
883	904	1
884	904	1
885	904	0
886	904	2
887	904	2
888	904	3
889	904	2
890	904	2
891	904	2
892	904	0
893	904	0
894	904	0
895	904	0
896	904	0
897	904	1
898	904	1
899	904	0
900	904	1
901	904	0
902	904	1
903	904	1
904	904	2
874	905	4
875	905	5
876	905	4
877	905	4
878	905	3
879	905	3
880	905	2
881	905	1
882	905	2
883	905	2
884	905	2
885	905	1
886	905	2
887	905	1
888	905	1
889	905	1
890	905	1
891	905	2
892	905	0
893	905	-1
894	905	-1
895	905	-1
896	905	0
897	905	-1
898	905	0
899	905	0
900	905	1
901	905	1
902	905	0
903	905	-1
904	905	0
905	905	0
875	906	4
876	906	5
877	906	4
878	906	4
879	906	5
880	906	3
881	906	3
882	906	3
883	906	3
884	906	2
885	906	0
886	906	1
887	906	-1
888	906	0
889	906	0
890	906	-1
891	906	-1
892	906	0
893	906	0
894	906	0
895	906	0
896	906	0
897	906	0
898	906	0
899	906	0
900	906	0
901	906	0
902	906	0
903	906	-1
904	906	0
905	906	0
906	906	1
876	907	3
877	907	4
878	907	4
879	907	3
880	907	2
881	907	3
882	907	2
883	907	3
884	907	4
885	907	4
886	907	4
887	907	5
888	907	4
889	907	3
890	907	2
891	907	2
892	907	0
893	907	-1
894	907	0
895	907	1
896	907	-1
897	907	0
898	907	0
899	907	0
900	907	0
901	907	-1
902	907	-1
903	907	1
904	907	1
905	907	3
906	907	4
907	907	4
877	908	-2
878	908	-4
879	908	-3
880	908	-4
881	908	-4
882	908	-2
883	908	-3
884	908	-4
885	908	-5
886	908	-4
887	908	-4
888	908	-3
889	908	-3
890	908	-3
891	908	-1
892	908	1
893	908	1
894	908	1
895	908	0
896	908	0
897	908	-1
898	908	0
899	908	0
900	908	0
901	908	0
902	908	0
903	908	-2
904	908	-2
905	908	-3
906	908	-4
907	908	-3
908	908	-3
878	909	3
879	909	2
880	909	1
881	909	2
882	909	1
883	909	1
884	909	3
885	909	3
886	909	3
887	909	5
888	909	4
889	909	2
890	909	2
891	909	2
892	909	0
893	909	-1
894	909	0
895	909	0
896	909	0
897	909	0
898	909	0
899	909	0
900	909	0
901	909	0
902	909	1
903	909	1
904	909	1
905	909	2
906	909	4
907	909	4
908	909	4
909	909	4
879	910	4
880	910	3
881	910	4
882	910	4
883	910	4
884	910	5
885	910	4
886	910	3
887	910	1
888	910	0
889	910	0
890	910	1
891	910	2
892	910	0
893	910	-1
894	910	-1
895	910	0
896	910	1
897	910	0
898	910	0
899	910	0
900	910	0
901	910	0
902	910	-1
903	910	-1
904	910	0
905	910	-1
906	910	1
907	910	2
908	910	1
909	910	1
910	910	1
880	911	2
881	911	2
882	911	2
883	911	2
884	911	0
885	911	-2
886	911	-2
887	911	-3
888	911	-2
889	911	-2
890	911	-2
891	911	0
892	911	0
893	911	1
894	911	0
895	911	1
896	911	0
897	911	-1
898	911	-1
899	911	0
900	911	0
901	911	0
902	911	0
903	911	-1
904	911	-1
905	911	0
906	911	1
907	911	3
908	911	3
909	911	2
910	911	1
911	911	2
881	912	3
882	912	2
883	912	4
884	912	3
885	912	4
886	912	4
887	912	5
888	912	3
889	912	3
890	912	2
891	912	2
892	912	0
893	912	0
894	912	0
895	912	0
896	912	0
897	912	0
898	912	-1
899	912	0
900	912	0
901	912	0
902	912	0
903	912	1
904	912	1
905	912	2
906	912	2
907	912	3
908	912	4
909	912	3
910	912	4
911	912	5
912	912	4
882	913	0
883	913	0
884	913	0
885	913	0
886	913	1
887	913	3
888	913	2
889	913	1
890	913	1
891	913	1
892	913	0
893	913	-1
894	913	0
895	913	0
896	913	-1
897	913	0
898	913	0
899	913	0
900	913	0
901	913	0
902	913	0
903	913	2
904	913	3
905	913	4
906	913	4
907	913	4
908	913	5
909	913	4
910	913	2
911	913	2
912	913	4
913	913	3
883	914	1
884	914	1
885	914	1
886	914	1
887	914	2
888	914	3
889	914	2
890	914	0
891	914	1
892	914	0
893	914	-1
894	914	0
895	914	1
896	914	0
897	914	0
898	914	0
899	914	0
900	914	0
901	914	0
902	914	-1
903	914	1
904	914	2
905	914	2
906	914	4
907	914	3
908	914	4
909	914	4
910	914	3
911	914	4
912	914	4
913	914	4
914	914	3
884	915	3
885	915	2
886	915	0
887	915	-1
888	915	-1
889	915	-2
890	915	-1
891	915	0
892	915	1
893	915	0
894	915	-1
895	915	0
896	915	-1
897	915	0
898	915	0
899	915	1
900	915	0
901	915	0
902	915	1
903	915	-1
904	915	-1
905	915	0
906	915	2
907	915	2
908	915	2
909	915	1
910	915	2
911	915	1
912	915	3
913	915	3
914	915	4
915	915	4
885	916	-1
886	916	-2
887	916	-2
888	916	-3
889	916	-1
890	916	-2
891	916	-1
892	916	0
893	916	1
894	916	0
895	916	0
896	916	0
897	916	0
898	916	-1
899	916	-1
900	916	0
901	916	0
902	916	0
903	916	-2
904	916	-2
905	916	-2
906	916	-3
907	916	-2
908	916	-3
909	916	-3
910	916	-2
911	916	-3
912	916	-3
913	916	-3
914	916	-4
915	916	-3
916	916	-4
886	917	0
887	917	-2
888	917	-2
889	917	-2
890	917	-1
891	917	-1
892	917	0
893	917	1
894	917	0
895	917	0
896	917	0
897	917	1
898	917	1
899	917	0
900	917	0
901	917	0
902	917	0
903	917	-1
904	917	-3
905	917	-3
906	917	-3
907	917	-2
908	917	-3
909	917	-2
910	917	-2
911	917	-3
912	917	-3
913	917	-4
914	917	-3
915	917	-3
916	917	-4
917	917	-3
887	918	-3
888	918	-2
889	918	-2
890	918	-1
891	918	-1
892	918	0
893	918	1
894	918	-1
895	918	0
896	918	0
897	918	0
898	918	0
899	918	0
900	918	0
901	918	0
902	918	1
903	918	-2
904	918	-2
905	918	-3
906	918	-3
907	918	-2
908	918	-2
909	918	-3
910	918	-3
911	918	-4
912	918	-3
913	918	-4
914	918	-3
915	918	-3
916	918	-4
917	918	-3
918	918	-3
888	919	3
889	919	1
890	919	1
891	919	1
892	919	0
893	919	0
894	919	0
895	919	0
896	919	0
897	919	0
898	919	0
899	919	0
900	919	0
901	919	0
902	919	0
903	919	1
904	919	2
905	919	2
906	919	3
907	919	4
908	919	4
909	919	4
910	919	2
911	919	3
912	919	4
913	919	4
914	919	3
915	919	4
916	919	4
917	919	4
918	919	4
919	919	3
889	920	2
890	920	1
891	920	1
892	920	-1
893	920	-1
894	920	0
895	920	0
896	920	1
897	920	0
898	920	0
899	920	0
900	920	0
901	920	0
902	920	0
903	920	1
904	920	3
905	920	3
906	920	5
907	920	3
908	920	4
909	920	5
910	920	4
911	920	3
912	920	4
913	920	4
914	920	4
915	920	4
916	920	3
917	920	4
918	920	3
919	920	4
920	920	5
890	921	2
891	921	2
892	921	-1
893	921	0
894	921	0
895	921	0
896	921	0
897	921	0
898	921	0
899	921	0
900	921	0
901	921	0
902	921	0
903	921	0
904	921	2
905	921	2
906	921	3
907	921	2
908	921	3
909	921	2
910	921	2
911	921	3
912	921	4
913	921	4
914	921	5
915	921	5
916	921	4
917	921	4
918	921	4
919	921	3
920	921	3
921	921	2
891	922	-1
892	922	0
893	922	1
894	922	0
895	922	0
896	922	-1
897	922	0
898	922	0
899	922	0
900	922	0
901	922	0
902	922	0
903	922	-2
904	922	-3
905	922	-2
906	922	-3
907	922	-2
908	922	-3
909	922	-3
910	922	-3
911	922	-3
912	922	-3
913	922	-3
914	922	-4
915	922	-3
916	922	-4
917	922	-3
918	922	-3
919	922	-3
920	922	-2
921	922	-2
922	922	-1
892	923	-1
893	923	0
894	923	0
895	923	1
896	923	1
897	923	0
898	923	1
899	923	0
900	923	0
901	923	0
902	923	1
903	923	1
904	923	2
905	923	2
906	923	4
907	923	3
908	923	3
909	923	4
910	923	3
911	923	2
912	923	3
913	923	3
914	923	3
915	923	2
916	923	3
917	923	2
918	923	1
919	923	3
920	923	4
921	923	2
922	923	2
923	923	1
893	924	-1
894	924	0
895	924	0
896	924	-1
897	924	1
898	924	0
899	924	0
900	924	1
901	924	0
902	924	0
903	924	2
904	924	2
905	924	3
906	924	2
907	924	2
908	924	2
909	924	3
910	924	2
911	924	3
912	924	3
913	924	3
914	924	4
915	924	2
916	924	3
917	924	3
918	924	3
919	924	0
920	924	0
921	924	0
922	924	0
923	924	0
924	924	0
894	925	-1
895	925	1
896	925	0
897	925	0
898	925	0
899	925	0
900	925	-1
901	925	0
902	925	0
903	925	0
904	925	0
905	925	-1
906	925	0
907	925	0
908	925	0
909	925	0
910	925	-1
911	925	-1
912	925	0
913	925	0
914	925	0
915	925	0
916	925	0
917	925	0
918	925	0
919	925	0
920	925	0
921	925	1
922	925	2
923	925	0
924	925	0
925	925	0
895	926	0
896	926	0
897	926	0
898	926	0
899	926	0
900	926	0
901	926	-1
902	926	0
903	926	0
904	926	1
905	926	2
906	926	3
907	926	3
908	926	3
909	926	2
910	926	3
911	926	3
912	926	3
913	926	5
914	926	4
915	926	3
916	926	4
917	926	3
918	926	2
919	926	2
920	926	2
921	926	1
922	926	2
923	926	1
924	926	1
925	926	-1
926	926	0
896	927	0
897	927	0
898	927	0
899	927	-1
900	927	0
901	927	0
902	927	0
903	927	1
904	927	1
905	927	3
906	927	4
907	927	4
908	927	4
909	927	3
910	927	2
911	927	2
912	927	3
913	927	5
914	927	4
915	927	4
916	927	4
917	927	3
918	927	3
919	927	2
920	927	1
921	927	2
922	927	1
923	927	1
924	927	0
925	927	0
926	927	0
927	927	0
897	928	0
898	928	-1
899	928	0
900	928	0
901	928	0
902	928	0
903	928	-1
904	928	0
905	928	-1
906	928	0
907	928	1
908	928	3
909	928	2
910	928	1
911	928	2
912	928	2
913	928	-1
914	928	-1
915	928	-1
916	928	0
917	928	2
918	928	2
919	928	4
920	928	5
921	928	3
922	928	2
923	928	0
924	928	0
925	928	0
926	928	0
927	928	0
928	928	0
898	929	0
899	929	0
900	929	0
901	929	0
902	929	0
903	929	0
904	929	0
905	929	0
906	929	0
907	929	0
908	929	0
909	929	0
910	929	-1
911	929	0
912	929	-1
913	929	0
914	929	-1
915	929	0
916	929	0
917	929	0
918	929	0
919	929	0
920	929	-1
921	929	0
922	929	-1
923	929	1
924	929	0
925	929	0
926	929	1
927	929	0
928	929	0
929	929	-1
899	930	0
900	930	1
901	930	0
902	930	0
903	930	3
904	930	3
905	930	5
906	930	4
907	930	4
908	930	4
909	930	3
910	930	3
911	930	3
912	930	4
913	930	4
914	930	2
915	930	2
916	930	3
917	930	3
918	930	2
919	930	2
920	930	3
921	930	4
922	930	2
923	930	0
924	930	0
925	930	0
926	930	0
927	930	-1
928	930	0
929	930	0
930	930	-1
900	931	0
901	931	0
902	931	0
903	931	-1
904	931	1
905	931	1
906	931	1
907	931	2
908	931	1
909	931	2
910	931	0
911	931	1
912	931	1
913	931	3
914	931	4
915	931	4
916	931	4
917	931	3
918	931	2
919	931	0
920	931	-1
921	931	0
922	931	2
923	931	1
924	931	1
925	931	0
926	931	0
927	931	0
928	931	0
929	931	0
930	931	1
931	931	1
901	932	0
902	932	0
903	932	0
904	932	1
905	932	2
906	932	2
907	932	2
908	932	3
909	932	3
910	932	3
911	932	3
912	932	4
913	932	4
914	932	4
915	932	3
916	932	3
917	932	3
918	932	2
919	932	2
920	932	0
921	932	1
922	932	2
923	932	0
924	932	0
925	932	0
926	932	0
927	932	0
928	932	0
929	932	0
930	932	0
931	932	1
932	932	0
902	933	-1
903	933	-2
904	933	-2
905	933	-2
906	933	-2
907	933	-3
908	933	-3
909	933	-2
910	933	-2
911	933	-2
912	933	-2
913	933	-2
914	933	-3
915	933	-3
916	933	-3
917	933	-4
918	933	-2
919	933	-3
920	933	-2
921	933	-2
922	933	-2
923	933	-1
924	933	1
925	933	1
926	933	0
927	933	0
928	933	1
929	933	-1
930	933	0
931	933	0
932	933	0
933	933	0
903	934	-1
904	934	0
905	934	1
906	934	3
907	934	3
908	934	2
909	934	2
910	934	1
911	934	1
912	934	1
913	934	3
914	934	4
915	934	2
916	934	2
917	934	3
918	934	3
919	934	1
920	934	1
921	934	0
922	934	0
923	934	1
924	934	0
925	934	0
926	934	-1
927	934	-1
928	934	0
929	934	0
930	934	-1
931	934	0
932	934	0
933	934	0
934	934	0
904	935	1
905	935	1
906	935	0
907	935	0
908	935	0
909	935	0
910	935	0
911	935	0
912	935	0
913	935	0
914	935	0
915	935	0
916	935	0
917	935	-1
918	935	-1
919	935	0
920	935	-1
921	935	-1
922	935	0
923	935	0
924	935	0
925	935	0
926	935	0
927	935	0
928	935	0
929	935	0
930	935	0
931	935	0
932	935	-1
933	935	0
934	935	0
935	935	0
905	936	3
906	936	4
907	936	4
908	936	6
909	936	5
910	936	5
911	936	4
912	936	4
913	936	4
914	936	3
915	936	2
916	936	3
917	936	2
918	936	2
919	936	4
920	936	5
921	936	3
922	936	1
923	936	2
924	936	0
925	936	0
926	936	0
927	936	0
928	936	0
929	936	0
930	936	0
931	936	0
932	936	0
933	936	0
934	936	0
935	936	0
936	936	-1
906	937	2
907	937	1
908	937	2
909	937	3
910	937	2
911	937	2
912	937	0
913	937	1
914	937	0
915	937	-2
916	937	-2
917	937	-2
918	937	0
919	937	3
920	937	4
921	937	2
922	937	1
923	937	0
924	937	-1
925	937	0
926	937	0
927	937	0
928	937	1
929	937	0
930	937	0
931	937	0
932	937	0
933	937	0
934	937	0
935	937	0
936	937	-1
937	937	-3
907	938	3
908	938	3
909	938	3
910	938	2
911	938	3
912	938	3
913	938	4
914	938	4
915	938	4
916	938	3
917	938	3
918	938	3
919	938	3
920	938	3
921	938	1
922	938	2
923	938	1
924	938	0
925	938	0
926	938	0
927	938	0
928	938	0
929	938	0
930	938	0
931	938	0
932	938	0
933	938	0
934	938	1
935	938	0
936	938	1
937	938	1
938	938	2
908	939	-3
909	939	-2
910	939	-2
911	939	-4
912	939	-3
913	939	-3
914	939	-2
915	939	-3
916	939	-2
917	939	-3
918	939	-2
919	939	-2
920	939	-2
921	939	-3
922	939	-1
923	939	-1
924	939	1
925	939	0
926	939	0
927	939	0
928	939	0
929	939	0
930	939	0
931	939	0
932	939	0
933	939	0
934	939	1
935	939	0
936	939	1
937	939	1
938	939	1
939	939	1
909	940	2
910	940	2
911	940	2
912	940	3
913	940	4
914	940	3
915	940	4
916	940	4
917	940	5
918	940	4
919	940	2
920	940	1
921	940	1
922	940	1
923	940	1
924	940	0
925	940	0
926	940	0
927	940	0
928	940	1
929	940	0
930	940	-1
931	940	-1
932	940	0
933	940	0
934	940	0
935	940	0
936	940	0
937	940	1
938	940	2
939	940	2
940	940	2
910	941	5
911	941	5
912	941	5
913	941	6
914	941	4
915	941	4
916	941	5
917	941	4
918	941	4
919	941	5
920	941	5
921	941	4
922	941	1
923	941	1
924	941	-1
925	941	-1
926	941	-1
927	941	0
928	941	0
929	941	0
930	941	0
931	941	0
932	941	0
933	941	0
934	941	0
935	941	0
936	941	-1
937	941	0
938	941	0
939	941	0
940	941	2
941	941	3
911	942	1
912	942	2
913	942	3
914	942	4
915	942	4
916	942	4
917	942	3
918	942	2
919	942	-1
920	942	-1
921	942	0
922	942	0
923	942	0
924	942	1
925	942	0
926	942	0
927	942	1
928	942	0
929	942	-1
930	942	0
931	942	0
932	942	0
933	942	1
934	942	0
935	942	0
936	942	1
937	942	1
938	942	2
939	942	2
940	942	1
941	942	2
942	942	1
912	943	-2
913	943	-2
914	943	-3
915	943	-3
916	943	-3
917	943	-3
918	943	-3
919	943	-3
920	943	-3
921	943	-1
922	943	-2
923	943	0
924	943	1
925	943	0
926	943	0
927	943	0
928	943	0
929	943	0
930	943	0
931	943	0
932	943	0
933	943	1
934	943	0
935	943	0
936	943	-1
937	943	-1
938	943	-2
939	943	-1
940	943	-1
941	943	-1
942	943	-1
943	943	1
913	944	4
914	944	4
915	944	4
916	944	3
917	944	3
918	944	3
919	944	2
920	944	3
921	944	2
922	944	1
923	944	1
924	944	0
925	944	0
926	944	0
927	944	0
928	944	0
929	944	-1
930	944	0
931	944	0
932	944	0
933	944	1
934	944	0
935	944	0
936	944	0
937	944	0
938	944	2
939	944	1
940	944	1
941	944	2
942	944	2
943	944	2
944	944	2
914	945	0
915	945	0
916	945	0
917	945	0
918	945	0
919	945	0
920	945	0
921	945	0
922	945	0
923	945	0
924	945	0
925	945	0
926	945	0
927	945	-1
928	945	0
929	945	0
930	945	0
931	945	0
932	945	0
933	945	0
934	945	0
935	945	0
936	945	0
937	945	0
938	945	0
939	945	0
940	945	0
941	945	0
942	945	0
943	945	0
944	945	0
945	945	0
915	946	3
916	946	3
917	946	4
918	946	4
919	946	4
920	946	6
921	946	4
922	946	1
923	946	0
924	946	0
925	946	1
926	946	-1
927	946	0
928	946	-1
929	946	0
930	946	0
931	946	0
932	946	0
933	946	0
934	946	-1
935	946	0
936	946	-1
937	946	0
938	946	0
939	946	1
940	946	3
941	946	0
942	946	-1
943	946	0
944	946	3
945	946	5
946	946	2
916	947	0
917	947	0
918	947	-1
919	947	-1
920	947	0
921	947	-1
922	947	-1
923	947	0
924	947	0
925	947	0
926	947	0
927	947	0
928	947	0
929	947	0
930	947	0
931	947	0
932	947	0
933	947	0
934	947	0
935	947	0
936	947	0
937	947	0
938	947	0
939	947	-1
940	947	0
941	947	0
942	947	-1
943	947	0
944	947	0
945	947	0
946	947	0
947	947	0
917	948	4
918	948	4
919	948	4
920	948	4
921	948	3
922	948	2
923	948	1
924	948	0
925	948	0
926	948	0
927	948	0
928	948	0
929	948	-1
930	948	0
931	948	1
932	948	0
933	948	-1
934	948	0
935	948	0
936	948	0
937	948	0
938	948	0
939	948	0
940	948	3
941	948	3
942	948	2
943	948	2
944	948	2
945	948	4
946	948	2
947	948	3
948	948	2
918	949	3
919	949	4
920	949	3
921	949	1
922	949	1
923	949	1
924	949	0
925	949	0
926	949	0
927	949	0
928	949	0
929	949	0
930	949	1
931	949	-1
932	949	0
933	949	0
934	949	0
935	949	0
936	949	0
937	949	0
938	949	0
939	949	0
940	949	2
941	949	2
942	949	2
943	949	2
944	949	2
945	949	3
946	949	2
947	949	1
948	949	2
949	949	2
919	950	-3
920	950	-2
921	950	-2
922	950	-1
923	950	-1
924	950	0
925	950	0
926	950	1
927	950	0
928	950	0
929	950	1
930	950	0
931	950	0
932	950	0
933	950	0
934	950	0
935	950	0
936	950	1
937	950	1
938	950	2
939	950	2
940	950	0
941	950	0
942	950	1
943	950	1
944	950	2
945	950	0
946	950	0
947	950	3
948	950	2
949	950	1
950	950	0
920	951	1
921	951	1
922	951	0
923	951	0
924	951	0
925	951	0
926	951	0
927	951	0
928	951	0
929	951	0
930	951	0
931	951	0
932	951	0
933	951	0
934	951	-1
935	951	0
936	951	1
937	951	2
938	951	3
939	951	2
940	951	1
941	951	2
942	951	1
943	951	2
944	951	4
945	951	4
946	951	3
947	951	4
948	951	4
949	951	4
950	951	3
951	951	1
921	952	0
922	952	-1
923	952	0
924	952	0
925	952	0
926	952	0
927	952	-1
928	952	0
929	952	-1
930	952	0
931	952	-1
932	952	0
933	952	0
934	952	0
935	952	0
936	952	0
937	952	0
938	952	1
939	952	1
940	952	0
941	952	0
942	952	0
943	952	-1
944	952	-1
945	952	0
946	952	0
947	952	1
948	952	2
949	952	1
950	952	1
951	952	-1
952	952	0
922	953	-1
923	953	0
924	953	0
925	953	0
926	953	0
927	953	0
928	953	0
929	953	0
930	953	0
931	953	0
932	953	0
933	953	0
934	953	-1
935	953	0
936	953	0
937	953	0
938	953	0
939	953	0
940	953	0
941	953	0
942	953	0
943	953	0
944	953	0
945	953	0
946	953	0
947	953	0
948	953	0
949	953	0
950	953	-1
951	953	0
952	953	0
953	953	-1
923	954	0
924	954	1
925	954	0
926	954	-1
927	954	0
928	954	1
929	954	1
930	954	-1
931	954	0
932	954	0
933	954	0
934	954	0
935	954	1
936	954	0
937	954	0
938	954	0
939	954	-1
940	954	0
941	954	0
942	954	-1
943	954	0
944	954	0
945	954	0
946	954	0
947	954	0
948	954	0
949	954	0
950	954	0
951	954	0
952	954	-1
953	954	0
954	954	0
924	955	0
925	955	0
926	955	0
927	955	0
928	955	0
929	955	0
930	955	0
931	955	0
932	955	0
933	955	-1
934	955	0
935	955	0
936	955	0
937	955	0
938	955	0
939	955	-1
940	955	-1
941	955	-1
942	955	0
943	955	0
944	955	0
945	955	-1
946	955	0
947	955	0
948	955	0
949	955	0
950	955	0
951	955	0
952	955	1
953	955	1
954	955	0
955	955	0
925	956	1
926	956	0
927	956	0
928	956	0
929	956	0
930	956	1
931	956	0
932	956	1
933	956	0
934	956	-1
935	956	0
936	956	0
937	956	1
938	956	2
939	956	2
940	956	1
941	956	1
942	956	1
943	956	1
944	956	3
945	956	0
946	956	2
947	956	4
948	956	2
949	956	0
950	956	-1
951	956	0
952	956	-1
953	956	-1
954	956	0
955	956	0
956	956	0
926	957	0
927	957	0
928	957	0
929	957	0
930	957	0
931	957	0
932	957	-1
933	957	0
934	957	1
935	957	0
936	957	1
937	957	0
938	957	2
939	957	2
940	957	2
941	957	2
942	957	1
943	957	1
944	957	3
945	957	4
946	957	2
947	957	4
948	957	5
949	957	4
950	957	2
951	957	0
952	957	1
953	957	0
954	957	0
955	957	0
956	957	1
957	957	0
927	958	0
928	958	1
929	958	1
930	958	0
931	958	0
932	958	0
933	958	0
934	958	0
935	958	0
936	958	0
937	958	0
938	958	0
939	958	0
940	958	0
941	958	0
942	958	0
943	958	0
944	958	0
945	958	0
946	958	0
947	958	0
948	958	0
949	958	-1
950	958	0
951	958	0
952	958	0
953	958	0
954	958	-1
955	958	0
956	958	0
957	958	0
958	958	0
928	959	0
929	959	-1
930	959	0
931	959	0
932	959	-1
933	959	0
934	959	0
935	959	0
936	959	0
937	959	-1
938	959	0
939	959	0
940	959	0
941	959	0
942	959	0
943	959	0
944	959	0
945	959	0
946	959	0
947	959	0
948	959	0
949	959	0
950	959	0
951	959	0
952	959	0
953	959	0
954	959	0
955	959	0
956	959	0
957	959	1
958	959	0
959	959	0
929	960	-1
930	960	0
931	960	0
932	960	0
933	960	0
934	960	0
935	960	0
936	960	0
937	960	0
938	960	0
939	960	0
940	960	1
941	960	2
942	960	2
943	960	1
944	960	2
945	960	2
946	960	2
947	960	1
948	960	1
949	960	2
950	960	1
951	960	1
952	960	0
953	960	0
954	960	0
955	960	0
956	960	0
957	960	0
958	960	0
959	960	0
960	960	-1
930	961	0
931	961	0
932	961	0
933	961	1
934	961	1
935	961	0
936	961	1
937	961	2
938	961	3
939	961	3
940	961	1
941	961	1
942	961	1
943	961	2
944	961	4
945	961	3
946	961	3
947	961	3
948	961	5
949	961	3
950	961	2
951	961	0
952	961	2
953	961	0
954	961	0
955	961	0
956	961	0
957	961	-1
958	961	0
959	961	0
960	961	0
961	961	0
931	962	-1
932	962	0
933	962	0
934	962	0
935	962	1
936	962	0
937	962	0
938	962	0
939	962	0
940	962	-1
941	962	-1
942	962	-1
943	962	-1
944	962	-1
945	962	-1
946	962	-1
947	962	-1
948	962	-1
949	962	0
950	962	0
951	962	-1
952	962	-1
953	962	-1
954	962	0
955	962	1
956	962	0
957	962	0
958	962	0
959	962	0
960	962	-1
961	962	0
962	962	0
932	963	1
933	963	0
934	963	0
935	963	1
936	963	0
937	963	0
938	963	0
939	963	0
940	963	0
941	963	0
942	963	0
943	963	0
944	963	0
945	963	-1
946	963	0
947	963	0
948	963	0
949	963	0
950	963	0
951	963	0
952	963	0
953	963	0
954	963	0
955	963	0
956	963	0
957	963	0
958	963	0
959	963	0
960	963	0
961	963	0
962	963	0
963	963	0
933	964	0
934	964	0
935	964	0
936	964	1
937	964	0
938	964	0
939	964	0
940	964	0
941	964	-1
942	964	-1
943	964	0
944	964	0
945	964	0
946	964	0
947	964	0
948	964	0
949	964	0
950	964	0
951	964	0
952	964	0
953	964	0
954	964	0
955	964	0
956	964	0
957	964	0
958	964	0
959	964	1
960	964	0
961	964	0
962	964	0
963	964	-1
964	964	-1
934	965	0
935	965	0
936	965	0
937	965	0
938	965	0
939	965	0
940	965	0
941	965	-1
942	965	-1
943	965	0
944	965	0
945	965	0
946	965	0
947	965	0
948	965	0
949	965	0
950	965	-1
951	965	1
952	965	0
953	965	1
954	965	0
955	965	0
956	965	1
957	965	-1
958	965	0
959	965	1
960	965	1
961	965	-1
962	965	0
963	965	0
964	965	0
965	965	0
935	966	-1
936	966	-1
937	966	0
938	966	-1
939	966	0
940	966	0
941	966	0
942	966	0
943	966	-1
944	966	0
945	966	0
946	966	0
947	966	0
948	966	0
949	966	0
950	966	0
951	966	0
952	966	-1
953	966	1
954	966	0
955	966	-1
956	966	0
957	966	0
958	966	0
959	966	0
960	966	0
961	966	0
962	966	0
963	966	0
964	966	1
965	966	0
966	966	0
936	967	1
937	967	1
938	967	2
939	967	3
940	967	2
941	967	1
942	967	0
943	967	2
944	967	3
945	967	2
946	967	3
947	967	3
948	967	4
949	967	3
950	967	2
951	967	0
952	967	2
953	967	0
954	967	0
955	967	0
956	967	1
957	967	0
958	967	0
959	967	0
960	967	1
961	967	0
962	967	0
963	967	1
964	967	0
965	967	0
966	967	0
967	967	-1
937	968	2
938	968	1
939	968	2
940	968	2
941	968	2
942	968	2
943	968	1
944	968	3
945	968	3
946	968	2
947	968	2
948	968	3
949	968	3
950	968	2
951	968	1
952	968	1
953	968	0
954	968	0
955	968	-1
956	968	0
957	968	-1
958	968	0
959	968	0
960	968	0
961	968	0
962	968	0
963	968	-1
964	968	0
965	968	0
966	968	0
967	968	1
968	968	0
938	969	1
939	969	2
940	969	0
941	969	1
942	969	1
943	969	1
944	969	4
945	969	2
946	969	3
947	969	3
948	969	5
949	969	3
950	969	2
951	969	0
952	969	1
953	969	0
954	969	0
955	969	0
956	969	0
957	969	0
958	969	0
959	969	0
960	969	0
961	969	0
962	969	0
963	969	0
964	969	1
965	969	-1
966	969	0
967	969	0
968	969	0
969	969	0
939	970	2
940	970	2
941	970	3
942	970	3
943	970	3
944	970	3
945	970	3
946	970	2
947	970	1
948	970	3
949	970	2
950	970	1
951	970	1
952	970	1
953	970	1
954	970	0
955	970	0
956	970	1
957	970	0
958	970	-1
959	970	0
960	970	0
961	970	0
962	970	0
963	970	0
964	970	0
965	970	0
966	970	1
967	970	0
968	970	0
969	970	1
970	970	0
940	971	0
941	971	0
942	971	0
943	971	-1
944	971	0
945	971	-1
946	971	-1
947	971	0
948	971	0
949	971	0
950	971	0
951	971	0
952	971	0
953	971	0
954	971	1
955	971	0
956	971	0
957	971	0
958	971	0
959	971	0
960	971	0
961	971	0
962	971	0
963	971	0
964	971	0
965	971	0
966	971	0
967	971	0
968	971	0
969	971	0
970	971	0
971	971	0
941	972	2
942	972	2
943	972	2
944	972	3
945	972	4
946	972	3
947	972	3
948	972	4
949	972	3
950	972	2
951	972	0
952	972	0
953	972	1
954	972	0
955	972	0
956	972	1
957	972	0
958	972	0
959	972	1
960	972	-1
961	972	0
962	972	0
963	972	0
964	972	0
965	972	0
966	972	0
967	972	0
968	972	0
969	972	0
970	972	0
971	972	0
972	972	-1
942	973	3
943	973	2
944	973	3
945	973	5
946	973	4
947	973	3
948	973	2
949	973	2
950	973	2
951	973	1
952	973	2
953	973	1
954	973	0
955	973	-1
956	973	0
957	973	1
958	973	0
959	973	0
960	973	-1
961	973	0
962	973	0
963	973	0
964	973	0
965	973	0
966	973	1
967	973	0
968	973	0
969	973	0
970	973	0
971	973	0
972	973	0
973	973	0
943	974	1
944	974	2
945	974	1
946	974	2
947	974	3
948	974	3
949	974	2
950	974	1
951	974	1
952	974	1
953	974	0
954	974	0
955	974	1
956	974	0
957	974	-1
958	974	0
959	974	0
960	974	1
961	974	0
962	974	0
963	974	0
964	974	1
965	974	0
966	974	0
967	974	0
968	974	0
969	974	0
970	974	0
971	974	0
972	974	0
973	974	0
974	974	0
944	975	5
945	975	3
946	975	2
947	975	3
948	975	5
949	975	3
950	975	2
951	975	0
952	975	1
953	975	-1
954	975	1
955	975	0
956	975	1
957	975	0
958	975	0
959	975	0
960	975	0
961	975	0
962	975	0
963	975	0
964	975	0
965	975	0
966	975	-1
967	975	0
968	975	0
969	975	0
970	975	0
971	975	0
972	975	0
973	975	0
974	975	0
975	975	0
945	976	0
946	976	0
947	976	0
948	976	-1
949	976	0
950	976	-1
951	976	-1
952	976	0
953	976	-1
954	976	0
955	976	0
956	976	0
957	976	-1
958	976	0
959	976	0
960	976	0
961	976	0
962	976	0
963	976	0
964	976	0
965	976	0
966	976	0
967	976	-1
968	976	0
969	976	0
970	976	0
971	976	0
972	976	0
973	976	0
974	976	0
975	976	0
976	976	0
946	977	2
947	977	3
948	977	4
949	977	3
950	977	1
951	977	1
952	977	1
953	977	0
954	977	1
955	977	0
956	977	1
957	977	0
958	977	0
959	977	0
960	977	0
961	977	0
962	977	0
963	977	0
964	977	-1
965	977	-1
966	977	0
967	977	-1
968	977	-1
969	977	0
970	977	0
971	977	0
972	977	0
973	977	0
974	977	0
975	977	0
976	977	0
977	977	1
947	978	0
948	978	0
949	978	0
950	978	-1
951	978	0
952	978	0
953	978	-1
954	978	-1
955	978	0
956	978	0
957	978	-1
958	978	0
959	978	0
960	978	0
961	978	0
962	978	0
963	978	1
964	978	-1
965	978	0
966	978	0
967	978	0
968	978	0
969	978	0
970	978	0
971	978	0
972	978	0
973	978	0
974	978	0
975	978	1
976	978	0
977	978	0
978	978	-1
948	979	-1
949	979	0
950	979	0
951	979	0
952	979	0
953	979	0
954	979	0
955	979	-1
956	979	0
957	979	0
958	979	1
959	979	-1
960	979	0
961	979	-1
962	979	0
963	979	1
964	979	0
965	979	0
966	979	0
967	979	0
968	979	1
969	979	0
970	979	0
971	979	0
972	979	0
973	979	1
974	979	0
975	979	0
976	979	1
977	979	0
978	979	0
979	979	0
949	980	-1
950	980	-1
951	980	0
952	980	0
953	980	0
954	980	0
955	980	0
956	980	0
957	980	0
958	980	-1
959	980	0
960	980	0
961	980	-1
962	980	0
963	980	0
964	980	0
965	980	0
966	980	1
967	980	0
968	980	0
969	980	1
970	980	0
971	980	0
972	980	0
973	980	0
974	980	0
975	980	0
976	980	0
977	980	0
978	980	0
979	980	0
980	980	0
950	981	0
951	981	0
952	981	0
953	981	0
954	981	0
955	981	0
956	981	1
957	981	1
958	981	0
959	981	0
960	981	0
961	981	0
962	981	0
963	981	0
964	981	0
965	981	0
966	981	0
967	981	-1
968	981	0
969	981	0
970	981	0
971	981	0
972	981	1
973	981	0
974	981	0
975	981	-1
976	981	0
977	981	1
978	981	0
979	981	-1
980	981	1
981	981	0
951	982	1
952	982	0
953	982	-1
954	982	0
955	982	-1
956	982	0
957	982	-1
958	982	1
959	982	1
960	982	0
961	982	-1
962	982	0
963	982	0
964	982	0
965	982	0
966	982	0
967	982	0
968	982	0
969	982	0
970	982	0
971	982	0
972	982	0
973	982	0
974	982	0
975	982	0
976	982	1
977	982	0
978	982	0
979	982	0
980	982	-1
981	982	0
982	982	0
952	983	0
953	983	0
954	983	0
955	983	0
956	983	-1
957	983	0
958	983	1
959	983	-1
960	983	0
961	983	-1
962	983	0
963	983	0
964	983	-1
965	983	0
966	983	-1
967	983	0
968	983	0
969	983	1
970	983	0
971	983	0
972	983	0
973	983	0
974	983	0
975	983	0
976	983	0
977	983	0
978	983	0
979	983	0
980	983	0
981	983	-1
982	983	0
983	983	0
953	984	0
954	984	0
955	984	0
956	984	0
957	984	1
958	984	0
959	984	0
960	984	0
961	984	0
962	984	0
963	984	0
964	984	0
965	984	0
966	984	-1
967	984	0
968	984	0
969	984	0
970	984	-1
971	984	0
972	984	0
973	984	0
974	984	0
975	984	0
976	984	0
977	984	0
978	984	0
979	984	1
980	984	0
981	984	0
982	984	0
983	984	-1
984	984	0
954	985	0
955	985	0
956	985	0
957	985	0
958	985	-1
959	985	0
960	985	0
961	985	0
962	985	-1
963	985	0
964	985	0
965	985	0
966	985	0
967	985	0
968	985	-1
969	985	0
970	985	0
971	985	-1
972	985	0
973	985	0
974	985	0
975	985	0
976	985	0
977	985	0
978	985	0
979	985	0
980	985	0
981	985	0
982	985	0
983	985	0
984	985	1
985	985	0
955	986	-1
956	986	0
957	986	0
958	986	0
959	986	0
960	986	0
961	986	1
962	986	0
963	986	0
964	986	0
965	986	1
966	986	0
967	986	0
968	986	0
969	986	0
970	986	0
971	986	0
972	986	0
973	986	0
974	986	0
975	986	0
976	986	0
977	986	0
978	986	0
979	986	0
980	986	0
981	986	0
982	986	0
983	986	0
984	986	0
985	986	0
986	986	0
956	987	0
957	987	0
958	987	0
959	987	0
960	987	0
961	987	0
962	987	0
963	987	0
964	987	0
965	987	-1
966	987	0
967	987	0
968	987	0
969	987	-1
970	987	0
971	987	0
972	987	0
973	987	0
974	987	0
975	987	0
976	987	-1
977	987	0
978	987	-1
979	987	-1
980	987	0
981	987	0
982	987	0
983	987	0
984	987	1
985	987	-1
986	987	0
987	987	0
957	988	0
958	988	0
959	988	0
960	988	0
961	988	0
962	988	0
963	988	-1
964	988	0
965	988	0
966	988	-1
967	988	0
968	988	0
969	988	0
970	988	0
971	988	0
972	988	0
973	988	0
974	988	0
975	988	0
976	988	0
977	988	0
978	988	-1
979	988	0
980	988	0
981	988	0
982	988	1
983	988	-1
984	988	0
985	988	0
986	988	0
987	988	0
988	988	-1
958	989	0
959	989	0
960	989	-1
961	989	0
962	989	0
963	989	0
964	989	0
965	989	0
966	989	0
967	989	-1
968	989	0
969	989	0
970	989	-1
971	989	0
972	989	0
973	989	0
974	989	0
975	989	1
976	989	0
977	989	1
978	989	0
979	989	0
980	989	0
981	989	0
982	989	0
983	989	0
984	989	1
985	989	0
986	989	0
987	989	-1
988	989	0
989	989	0
959	990	0
960	990	0
961	990	0
962	990	0
963	990	1
964	990	0
965	990	0
966	990	0
967	990	0
968	990	0
969	990	0
970	990	0
971	990	-1
972	990	-1
973	990	1
974	990	0
975	990	0
976	990	0
977	990	0
978	990	1
979	990	-1
980	990	0
981	990	0
982	990	0
983	990	0
984	990	-1
985	990	-1
986	990	0
987	990	0
988	990	0
989	990	0
990	990	0
960	991	0
961	991	0
962	991	0
963	991	0
964	991	0
965	991	0
966	991	0
967	991	-1
968	991	0
969	991	0
970	991	0
971	991	0
972	991	0
973	991	1
974	991	0
975	991	0
976	991	0
977	991	0
978	991	0
979	991	0
980	991	1
981	991	0
982	991	0
983	991	0
984	991	0
985	991	1
986	991	1
987	991	0
988	991	1
989	991	-1
990	991	-1
991	991	0
961	992	1
962	992	1
963	992	-1
964	992	0
965	992	0
966	992	0
967	992	1
968	992	0
969	992	0
970	992	0
971	992	0
972	992	0
973	992	0
974	992	0
975	992	0
976	992	0
977	992	-1
978	992	0
979	992	-1
980	992	0
981	992	0
982	992	-1
983	992	0
984	992	1
985	992	0
986	992	0
987	992	0
988	992	0
989	992	0
990	992	0
991	992	0
992	992	0
962	993	0
963	993	0
964	993	0
965	993	0
966	993	0
967	993	0
968	993	-1
969	993	0
970	993	0
971	993	0
972	993	0
973	993	0
974	993	0
975	993	0
976	993	0
977	993	0
978	993	1
979	993	1
980	993	0
981	993	-1
982	993	0
983	993	0
984	993	0
985	993	0
986	993	0
987	993	0
988	993	0
989	993	1
990	993	-1
991	993	0
992	993	0
993	993	0
963	994	0
964	994	0
965	994	-1
966	994	0
967	994	0
968	994	0
969	994	0
970	994	0
971	994	0
972	994	0
973	994	1
974	994	1
975	994	0
976	994	0
977	994	0
978	994	0
979	994	-1
980	994	0
981	994	0
982	994	0
983	994	0
984	994	0
985	994	0
986	994	0
987	994	0
988	994	-1
989	994	0
990	994	0
991	994	0
992	994	0
993	994	0
994	994	0
964	995	0
965	995	0
966	995	0
967	995	0
968	995	0
969	995	0
970	995	0
971	995	0
972	995	0
973	995	0
974	995	0
975	995	0
976	995	0
977	995	1
978	995	0
979	995	0
980	995	0
981	995	0
982	995	-1
983	995	0
984	995	0
985	995	0
986	995	0
987	995	0
988	995	0
989	995	-1
990	995	0
991	995	0
992	995	0
993	995	0
994	995	0
995	995	0
965	996	0
966	996	-1
967	996	0
968	996	1
969	996	0
970	996	0
971	996	0
972	996	0
973	996	0
974	996	0
975	996	0
976	996	1
977	996	0
978	996	0
979	996	-1
980	996	0
981	996	0
982	996	0
983	996	0
984	996	0
985	996	0
986	996	1
987	996	-1
988	996	0
989	996	0
990	996	0
991	996	0
992	996	0
993	996	0
994	996	0
995	996	0
996	996	0
966	997	0
967	997	0
968	997	0
969	997	0
970	997	0
971	997	1
972	997	0
973	997	-1
974	997	1
975	997	-1
976	997	0
977	997	1
978	997	0
979	997	0
980	997	-1
981	997	0
982	997	0
983	997	0
984	997	0
985	997	1
986	997	-1
987	997	0
988	997	1
989	997	0
990	997	0
991	997	0
992	997	0
993	997	0
994	997	-1
995	997	0
996	997	1
997	997	-1
967	998	1
968	998	0
969	998	0
970	998	0
971	998	-1
972	998	0
973	998	0
974	998	0
975	998	-1
976	998	0
977	998	0
978	998	0
979	998	0
980	998	0
981	998	0
982	998	0
983	998	0
984	998	0
985	998	0
986	998	0
987	998	-1
988	998	0
989	998	-1
990	998	0
991	998	0
992	998	0
993	998	0
994	998	0
995	998	0
996	998	0
997	998	0
998	998	1
968	999	-1
969	999	-1
970	999	0
971	999	0
972	999	0
973	999	0
974	999	0
975	999	0
976	999	1
977	999	0
978	999	-1
979	999	0
980	999	0
981	999	0
982	999	-1
983	999	0
984	999	0
985	999	0
986	999	0
987	999	1
988	999	0
989	999	0
990	999	0
991	999	0
992	999	0
993	999	0
994	999	0
995	999	0
996	999	1
997	999	0
998	999	0
999	999	0
969	1000	0
970	1000	0
971	1000	0
972	1000	0
973	1000	0
974	1000	0
975	1000	0
976	1000	0
977	1000	0
978	1000	0
979	1000	-1
980	1000	-1
981	1000	0
982	1000	0
983	1000	0
984	1000	0
985	1000	0
986	1000	0
987	1000	0
988	1000	-1
989	1000	0
990	1000	0
991	1000	0
992	1000	0
993	1000	0
994	1000	0
995	1000	0
996	1000	0
997	1000	0
998	1000	-1
999	1000	-1
1000	1000	0
970	1001	0
971	1001	0
972	1001	0
973	1001	0
974	1001	0
975	1001	0
976	1001	0
977	1001	0
978	1001	0
979	1001	0
980	1001	0
981	1001	0
982	1001	0
983	1001	0
984	1001	-1
985	1001	0
986	1001	0
987	1001	0
988	1001	0
989	1001	0
990	1001	0
991	1001	0
992	1001	0
993	1001	0
994	1001	0
995	1001	-1
996	1001	0
997	1001	0
998	1001	0
999	1001	1
1000	1001	0
1001	1001	0
971	1002	0
972	1002	0
973	1002	0
974	1002	0
975	1002	0
976	1002	0
977	1002	0
978	1002	0
979	1002	0
980	1002	0
981	1002	1
982	1002	0
983	1002	0
984	1002	0
985	1002	0
986	1002	-1
987	1002	1
988	1002	-1
989	1002	0
990	1002	0
991	1002	0
992	1002	0
993	1002	1
994	1002	0
995	1002	0
996	1002	0
997	1002	0
998	1002	0
999	1002	0
1000	1002	0
1001	1002	0
1002	1002	0
972	1003	0
973	1003	0
974	1003	0
975	1003	0
976	1003	1
977	1003	0
978	1003	0
979	1003	0
980	1003	0
981	1003	1
982	1003	0
983	1003	0
984	1003	0
985	1003	0
986	1003	0
987	1003	-1
988	1003	0
989	1003	0
990	1003	0
991	1003	-1
992	1003	1
993	1003	0
994	1003	0
995	1003	0
996	1003	0
997	1003	0
998	1003	0
999	1003	0
1000	1003	0
1001	1003	0
1002	1003	0
1003	1003	0
973	1004	0
974	1004	0
975	1004	0
976	1004	0
977	1004	0
978	1004	-1
979	1004	0
980	1004	-1
981	1004	0
982	1004	0
983	1004	0
984	1004	0
985	1004	0
986	1004	0
987	1004	0
988	1004	0
989	1004	0
990	1004	0
991	1004	0
992	1004	0
993	1004	0
994	1004	0
995	1004	1
996	1004	0
997	1004	0
998	1004	-1
999	1004	-1
1000	1004	0
1001	1004	0
1002	1004	0
1003	1004	0
1004	1004	-1
974	1005	0
975	1005	1
976	1005	0
977	1005	0
978	1005	0
979	1005	0
980	1005	0
981	1005	0
982	1005	0
983	1005	0
984	1005	-1
985	1005	0
986	1005	0
987	1005	0
988	1005	-1
989	1005	0
990	1005	0
991	1005	0
992	1005	0
993	1005	0
994	1005	0
995	1005	1
996	1005	0
997	1005	-1
998	1005	0
999	1005	1
1000	1005	0
1001	1005	-1
1002	1005	0
1003	1005	0
1004	1005	0
1005	1005	0
975	1006	1
976	1006	0
977	1006	0
978	1006	0
979	1006	0
980	1006	1
981	1006	0
982	1006	0
983	1006	0
984	1006	0
985	1006	0
986	1006	0
987	1006	0
988	1006	0
989	1006	0
990	1006	0
991	1006	0
992	1006	0
993	1006	0
994	1006	0
995	1006	0
996	1006	0
997	1006	-1
998	1006	0
999	1006	0
1000	1006	0
1001	1006	0
1002	1006	1
1003	1006	0
1004	1006	0
1005	1006	0
1006	1006	0
976	1007	0
977	1007	-1
978	1007	0
979	1007	0
980	1007	0
981	1007	-1
982	1007	0
983	1007	-1
984	1007	0
985	1007	0
986	1007	0
987	1007	0
988	1007	0
989	1007	0
990	1007	0
991	1007	0
992	1007	0
993	1007	1
994	1007	0
995	1007	0
996	1007	0
997	1007	0
998	1007	0
999	1007	0
1000	1007	0
1001	1007	0
1002	1007	0
1003	1007	1
1004	1007	0
1005	1007	0
1006	1007	0
1007	1007	0
977	1008	0
978	1008	-1
979	1008	0
980	1008	0
981	1008	0
982	1008	0
983	1008	0
984	1008	0
985	1008	0
986	1008	0
987	1008	-1
988	1008	0
989	1008	0
990	1008	-1
991	1008	1
992	1008	-1
993	1008	0
994	1008	0
995	1008	0
996	1008	0
997	1008	0
998	1008	-1
999	1008	0
1000	1008	-1
1001	1008	0
1002	1008	0
1003	1008	1
1004	1008	1
1005	1008	0
1006	1008	0
1007	1008	0
1008	1008	-1
978	1009	0
979	1009	0
980	1009	0
981	1009	0
982	1009	0
983	1009	0
984	1009	0
985	1009	1
986	1009	0
987	1009	0
988	1009	0
989	1009	1
990	1009	0
991	1009	0
992	1009	0
993	1009	1
994	1009	0
995	1009	-1
996	1009	0
997	1009	0
998	1009	1
999	1009	-1
1000	1009	-1
1001	1009	0
1002	1009	0
1003	1009	0
1004	1009	0
1005	1009	0
1006	1009	0
1007	1009	0
1008	1009	-1
1009	1009	0
979	1010	0
980	1010	0
981	1010	0
982	1010	0
983	1010	0
984	1010	0
985	1010	0
986	1010	0
987	1010	0
988	1010	0
989	1010	0
990	1010	0
991	1010	-1
992	1010	0
993	1010	0
994	1010	0
995	1010	0
996	1010	0
997	1010	0
998	1010	0
999	1010	0
1000	1010	0
1001	1010	0
1002	1010	0
1003	1010	0
1004	1010	0
1005	1010	0
1006	1010	0
1007	1010	0
1008	1010	0
1009	1010	0
1010	1010	0
980	1011	1
981	1011	0
982	1011	0
983	1011	0
984	1011	-1
985	1011	0
986	1011	0
987	1011	-1
988	1011	0
989	1011	0
990	1011	0
991	1011	0
992	1011	-1
993	1011	0
994	1011	-1
995	1011	1
996	1011	0
997	1011	0
998	1011	0
999	1011	0
1000	1011	1
1001	1011	0
1002	1011	1
1003	1011	0
1004	1011	0
1005	1011	0
1006	1011	0
1007	1011	0
1008	1011	-1
1009	1011	0
1010	1011	1
1011	1011	0
981	1012	0
982	1012	1
983	1012	0
984	1012	0
985	1012	0
986	1012	0
987	1012	-1
988	1012	0
989	1012	-1
990	1012	0
991	1012	0
992	1012	0
993	1012	0
994	1012	0
995	1012	0
996	1012	0
997	1012	0
998	1012	0
999	1012	0
1000	1012	-1
1001	1012	0
1002	1012	1
1003	1012	1
1004	1012	0
1005	1012	0
1006	1012	0
1007	1012	0
1008	1012	0
1009	1012	0
1010	1012	0
1011	1012	0
1012	1012	0
982	1013	0
983	1013	-1
984	1013	0
985	1013	-1
986	1013	0
987	1013	0
988	1013	0
989	1013	0
990	1013	0
991	1013	0
992	1013	0
993	1013	0
994	1013	0
995	1013	0
996	1013	0
997	1013	0
998	1013	1
999	1013	0
1000	1013	0
1001	1013	1
1002	1013	0
1003	1013	-1
1004	1013	0
1005	1013	0
1006	1013	-1
1007	1013	0
1008	1013	-1
1009	1013	0
1010	1013	0
1011	1013	-1
1012	1013	-1
1013	1013	0
983	1014	0
984	1014	0
985	1014	0
986	1014	0
987	1014	0
988	1014	0
989	1014	0
990	1014	0
991	1014	0
992	1014	0
993	1014	0
994	1014	0
995	1014	0
996	1014	0
997	1014	0
998	1014	0
999	1014	0
1000	1014	0
1001	1014	0
1002	1014	0
1003	1014	-1
1004	1014	0
1005	1014	0
1006	1014	0
1007	1014	0
1008	1014	0
1009	1014	0
1010	1014	0
1011	1014	-1
1012	1014	-1
1013	1014	-1
1014	1014	-1
984	1015	0
985	1015	0
986	1015	0
987	1015	0
988	1015	0
989	1015	0
990	1015	0
991	1015	0
992	1015	0
993	1015	0
994	1015	0
995	1015	0
996	1015	-1
997	1015	1
998	1015	1
999	1015	0
1000	1015	0
1001	1015	-1
1002	1015	-1
1003	1015	0
1004	1015	0
1005	1015	1
1006	1015	0
1007	1015	0
1008	1015	0
1009	1015	0
1010	1015	-1
1011	1015	1
1012	1015	0
1013	1015	0
1014	1015	0
1015	1015	0
985	1016	0
986	1016	0
987	1016	0
988	1016	0
989	1016	1
990	1016	0
991	1016	0
992	1016	-1
993	1016	1
994	1016	0
995	1016	-1
996	1016	0
997	1016	0
998	1016	0
999	1016	1
1000	1016	0
1001	1016	0
1002	1016	0
1003	1016	0
1004	1016	0
1005	1016	0
1006	1016	-1
1007	1016	1
1008	1016	1
1009	1016	0
1010	1016	0
1011	1016	1
1012	1016	0
1013	1016	0
1014	1016	0
1015	1016	0
1016	1016	0
986	1017	-1
987	1017	0
988	1017	0
989	1017	0
990	1017	0
991	1017	0
992	1017	0
993	1017	0
994	1017	1
995	1017	1
996	1017	0
997	1017	0
998	1017	-1
999	1017	0
1000	1017	0
1001	1017	-1
1002	1017	-1
1003	1017	-1
1004	1017	0
1005	1017	0
1006	1017	1
1007	1017	0
1008	1017	0
1009	1017	0
1010	1017	1
1011	1017	-1
1012	1017	0
1013	1017	0
1014	1017	1
1015	1017	0
1016	1017	0
1017	1017	0
987	1018	0
988	1018	1
989	1018	0
990	1018	1
991	1018	0
992	1018	0
993	1018	0
994	1018	0
995	1018	1
996	1018	0
997	1018	0
998	1018	0
999	1018	0
1000	1018	0
1001	1018	0
1002	1018	0
1003	1018	0
1004	1018	0
1005	1018	0
1006	1018	1
1007	1018	0
1008	1018	0
1009	1018	0
1010	1018	-1
1011	1018	0
1012	1018	0
1013	1018	0
1014	1018	0
1015	1018	-1
1016	1018	0
1017	1018	0
1018	1018	0
988	1019	0
989	1019	0
990	1019	1
991	1019	0
992	1019	0
993	1019	0
994	1019	-1
995	1019	0
996	1019	-1
997	1019	1
998	1019	1
999	1019	0
1000	1019	0
1001	1019	0
1002	1019	0
1003	1019	0
1004	1019	0
1005	1019	0
1006	1019	0
1007	1019	0
1008	1019	0
1009	1019	-1
1010	1019	1
1011	1019	0
1012	1019	0
1013	1019	0
1014	1019	0
1015	1019	0
1016	1019	0
1017	1019	0
1018	1019	1
1019	1019	0
989	1020	0
990	1020	0
991	1020	-1
992	1020	1
993	1020	0
994	1020	0
995	1020	1
996	1020	1
997	1020	0
998	1020	-1
999	1020	0
1000	1020	0
1001	1020	0
1002	1020	0
1003	1020	0
1004	1020	0
1005	1020	0
1006	1020	0
1007	1020	0
1008	1020	1
1009	1020	0
1010	1020	0
1011	1020	0
1012	1020	0
1013	1020	0
1014	1020	0
1015	1020	0
1016	1020	0
1017	1020	0
1018	1020	0
1019	1020	-1
1020	1020	0
990	1021	0
991	1021	0
992	1021	0
993	1021	-1
994	1021	1
995	1021	0
996	1021	0
997	1021	0
998	1021	0
999	1021	0
1000	1021	0
1001	1021	0
1002	1021	0
1003	1021	1
1004	1021	0
1005	1021	0
1006	1021	0
1007	1021	1
1008	1021	0
1009	1021	0
1010	1021	-1
1011	1021	-1
1012	1021	0
1013	1021	1
1014	1021	-1
1015	1021	1
1016	1021	0
1017	1021	0
1018	1021	0
1019	1021	0
1020	1021	0
1021	1021	0
991	1022	0
992	1022	0
993	1022	0
994	1022	0
995	1022	0
996	1022	0
997	1022	1
998	1022	0
999	1022	0
1000	1022	0
1001	1022	1
1002	1022	0
1003	1022	0
1004	1022	0
1005	1022	1
1006	1022	0
1007	1022	0
1008	1022	0
1009	1022	0
1010	1022	0
1011	1022	0
1012	1022	-1
1013	1022	0
1014	1022	0
1015	1022	0
1016	1022	-1
1017	1022	0
1018	1022	0
1019	1022	-1
1020	1022	1
1021	1022	0
1022	1022	0
992	1023	0
993	1023	0
994	1023	0
995	1023	0
996	1023	0
997	1023	0
998	1023	0
999	1023	0
1000	1023	0
1001	1023	0
1002	1023	0
1003	1023	1
1004	1023	0
1005	1023	1
1006	1023	0
1007	1023	0
1008	1023	-1
1009	1023	1
1010	1023	0
1011	1023	0
1012	1023	0
1013	1023	0
1014	1023	-1
1015	1023	0
1016	1023	1
1017	1023	1
1018	1023	0
1019	1023	-1
1020	1023	0
1021	1023	0
1022	1023	0
1023	1023	0
993	1024	0
994	1024	1
995	1024	-1
996	1024	0
997	1024	-1
998	1024	0
999	1024	1
1000	1024	-1
1001	1024	1
1002	1024	1
1003	1024	0
1004	1024	0
1005	1024	0
1006	1024	0
1007	1024	-1
1008	1024	1
1009	1024	1
1010	1024	0
1011	1024	1
1012	1024	0
1013	1024	0
1014	1024	-1
1015	1024	0
1016	1024	1
1017	1024	0
1018	1024	-1
1019	1024	-1
1020	1024	0
1021	1024	0
1022	1024	0
1023	1024	0
1024	1024	0
