1	1	1
33	1	0
65	1	0
97	1	1
129	1	0
161	1	0
193	1	-2
225	1	0
257	1	-1
289	1	1
321	1	1
353	1	1
385	1	1
417	1	1
449	1	-3
481	1	-2
513	1	-2
545	1	-1
577	1	1
609	1	0
641	1	1
673	1	2
705	1	0
737	1	-6
769	1	1
801	1	1
833	1	1
865	1	1
897	1	-1
929	1	0
961	1	1
993	1	0
2	2	0
34	2	0
66	2	1
98	2	0
130	2	0
162	2	0
194	2	0
226	2	0
258	2	0
290	2	-1
322	2	0
354	2	0
386	2	0
418	2	0
450	2	0
482	2	0
514	2	0
546	2	0
578	2	0
610	2	-1
642	2	0
674	2	0
706	2	0
738	2	0
770	2	0
802	2	0
834	2	0
866	2	-1
898	2	0
930	2	0
962	2	0
994	2	0
3	3	1
35	3	0
67	3	0
99	3	1
131	3	0
163	3	1
195	3	3
227	3	0
259	3	1
291	3	1
323	3	0
355	3	4
387	3	0
419	3	2
451	3	1
483	3	2
515	3	2
547	3	4
579	3	2
611	3	2
643	3	0
675	3	-3
707	3	2
739	3	0
771	3	0
803	3	-2
835	3	0
867	3	3
899	3	0
931	3	-2
963	3	0
995	3	0
4	4	0
36	4	0
68	4	0
100	4	0
132	4	0
164	4	0
196	4	0
228	4	0
260	4	0
292	4	0
324	4	-1
356	4	0
388	4	0
420	4	0
452	4	-1
484	4	0
516	4	-1
548	4	0
580	4	-1
612	4	0
644	4	0
676	4	0
708	4	0
740	4	0
772	4	0
804	4	0
836	4	0
868	4	0
900	4	-1
932	4	-1
964	4	0
996	4	0
5	5	0
37	5	1
69	5	2
101	5	1
133	5	1
165	5	0
197	5	0
229	5	1
261	5	2
293	5	1
325	5	0
357	5	4
389	5	-2
421	5	-4
453	5	-4
485	5	-2
517	5	1
549	5	1
581	5	0
613	5	1
645	5	-1
677	5	1
709	5	0
741	5	2
773	5	0
805	5	2
837	5	2
869	5	3
901	5	-1
933	5	3
965	5	1
997	5	0
6	6	0
38	6	1
70	6	0
102	6	0
134	6	3
166	6	1
198	6	0
230	6	-1
262	6	2
294	6	2
326	6	1
358	6	3
390	6	1
422	6	0
454	6	2
486	6	2
518	6	3
550	6	-4
582	6	-4
614	6	0
646	6	1
678	6	0
710	6	-1
742	6	0
774	6	1
806	6	2
838	6	-1
870	6	-4
902	6	-2
934	6	-1
966	6	0
998	6	0
7	7	0
39	7	0
71	7	1
103	7	0
135	7	-1
167	7	-4
199	7	2
231	7	0
263	7	-1
295	7	0
327	7	-2
359	7	1
391	7	4
423	7	4
455	7	2
487	7	2
519	7	-6
551	7	3
583	7	3
615	7	2
647	7	-3
679	7	3
711	7	4
743	7	4
775	7	-3
807	7	-2
839	7	-7
871	7	0
903	7	0
935	7	0
967	7	-1
999	7	0
8	8	0
40	8	1
72	8	1
104	8	0
136	8	0
168	8	2
200	8	-1
232	8	1
264	8	3
296	8	3
328	8	-3
360	8	2
392	8	-6
424	8	2
456	8	0
488	8	4
520	8	3
552	8	-4
584	8	-3
616	8	-1
648	8	-1
680	8	0
712	8	0
744	8	-1
776	8	-3
808	8	-2
840	8	3
872	8	2
904	8	3
936	8	5
968	8	2
1000	8	-1
9	9	0
41	9	1
73	9	0
105	9	0
137	9	1
169	9	3
201	9	0
233	9	0
265	9	1
297	9	2
329	9	1
361	9	-3
393	9	-2
425	9	1
457	9	-1
489	9	5
521	9	1
553	9	3
585	9	2
617	9	-2
649	9	3
681	9	2
713	9	2
745	9	1
777	9	-1
809	9	-2
841	9	0
873	9	-3
905	9	-2
937	9	2
969	9	-1
1001	9	0
10	10	0
42	10	0
74	10	-1
106	10	0
138	10	-1
170	10	0
202	10	0
234	10	0
266	10	0
298	10	0
330	10	0
362	10	-1
394	10	-1
426	10	0
458	10	0
490	10	0
522	10	0
554	10	0
586	10	0
618	10	0
650	10	0
682	10	0
714	10	-1
746	10	0
778	10	0
810	10	-1
842	10	0
874	10	0
906	10	0
938	10	0
970	10	-1
1002	10	0
11	11	-1
43	11	0
75	11	1
107	11	0
139	11	-2
171	11	-2
203	11	-2
235	11	-2
267	11	0
299	11	-3
331	11	-3
363	11	2
395	11	-3
427	11	3
459	11	0
491	11	2
523	11	5
555	11	-1
587	11	-2
619	11	-2
651	11	-2
683	11	-2
715	11	2
747	11	-2
779	11	2
811	11	-1
843	11	1
875	11	2
907	11	4
939	11	0
971	11	0
1003	11	0
12	12	0
44	12	0
76	12	2
108	12	1
140	12	1
172	12	0
204	12	-5
236	12	0
268	12	2
300	12	-1
332	12	1
364	12	0
396	12	-4
428	12	2
460	12	-2
492	12	0
524	12	2
556	12	-3
588	12	-1
620	12	3
652	12	3
684	12	2
716	12	0
748	12	4
780	12	-3
812	12	0
844	12	2
876	12	1
908	12	1
940	12	2
972	12	2
1004	12	0
13	13	1
45	13	0
77	13	0
109	13	1
141	13	0
173	13	-2
205	13	-4
237	13	-4
269	13	-3
301	13	1
333	13	1
365	13	2
397	13	2
429	13	2
461	13	1
493	13	0
525	13	1
557	13	2
589	13	1
621	13	-2
653	13	-1
685	13	-2
717	13	-3
749	13	-3
781	13	-3
813	13	3
845	13	0
877	13	1
909	13	0
941	13	2
973	13	3
1005	13	0
14	14	0
46	14	-1
78	14	0
110	14	0
142	14	-1
174	14	-1
206	14	0
238	14	0
270	14	0
302	14	0
334	14	0
366	14	0
398	14	-1
430	14	0
462	14	0
494	14	0
526	14	-1
558	14	0
590	14	-1
622	14	0
654	14	0
686	14	0
718	14	-1
750	14	0
782	14	0
814	14	0
846	14	-1
878	14	-1
910	14	0
942	14	0
974	14	0
1006	14	0
15	15	2
47	15	0
79	15	0
111	15	2
143	15	3
175	15	3
207	15	1
239	15	0
271	15	2
303	15	4
335	15	0
367	15	2
399	15	-1
431	15	-6
463	15	-7
495	15	-4
527	15	-1
559	15	3
591	15	-2
623	15	3
655	15	-2
687	15	2
719	15	2
751	15	0
783	15	4
815	15	2
847	15	2
879	15	3
911	15	1
943	15	1
975	15	1
1007	15	0
16	16	0
48	16	0
80	16	0
112	16	0
144	16	3
176	16	3
208	16	3
240	16	1
272	16	-1
304	16	1
336	16	-1
368	16	-1
400	16	-3
432	16	0
464	16	0
496	16	0
528	16	-1
560	16	1
592	16	2
624	16	3
656	16	-2
688	16	2
720	16	2
752	16	2
784	16	0
816	16	2
848	16	1
880	16	-1
912	16	-3
944	16	-1
976	16	0
1008	16	0
17	17	0
49	17	0
81	17	-1
113	17	-1
145	17	0
177	17	0
209	17	2
241	17	-1
273	17	1
305	17	0
337	17	0
369	17	-1
401	17	-1
433	17	-1
465	17	-1
497	17	2
529	17	-3
561	17	3
593	17	2
625	17	-1
657	17	0
689	17	2
721	17	-3
753	17	2
785	17	-1
817	17	2
849	17	1
881	17	2
913	17	0
945	17	0
977	17	0
1009	17	0
18	18	0
50	18	0
82	18	0
114	18	-1
146	18	5
178	18	4
210	18	4
242	18	1
274	18	2
306	18	-2
338	18	3
370	18	-3
402	18	-3
434	18	1
466	18	2
498	18	-2
530	18	-1
562	18	0
594	18	2
626	18	2
658	18	-1
690	18	2
722	18	2
754	18	3
786	18	1
818	18	-4
850	18	-1
882	18	-1
914	18	-1
946	18	1
978	18	0
1010	18	-1
19	19	1
51	19	-1
83	19	0
115	19	1
147	19	1
179	19	1
211	19	0
243	19	1
275	19	0
307	19	-1
339	19	-3
371	19	3
403	19	1
435	19	0
467	19	-4
499	19	-5
531	19	2
563	19	-4
595	19	-4
627	19	1
659	19	2
691	19	4
723	19	4
755	19	1
787	19	1
819	19	2
851	19	1
883	19	3
915	19	1
947	19	-1
979	19	1
1011	19	0
20	20	1
52	20	1
84	20	0
116	20	0
148	20	1
180	20	2
212	20	0
244	20	-1
276	20	-1
308	20	2
340	20	1
372	20	-1
404	20	7
436	20	-1
468	20	-2
500	20	-2
532	20	-1
564	20	0
596	20	0
628	20	0
660	20	1
692	20	1
724	20	0
756	20	1
788	20	2
820	20	-1
852	20	0
884	20	2
916	20	-1
948	20	0
980	20	0
1012	20	0
21	21	1
53	21	2
85	21	1
117	21	2
149	21	3
181	21	0
213	21	1
245	21	-2
277	21	-2
309	21	0
341	21	0
373	21	2
405	21	1
437	21	-1
469	21	0
501	21	2
533	21	4
565	21	1
597	21	3
629	21	5
661	21	2
693	21	-1
725	21	0
757	21	-3
789	21	-5
821	21	-4
853	21	-4
885	21	-1
917	21	1
949	21	1
981	21	0
1013	21	1
22	22	0
54	22	0
86	22	0
118	22	0
150	22	1
182	22	0
214	22	-1
246	22	2
278	22	-1
310	22	3
342	22	-4
374	22	0
406	22	2
438	22	1
470	22	-2
502	22	0
534	22	-2
566	22	-2
598	22	3
630	22	2
662	22	0
694	22	1
726	22	1
758	22	2
790	22	0
822	22	0
854	22	-2
886	22	-3
918	22	3
950	22	0
982	22	1
1014	22	0
23	23	-1
55	23	0
87	23	0
119	23	0
151	23	1
183	23	0
215	23	1
247	23	2
279	23	1
311	23	-2
343	23	0
375	23	2
407	23	3
439	23	-4
471	23	-2
503	23	-1
535	23	-3
567	23	3
599	23	3
631	23	3
663	23	0
695	23	-6
727	23	0
759	23	2
791	23	3
823	23	-2
855	23	-1
887	23	-3
919	23	-4
951	23	-3
983	23	0
1015	23	-1
24	24	0
56	24	0
88	24	0
120	24	0
152	24	0
184	24	0
216	24	0
248	24	0
280	24	0
312	24	0
344	24	0
376	24	0
408	24	0
440	24	0
472	24	-1
504	24	0
536	24	1
568	24	0
600	24	0
632	24	0
664	24	0
696	24	0
728	24	-1
760	24	-1
792	24	0
824	24	-1
856	24	0
888	24	-1
920	24	0
952	24	0
984	24	0
1016	24	0
25	25	1
57	25	1
89	25	0
121	25	0
153	25	0
185	25	0
217	25	1
249	25	3
281	25	0
313	25	0
345	25	-3
377	25	1
409	25	1
441	25	-2
473	25	-3
505	25	2
537	25	-1
569	25	2
601	25	0
633	25	1
665	25	2
697	25	2
729	25	1
761	25	1
793	25	0
825	25	3
857	25	3
889	25	-2
921	25	-3
953	25	0
985	25	0
1017	25	0
26	26	0
58	26	0
90	26	-1
122	26	1
154	26	-3
186	26	-1
218	26	1
250	26	-3
282	26	2
314	26	-3
346	26	2
378	26	2
410	26	-7
442	26	2
474	26	-2
506	26	0
538	26	4
570	26	-1
602	26	3
634	26	0
666	26	2
698	26	2
730	26	2
762	26	1
794	26	1
826	26	2
858	26	0
890	26	-2
922	26	2
954	26	0
986	26	1
1018	26	-1
27	27	0
59	27	0
91	27	1
123	27	0
155	27	0
187	27	0
219	27	0
251	27	0
283	27	0
315	27	0
347	27	0
379	27	0
411	27	-1
443	27	0
475	27	0
507	27	-1
539	27	0
571	27	-1
603	27	0
635	27	0
667	27	0
699	27	0
731	27	0
763	27	0
795	27	0
827	27	0
859	27	0
891	27	0
923	27	0
955	27	0
987	27	-1
1019	27	0
28	28	-1
60	28	0
92	28	1
124	28	1
156	28	4
188	28	3
220	28	2
252	28	1
284	28	-1
316	28	-3
348	28	1
380	28	-5
412	28	3
444	28	-5
476	28	2
508	28	4
540	28	0
572	28	-1
604	28	-2
636	28	2
668	28	4
700	28	-4
732	28	0
764	28	-2
796	28	0
828	28	-1
860	28	0
892	28	1
924	28	-1
956	28	1
988	28	1
1020	28	0
29	29	1
61	29	0
93	29	0
125	29	1
157	29	2
189	29	-4
221	29	-1
253	29	3
285	29	-2
317	29	-2
349	29	1
381	29	-6
413	29	0
445	29	1
477	29	3
509	29	1
541	29	3
573	29	4
605	29	2
637	29	2
669	29	-3
701	29	-2
733	29	-1
765	29	-1
797	29	0
829	29	0
861	29	-2
893	29	-4
925	29	0
957	29	-4
989	29	0
1021	29	0
30	30	0
62	30	0
94	30	0
126	30	0
158	30	0
190	30	0
222	30	0
254	30	-1
286	30	0
318	30	0
350	30	0
382	30	0
414	30	-1
446	30	0
478	30	0
510	30	0
542	30	0
574	30	0
606	30	0
638	30	-1
670	30	0
702	30	0
734	30	-1
766	30	0
798	30	0
830	30	0
862	30	-1
894	30	0
926	30	0
958	30	0
990	30	0
1022	30	0
31	31	1
63	31	0
95	31	1
127	31	2
159	31	4
191	31	1
223	31	1
255	31	3
287	31	-2
319	31	-2
351	31	-1
383	31	-2
415	31	-2
447	31	-3
479	31	-2
511	31	3
543	31	3
575	31	4
607	31	4
639	31	3
671	31	2
703	31	2
735	31	-5
767	31	2
799	31	1
831	31	2
863	31	-3
895	31	3
927	31	-6
959	31	0
991	31	0
1023	31	0
32	32	1
64	32	0
96	32	0
128	32	2
160	32	2
192	32	1
224	32	2
256	32	-1
288	32	-3
320	32	2
352	32	-1
384	32	1
416	32	0
448	32	-6
480	32	2
512	32	2
544	32	1
576	32	2
608	32	-2
640	32	-4
672	32	2
704	32	4
736	32	-4
768	32	-4
800	32	3
832	32	-2
864	32	3
896	32	0
928	32	0
960	32	0
992	32	0
1024	32	0
1	33	0
33	33	0
65	33	-1
97	33	1
129	33	0
161	33	1
193	33	0
225	33	-1
257	33	0
289	33	1
321	33	3
353	33	3
385	33	3
417	33	1
449	33	1
481	33	-5
513	33	-3
545	33	-3
577	33	-3
609	33	-3
641	33	-3
673	33	-3
705	33	1
737	33	0
769	33	4
801	33	3
833	33	2
865	33	0
897	33	0
929	33	0
961	33	1
993	33	0
2	34	1
34	34	0
66	34	0
98	34	1
130	34	1
162	34	-2
194	34	-2
226	34	-4
258	34	-1
290	34	1
322	34	2
354	34	1
386	34	0
418	34	2
450	34	-4
482	34	3
514	34	3
546	34	-3
578	34	-1
610	34	3
642	34	2
674	34	2
706	34	0
738	34	0
770	34	-2
802	34	2
834	34	-1
866	34	-3
898	34	0
930	34	1
962	34	0
994	34	0
3	35	0
35	35	0
67	35	0
99	35	1
131	35	0
163	35	-4
195	35	-3
227	35	0
259	35	0
291	35	1
323	35	2
355	35	1
387	35	2
419	35	1
451	35	0
483	35	-1
515	35	-3
547	35	-1
579	35	-1
611	35	-2
643	35	-2
675	35	2
707	35	-2
739	35	1
771	35	2
803	35	1
835	35	3
867	35	-1
899	35	2
931	35	1
963	35	0
995	35	0
4	36	0
36	36	0
68	36	0
100	36	-1
132	36	0
164	36	0
196	36	0
228	36	1
260	36	0
292	36	0
324	36	0
356	36	0
388	36	-1
420	36	0
452	36	0
484	36	-1
516	36	0
548	36	-1
580	36	0
612	36	0
644	36	1
676	36	0
708	36	0
740	36	0
772	36	0
804	36	0
836	36	0
868	36	0
900	36	0
932	36	1
964	36	0
996	36	0
5	37	0
37	37	1
69	37	1
101	37	1
133	37	0
165	37	-1
197	37	1
229	37	-1
261	37	0
293	37	2
325	37	2
357	37	5
389	37	4
421	37	0
453	37	-4
485	37	-3
517	37	-1
549	37	1
581	37	0
613	37	1
645	37	2
677	37	0
709	37	0
741	37	0
773	37	1
805	37	-2
837	37	0
869	37	-2
901	37	3
933	37	1
965	37	0
997	37	0
6	38	1
38	38	0
70	38	1
102	38	0
134	38	-2
166	38	-1
198	38	2
230	38	1
262	38	2
294	38	1
326	38	1
358	38	0
390	38	1
422	38	2
454	38	0
486	38	0
518	38	0
550	38	2
582	38	2
614	38	-1
646	38	-4
678	38	-5
710	38	-2
742	38	0
774	38	-1
806	38	1
838	38	2
870	38	5
902	38	1
934	38	2
966	38	0
998	38	0
7	39	0
39	39	0
71	39	1
103	39	0
135	39	0
167	39	-5
199	39	1
231	39	-2
263	39	-3
295	39	1
327	39	0
359	39	-4
391	39	4
423	39	4
455	39	2
487	39	3
519	39	-3
551	39	0
583	39	2
615	39	1
647	39	-2
679	39	4
711	39	5
743	39	5
775	39	-4
807	39	-3
839	39	-7
871	39	0
903	39	0
935	39	1
967	39	0
999	39	0
8	40	0
40	40	2
72	40	2
104	40	0
136	40	1
168	40	2
200	40	-2
232	40	-1
264	40	0
296	40	1
328	40	3
360	40	2
392	40	-2
424	40	2
456	40	3
488	40	4
520	40	4
552	40	-2
584	40	-3
616	40	-1
648	40	0
680	40	0
712	40	-1
744	40	-2
776	40	-2
808	40	-2
840	40	3
872	40	3
904	40	2
936	40	6
968	40	1
1000	40	0
9	41	0
41	41	2
73	41	0
105	41	-1
137	41	0
169	41	1
201	41	3
233	41	0
265	41	0
297	41	-3
329	41	-1
361	41	3
393	41	2
425	41	2
457	41	4
489	41	-4
521	41	4
553	41	-3
585	41	-4
617	41	3
649	41	-4
681	41	-3
713	41	0
745	41	1
777	41	0
809	41	1
841	41	0
873	41	1
905	41	3
937	41	-1
969	41	2
1001	41	1
10	42	0
42	42	-1
74	42	-1
106	42	0
138	42	-1
170	42	0
202	42	0
234	42	0
266	42	0
298	42	0
330	42	0
362	42	0
394	42	0
426	42	0
458	42	0
490	42	0
522	42	0
554	42	0
586	42	-1
618	42	0
650	42	0
682	42	0
714	42	0
746	42	-1
778	42	0
810	42	0
842	42	0
874	42	-1
906	42	0
938	42	0
970	42	0
1002	42	0
11	43	0
43	43	0
75	43	1
107	43	1
139	43	2
171	43	4
203	43	0
235	43	3
267	43	3
299	43	2
331	43	2
363	43	-3
395	43	0
427	43	-2
459	43	4
491	43	1
523	43	-2
555	43	1
587	43	1
619	43	2
651	43	-1
683	43	1
715	43	1
747	43	3
779	43	1
811	43	0
843	43	-3
875	43	-4
907	43	-5
939	43	1
971	43	0
1003	43	0
12	44	0
44	44	0
76	44	2
108	44	1
140	44	1
172	44	0
204	44	-5
236	44	-2
268	44	3
300	44	-3
332	44	2
364	44	4
396	44	-3
428	44	3
460	44	-2
492	44	0
524	44	4
556	44	-3
588	44	-2
620	44	1
652	44	2
684	44	1
716	44	-2
748	44	3
780	44	1
812	44	-1
844	44	0
876	44	1
908	44	-1
940	44	3
972	44	4
1004	44	0
13	45	1
45	45	0
77	45	0
109	45	1
141	45	0
173	45	3
205	45	1
237	45	2
269	45	1
301	45	1
333	45	1
365	45	1
397	45	-1
429	45	-2
461	45	0
493	45	3
525	45	3
557	45	2
589	45	2
621	45	-3
653	45	2
685	45	2
717	45	3
749	45	2
781	45	3
813	45	-1
845	45	-1
877	45	-1
909	45	-2
941	45	-3
973	45	-2
1005	45	-1
14	46	0
46	46	0
78	46	0
110	46	0
142	46	0
174	46	-1
206	46	0
238	46	0
270	46	0
302	46	0
334	46	0
366	46	0
398	46	-1
430	46	-1
462	46	0
494	46	0
526	46	-1
558	46	-1
590	46	-1
622	46	0
654	46	-1
686	46	0
718	46	0
750	46	0
782	46	0
814	46	0
846	46	0
878	46	0
910	46	0
942	46	-1
974	46	0
1006	46	-1
15	47	2
47	47	0
79	47	0
111	47	2
143	47	0
175	47	1
207	47	-3
239	47	0
271	47	3
303	47	4
335	47	1
367	47	4
399	47	3
431	47	-3
463	47	-6
495	47	-6
527	47	-4
559	47	-2
591	47	1
623	47	1
655	47	-2
687	47	0
719	47	3
751	47	0
783	47	4
815	47	2
847	47	1
879	47	2
911	47	3
943	47	1
975	47	3
1007	47	1
16	48	0
48	48	-1
80	48	1
112	48	0
144	48	-1
176	48	0
208	48	3
240	48	1
272	48	-1
304	48	3
336	48	2
368	48	1
400	48	0
432	48	-1
464	48	2
496	48	-2
528	48	4
560	48	-3
592	48	-4
624	48	-3
656	48	1
688	48	2
720	48	2
752	48	2
784	48	-4
816	48	2
848	48	3
880	48	3
912	48	4
944	48	1
976	48	0
1008	48	0
17	49	0
49	49	-1
81	49	0
113	49	0
145	49	-2
177	49	1
209	49	0
241	49	0
273	49	0
305	49	0
337	49	0
369	49	0
401	49	1
433	49	2
465	49	-2
497	49	3
529	49	2
561	49	3
593	49	2
625	49	-2
657	49	-1
689	49	-2
721	49	0
753	49	-2
785	49	-2
817	49	-2
849	49	0
881	49	-5
913	49	2
945	49	-1
977	49	0
1009	49	0
18	50	1
50	50	0
82	50	0
114	50	0
146	50	-6
178	50	-5
210	50	-1
242	50	0
274	50	0
306	50	1
338	50	1
370	50	0
402	50	2
434	50	4
466	50	3
498	50	-2
530	50	4
562	50	-3
594	50	2
626	50	1
658	50	3
690	50	-2
722	50	-2
754	50	-1
786	50	1
818	50	5
850	50	3
882	50	1
914	50	2
946	50	3
978	50	0
1010	50	0
19	51	1
51	51	0
83	51	0
115	51	1
147	51	2
179	51	3
211	51	0
243	51	2
275	51	2
307	51	3
339	51	0
371	51	-1
403	51	-1
435	51	-1
467	51	0
499	51	0
531	51	3
563	51	0
595	51	-2
627	51	1
659	51	1
691	51	2
723	51	-1
755	51	2
787	51	1
819	51	3
851	51	-1
883	51	0
915	51	1
947	51	0
979	51	0
1011	51	0
20	52	0
52	52	1
84	52	0
116	52	0
148	52	0
180	52	-1
212	52	1
244	52	1
276	52	-1
308	52	2
340	52	1
372	52	-1
404	52	4
436	52	0
468	52	0
500	52	-2
532	52	0
564	52	0
596	52	1
628	52	0
660	52	0
692	52	0
724	52	0
756	52	0
788	52	1
820	52	1
852	52	0
884	52	-1
916	52	-2
948	52	0
980	52	0
1012	52	0
21	53	1
53	53	1
85	53	1
117	53	1
149	53	5
181	53	-3
213	53	1
245	53	0
277	53	-1
309	53	-2
341	53	2
373	53	5
405	53	2
437	53	1
469	53	-2
501	53	-2
533	53	-1
565	53	-1
597	53	2
629	53	0
661	53	2
693	53	0
725	53	0
757	53	2
789	53	-3
821	53	-4
853	53	-4
885	53	-4
917	53	2
949	53	0
981	53	1
1013	53	1
22	54	0
54	54	0
86	54	0
118	54	0
150	54	-1
182	54	1
214	54	4
246	54	1
278	54	0
310	54	-1
342	54	3
374	54	1
406	54	1
438	54	3
470	54	-2
502	54	3
534	54	-3
566	54	-4
598	54	2
630	54	-3
662	54	0
694	54	0
726	54	1
758	54	2
790	54	1
822	54	-1
854	54	2
886	54	0
918	54	1
950	54	1
982	54	-1
1014	54	0
23	55	0
55	55	0
87	55	0
119	55	0
151	55	0
183	55	-1
215	55	0
247	55	1
279	55	1
311	55	2
343	55	1
375	55	2
407	55	-2
439	55	6
471	55	6
503	55	-3
535	55	2
567	55	4
599	55	3
631	55	0
663	55	-1
695	55	-3
727	55	0
759	55	-2
791	55	-1
823	55	3
855	55	1
887	55	-4
919	55	-3
951	55	1
983	55	0
1015	55	0
24	56	1
56	56	0
88	56	0
120	56	0
152	56	2
184	56	1
216	56	-1
248	56	0
280	56	-2
312	56	2
344	56	-2
376	56	1
408	56	-7
440	56	2
472	56	2
504	56	3
536	56	1
568	56	2
600	56	3
632	56	1
664	56	0
696	56	-2
728	56	-2
760	56	-1
792	56	-1
824	56	0
856	56	-3
888	56	4
920	56	2
952	56	-1
984	56	0
1016	56	1
25	57	0
57	57	0
89	57	0
121	57	3
153	57	0
185	57	0
217	57	-3
249	57	1
281	57	3
313	57	-4
345	57	1
377	57	-2
409	57	0
441	57	4
473	57	1
505	57	1
537	57	1
569	57	1
601	57	2
633	57	0
665	57	2
697	57	2
729	57	2
761	57	1
793	57	-2
825	57	2
857	57	-1
889	57	-6
921	57	-6
953	57	0
985	57	1
1017	57	0
26	58	1
58	58	0
90	58	0
122	58	0
154	58	-2
186	58	1
218	58	1
250	58	0
282	58	2
314	58	0
346	58	-4
378	58	1
410	58	-2
442	58	-2
474	58	-4
506	58	1
538	58	1
570	58	-1
602	58	-1
634	58	3
666	58	2
698	58	1
730	58	1
762	58	1
794	58	2
826	58	0
858	58	0
890	58	3
922	58	0
954	58	0
986	58	0
1018	58	0
27	59	0
59	59	0
91	59	0
123	59	1
155	59	3
187	59	1
219	59	2
251	59	0
283	59	-1
315	59	0
347	59	-1
379	59	-2
411	59	-4
443	59	0
475	59	2
507	59	1
539	59	2
571	59	3
603	59	-3
635	59	1
667	59	1
699	59	2
731	59	1
763	59	0
795	59	-4
827	59	-3
859	59	0
891	59	-2
923	59	1
955	59	0
987	59	1
1019	59	-1
28	60	0
60	60	0
92	60	1
124	60	1
156	60	-1
188	60	-1
220	60	-4
252	60	-4
284	60	1
316	60	2
348	60	2
380	60	5
412	60	-1
444	60	6
476	60	-1
508	60	-1
540	60	0
572	60	-1
604	60	0
636	60	3
668	60	-3
700	60	0
732	60	0
764	60	-3
796	60	0
828	60	-2
860	60	0
892	60	3
924	60	0
956	60	1
988	60	1
1020	60	0
29	61	0
61	61	0
93	61	0
125	61	0
157	61	0
189	61	0
221	61	0
253	61	0
285	61	0
317	61	0
349	61	0
381	61	0
413	61	0
445	61	-1
477	61	0
509	61	0
541	61	0
573	61	0
605	61	-1
637	61	0
669	61	0
701	61	-1
733	61	0
765	61	-1
797	61	-1
829	61	-1
861	61	0
893	61	0
925	61	0
957	61	0
989	61	1
1021	61	0
30	62	0
62	62	0
94	62	0
126	62	-1
158	62	1
190	62	0
222	62	-1
254	62	-1
286	62	-1
318	62	0
350	62	-2
382	62	0
414	62	3
446	62	0
478	62	-1
510	62	3
542	62	-2
574	62	2
606	62	3
638	62	2
670	62	-3
702	62	3
734	62	-1
766	62	-6
798	62	0
830	62	-5
862	62	-1
894	62	2
926	62	5
958	62	0
990	62	0
1022	62	0
31	63	1
63	63	0
95	63	1
127	63	2
159	63	0
191	63	0
223	63	0
255	63	2
287	63	0
319	63	1
351	63	0
383	63	0
415	63	1
447	63	1
479	63	2
511	63	0
543	63	0
575	63	0
607	63	2
639	63	1
671	63	2
703	63	0
735	63	-7
767	63	-2
799	63	1
831	63	3
863	63	-1
895	63	2
927	63	-5
959	63	0
991	63	0
1023	63	0
32	64	1
64	64	-1
96	64	0
128	64	0
160	64	1
192	64	3
224	64	2
256	64	0
288	64	1
320	64	1
352	64	-1
384	64	0
416	64	4
448	64	-6
480	64	-1
512	64	3
544	64	2
576	64	3
608	64	-1
640	64	-3
672	64	0
704	64	2
736	64	-1
768	64	-1
800	64	3
832	64	1
864	64	4
896	64	-2
928	64	0
960	64	0
992	64	0
1024	64	0
1	65	0
33	65	0
65	65	0
97	65	1
129	65	-1
161	65	3
193	65	2
225	65	-3
257	65	2
289	65	0
321	65	0
353	65	0
385	65	1
417	65	1
449	65	2
481	65	0
513	65	0
545	65	-3
577	65	0
609	65	0
641	65	2
673	65	2
705	65	-1
737	65	4
769	65	4
801	65	-2
833	65	-3
865	65	-2
897	65	-3
929	65	0
961	65	2
993	65	0
2	66	0
34	66	0
66	66	0
98	66	-1
130	66	0
162	66	-1
194	66	1
226	66	0
258	66	-1
290	66	0
322	66	-1
354	66	0
386	66	0
418	66	0
450	66	-1
482	66	-1
514	66	0
546	66	-1
578	66	-1
610	66	0
642	66	0
674	66	0
706	66	-1
738	66	0
770	66	0
802	66	0
834	66	0
866	66	0
898	66	0
930	66	0
962	66	-1
994	66	0
3	67	0
35	67	0
67	67	0
99	67	1
131	67	0
163	67	-2
195	67	0
227	67	0
259	67	-1
291	67	1
323	67	3
355	67	1
387	67	2
419	67	0
451	67	1
483	67	2
515	67	0
547	67	-1
579	67	-1
611	67	-2
643	67	-1
675	67	-2
707	67	0
739	67	4
771	67	2
803	67	0
835	67	3
867	67	-3
899	67	4
931	67	3
963	67	0
995	67	0
4	68	0
36	68	0
68	68	0
100	68	0
132	68	0
164	68	1
196	68	3
228	68	1
260	68	0
292	68	-5
324	68	1
356	68	-1
388	68	-4
420	68	-5
452	68	-6
484	68	1
516	68	3
548	68	3
580	68	1
612	68	0
644	68	0
676	68	0
708	68	0
740	68	-1
772	68	2
804	68	1
836	68	2
868	68	3
900	68	2
932	68	0
964	68	0
996	68	1
5	69	-1
37	69	-1
69	69	0
101	69	0
133	69	0
165	69	-1
197	69	0
229	69	-1
261	69	0
293	69	0
325	69	0
357	69	0
389	69	0
421	69	-1
453	69	0
485	69	0
517	69	-1
549	69	0
581	69	1
613	69	0
645	69	0
677	69	0
709	69	0
741	69	0
773	69	0
805	69	0
837	69	0
869	69	0
901	69	0
933	69	0
965	69	0
997	69	-1
6	70	0
38	70	0
70	70	1
102	70	0
134	70	-4
166	70	-2
198	70	2
230	70	3
262	70	2
294	70	2
326	70	0
358	70	3
390	70	0
422	70	1
454	70	0
486	70	1
518	70	-2
550	70	2
582	70	4
614	70	1
646	70	-3
678	70	-1
710	70	-1
742	70	-1
774	70	-1
806	70	0
838	70	1
870	70	2
902	70	2
934	70	1
966	70	1
998	70	0
7	71	-1
39	71	0
71	71	2
103	71	0
135	71	3
167	71	4
199	71	-1
231	71	1
263	71	0
295	71	2
327	71	2
359	71	-1
391	71	1
423	71	1
455	71	-2
487	71	-2
519	71	4
551	71	-5
583	71	-2
615	71	0
647	71	2
679	71	-2
711	71	1
743	71	3
775	71	3
807	71	3
839	71	7
871	71	-1
903	71	1
935	71	0
967	71	-2
999	71	0
8	72	0
40	72	2
72	72	1
104	72	0
136	72	2
168	72	-1
200	72	1
232	72	-2
264	72	-1
296	72	-1
328	72	-1
360	72	-1
392	72	6
424	72	-1
456	72	4
488	72	2
520	72	2
552	72	-1
584	72	-3
616	72	-1
648	72	1
680	72	2
712	72	-1
744	72	0
776	72	2
808	72	1
840	72	4
872	72	3
904	72	0
936	72	3
968	72	0
1000	72	0
9	73	0
41	73	1
73	73	0
105	73	0
137	73	-1
169	73	-4
201	73	-3
233	73	0
265	73	-1
297	73	1
329	73	-1
361	73	-1
393	73	2
425	73	2
457	73	-4
489	73	7
521	73	4
553	73	0
585	73	-1
617	73	3
649	73	1
681	73	1
713	73	-2
745	73	-3
777	73	0
809	73	3
841	73	1
873	73	2
905	73	0
937	73	1
969	73	2
1001	73	0
10	74	0
42	74	0
74	74	0
106	74	0
138	74	0
170	74	3
202	74	1
234	74	0
266	74	4
298	74	3
330	74	-2
362	74	0
394	74	6
426	74	1
458	74	2
490	74	-4
522	74	4
554	74	2
586	74	1
618	74	-1
650	74	-1
682	74	0
714	74	2
746	74	0
778	74	2
810	74	-2
842	74	-3
874	74	-1
906	74	-2
938	74	2
970	74	1
1002	74	0
11	75	0
43	75	0
75	75	1
107	75	2
139	75	4
171	75	4
203	75	-1
235	75	1
267	75	2
299	75	-2
331	75	3
363	75	-1
395	75	-5
427	75	2
459	75	4
491	75	-1
523	75	5
555	75	-3
587	75	-3
619	75	0
651	75	-3
683	75	-3
715	75	3
747	75	3
779	75	3
811	75	3
843	75	-1
875	75	-1
907	75	0
939	75	1
971	75	1
1003	75	0
12	76	-1
44	76	0
76	76	1
108	76	1
140	76	0
172	76	-1
204	76	-4
236	76	-1
268	76	1
300	76	-3
332	76	1
364	76	2
396	76	-4
428	76	3
460	76	-1
492	76	0
524	76	4
556	76	-3
588	76	1
620	76	4
652	76	3
684	76	1
716	76	-3
748	76	2
780	76	-1
812	76	0
844	76	2
876	76	3
908	76	-2
940	76	2
972	76	1
1004	76	1
13	77	1
45	77	0
77	77	1
109	77	1
141	77	0
173	77	0
205	77	0
237	77	0
269	77	-1
301	77	-4
333	77	-3
365	77	0
397	77	0
429	77	0
461	77	3
493	77	5
525	77	4
557	77	3
589	77	3
621	77	0
653	77	1
685	77	2
717	77	2
749	77	0
781	77	-1
813	77	3
845	77	-2
877	77	-2
909	77	-3
941	77	-6
973	77	-5
1005	77	0
14	78	-1
46	78	-1
78	78	0
110	78	1
142	78	0
174	78	0
206	78	0
238	78	0
270	78	0
302	78	0
334	78	-1
366	78	-1
398	78	0
430	78	0
462	78	0
494	78	-1
526	78	0
558	78	-1
590	78	-1
622	78	0
654	78	0
686	78	0
718	78	0
750	78	0
782	78	1
814	78	0
846	78	0
878	78	0
910	78	0
942	78	0
974	78	0
1006	78	-1
15	79	0
47	79	0
79	79	0
111	79	0
143	79	4
175	79	0
207	79	2
239	79	0
271	79	-1
303	79	1
335	79	-1
367	79	1
399	79	1
431	79	2
463	79	2
495	79	0
527	79	2
559	79	-1
591	79	1
623	79	2
655	79	4
687	79	1
719	79	2
751	79	0
783	79	-3
815	79	-3
847	79	-3
879	79	1
911	79	0
943	79	-1
975	79	2
1007	79	0
16	80	0
48	80	0
80	80	0
112	80	0
144	80	1
176	80	2
208	80	1
240	80	1
272	80	-1
304	80	1
336	80	-2
368	80	-3
400	80	-1
432	80	2
464	80	1
496	80	2
528	80	-1
560	80	2
592	80	2
624	80	3
656	80	-1
688	80	-1
720	80	0
752	80	0
784	80	2
816	80	1
848	80	2
880	80	2
912	80	-1
944	80	0
976	80	0
1008	80	0
17	81	0
49	81	0
81	81	-1
113	81	0
145	81	2
177	81	2
209	81	1
241	81	0
273	81	0
305	81	-1
337	81	3
369	81	-1
401	81	-3
433	81	-4
465	81	0
497	81	2
529	81	-3
561	81	2
593	81	2
625	81	-2
657	81	2
689	81	3
721	81	3
753	81	2
785	81	4
817	81	-2
849	81	-3
881	81	2
913	81	-4
945	81	0
977	81	1
1009	81	0
18	82	0
50	82	-1
82	82	-1
114	82	0
146	82	0
178	82	4
210	82	4
242	82	3
274	82	1
306	82	0
338	82	2
370	82	-4
402	82	-6
434	82	2
466	82	-1
498	82	0
530	82	-1
562	82	1
594	82	0
626	82	4
658	82	4
690	82	0
722	82	0
754	82	0
786	82	0
818	82	0
850	82	2
882	82	2
914	82	-2
946	82	-1
978	82	0
1010	82	0
19	83	1
51	83	0
83	83	0
115	83	1
147	83	-2
179	83	-4
211	83	0
243	83	2
275	83	0
307	83	-1
339	83	-3
371	83	2
403	83	1
435	83	2
467	83	-3
499	83	1
531	83	-1
563	83	2
595	83	0
627	83	3
659	83	2
691	83	1
723	83	-1
755	83	-1
787	83	1
819	83	2
851	83	0
883	83	1
915	83	2
947	83	0
979	83	0
1011	83	0
20	84	1
52	84	1
84	84	0
116	84	1
148	84	2
180	84	1
212	84	-3
244	84	-2
276	84	0
308	84	3
340	84	-1
372	84	2
404	84	5
436	84	-2
468	84	0
500	84	-1
532	84	3
564	84	-2
596	84	-4
628	84	-3
660	84	3
692	84	0
724	84	-1
756	84	1
788	84	3
820	84	-3
852	84	2
884	84	-3
916	84	0
948	84	1
980	84	1
1012	84	1
21	85	0
53	85	1
85	85	1
117	85	1
149	85	1
181	85	1
213	85	-1
245	85	-1
277	85	1
309	85	0
341	85	3
373	85	5
405	85	5
437	85	4
469	85	0
501	85	-1
533	85	-2
565	85	0
597	85	-1
629	85	0
661	85	-1
693	85	-2
725	85	1
757	85	0
789	85	2
821	85	0
853	85	0
885	85	2
917	85	-1
949	85	1
981	85	-1
1013	85	1
22	86	0
54	86	0
86	86	0
118	86	1
150	86	1
182	86	0
214	86	1
246	86	2
278	86	-1
310	86	4
342	86	-5
374	86	0
406	86	2
438	86	2
470	86	-2
502	86	2
534	86	-1
566	86	-2
598	86	2
630	86	1
662	86	-1
694	86	0
726	86	0
758	86	0
790	86	2
822	86	0
854	86	1
886	86	2
918	86	1
950	86	1
982	86	0
1014	86	1
23	87	0
55	87	1
87	87	1
119	87	-1
151	87	-1
183	87	0
215	87	1
247	87	0
279	87	0
311	87	0
343	87	0
375	87	0
407	87	0
439	87	-1
471	87	0
503	87	-1
535	87	0
567	87	-1
599	87	0
631	87	1
663	87	0
695	87	-1
727	87	-1
759	87	0
791	87	0
823	87	0
855	87	0
887	87	0
919	87	0
951	87	0
983	87	0
1015	87	0
24	88	1
56	88	0
88	88	0
120	88	2
152	88	-1
184	88	2
216	88	2
248	88	2
280	88	-1
312	88	1
344	88	0
376	88	0
408	88	2
440	88	-2
472	88	-2
504	88	2
536	88	2
568	88	1
600	88	2
632	88	-2
664	88	-1
696	88	3
728	88	3
760	88	2
792	88	2
824	88	0
856	88	4
888	88	-4
920	88	-1
952	88	0
984	88	0
1016	88	0
25	89	1
57	89	0
89	89	0
121	89	0
153	89	1
185	89	0
217	89	4
249	89	5
281	89	0
313	89	2
345	89	0
377	89	3
409	89	3
441	89	3
473	89	3
505	89	2
537	89	2
569	89	-2
601	89	-2
633	89	-2
665	89	-2
697	89	-1
729	89	0
761	89	1
793	89	1
825	89	-5
857	89	-4
889	89	3
921	89	4
953	89	0
985	89	1
1017	89	1
26	90	1
58	90	0
90	90	-1
122	90	0
154	90	-1
186	90	-2
218	90	-1
250	90	2
282	90	1
314	90	2
346	90	0
378	90	2
410	90	6
442	90	1
474	90	3
506	90	0
538	90	-2
570	90	2
602	90	-3
634	90	-2
666	90	-3
698	90	-1
730	90	-1
762	90	1
794	90	1
826	90	2
858	90	0
890	90	2
922	90	-2
954	90	0
986	90	0
1018	90	0
27	91	0
59	91	1
91	91	-1
123	91	0
155	91	-1
187	91	0
219	91	-3
251	91	-3
283	91	-2
315	91	-1
347	91	1
379	91	2
411	91	-1
443	91	1
475	91	0
507	91	2
539	91	1
571	91	2
603	91	0
635	91	1
667	91	-5
699	91	0
731	91	-1
763	91	0
795	91	0
827	91	1
859	91	2
891	91	3
923	91	0
955	91	0
987	91	0
1019	91	0
28	92	1
60	92	0
92	92	-1
124	92	0
156	92	0
188	92	4
220	92	2
252	92	3
284	92	-1
316	92	-5
348	92	0
380	92	-7
412	92	0
444	92	-2
476	92	0
508	92	0
540	92	0
572	92	0
604	92	1
636	92	-5
668	92	-3
700	92	3
732	92	1
764	92	4
796	92	0
828	92	3
860	92	0
892	92	-1
924	92	-1
956	92	1
988	92	1
1020	92	0
29	93	1
61	93	0
93	93	-1
125	93	0
157	93	0
189	93	3
221	93	-1
253	93	0
285	93	0
317	93	3
349	93	1
381	93	6
413	93	1
445	93	-1
477	93	0
509	93	-2
541	93	3
573	93	-1
605	93	-1
637	93	-1
669	93	3
701	93	3
733	93	2
765	93	2
797	93	1
829	93	2
861	93	3
893	93	3
925	93	1
957	93	-1
989	93	0
1021	93	0
30	94	-1
62	94	-1
94	94	0
126	94	0
158	94	2
190	94	2
222	94	-3
254	94	3
286	94	-1
318	94	1
350	94	1
382	94	0
414	94	-2
446	94	3
478	94	3
510	94	3
542	94	0
574	94	-1
606	94	0
638	94	4
670	94	-1
702	94	4
734	94	-1
766	94	-1
798	94	0
830	94	-2
862	94	0
894	94	1
926	94	1
958	94	0
990	94	0
1022	94	1
31	95	1
63	95	0
95	95	0
127	95	1
159	95	4
191	95	3
223	95	2
255	95	3
287	95	-3
319	95	1
351	95	0
383	95	-1
415	95	-1
447	95	-1
479	95	-2
511	95	3
543	95	4
575	95	4
607	95	4
639	95	2
671	95	1
703	95	1
735	95	1
767	95	3
799	95	2
831	95	1
863	95	0
895	95	3
927	95	-3
959	95	0
991	95	0
1023	95	1
32	96	2
64	96	0
96	96	0
128	96	-2
160	96	-2
192	96	-4
224	96	-2
256	96	-2
288	96	-2
320	96	0
352	96	1
384	96	3
416	96	-2
448	96	-2
480	96	2
512	96	-1
544	96	-1
576	96	1
608	96	0
640	96	0
672	96	-2
704	96	3
736	96	-5
768	96	-2
800	96	3
832	96	-1
864	96	1
896	96	-2
928	96	1
960	96	1
992	96	0
1024	96	0
1	97	0
33	97	0
65	97	0
97	97	0
129	97	0
161	97	0
193	97	0
225	97	-1
257	97	0
289	97	0
321	97	0
353	97	-1
385	97	0
417	97	0
449	97	0
481	97	0
513	97	0
545	97	0
577	97	0
609	97	0
641	97	-1
673	97	-1
705	97	-1
737	97	0
769	97	0
801	97	0
833	97	0
865	97	0
897	97	0
929	97	0
961	97	0
993	97	0
2	98	0
34	98	0
66	98	0
98	98	0
130	98	0
162	98	1
194	98	-1
226	98	0
258	98	0
290	98	-1
322	98	-1
354	98	0
386	98	0
418	98	-1
450	98	0
482	98	0
514	98	0
546	98	0
578	98	-1
610	98	-1
642	98	-1
674	98	0
706	98	-1
738	98	0
770	98	0
802	98	-1
834	98	-1
866	98	0
898	98	0
930	98	0
962	98	1
994	98	0
3	99	0
35	99	0
67	99	0
99	99	1
131	99	0
163	99	-3
195	99	-1
227	99	-1
259	99	2
291	99	2
323	99	0
355	99	4
387	99	-1
419	99	1
451	99	-2
483	99	4
515	99	3
547	99	3
579	99	3
611	99	2
643	99	-3
675	99	1
707	99	3
739	99	2
771	99	1
803	99	-3
835	99	0
867	99	4
899	99	-1
931	99	-2
963	99	0
995	99	0
4	100	0
36	100	0
68	100	0
100	100	-1
132	100	0
164	100	1
196	100	-1
228	100	0
260	100	-1
292	100	0
324	100	0
356	100	0
388	100	0
420	100	0
452	100	0
484	100	-1
516	100	-1
548	100	0
580	100	0
612	100	0
644	100	0
676	100	0
708	100	0
740	100	0
772	100	0
804	100	0
836	100	0
868	100	-1
900	100	1
932	100	1
964	100	0
996	100	0
5	101	0
37	101	2
69	101	1
101	101	2
133	101	0
165	101	1
197	101	3
229	101	2
261	101	-2
293	101	0
325	101	0
357	101	2
389	101	3
421	101	5
453	101	0
485	101	-3
517	101	-5
549	101	-4
581	101	0
613	101	-2
645	101	-2
677	101	1
709	101	1
741	101	2
773	101	1
805	101	2
837	101	-1
869	101	4
901	101	1
933	101	2
965	101	0
997	101	-1
6	102	1
38	102	0
70	102	0
102	102	0
134	102	-5
166	102	-6
198	102	3
230	102	3
262	102	-1
294	102	3
326	102	-1
358	102	0
390	102	1
422	102	2
454	102	1
486	102	2
518	102	3
550	102	3
582	102	-3
614	102	2
646	102	0
678	102	-2
710	102	-1
742	102	1
774	102	-4
806	102	-3
838	102	4
870	102	5
902	102	1
934	102	2
966	102	0
998	102	0
7	103	0
39	103	-1
71	103	0
103	103	0
135	103	0
167	103	0
199	103	0
231	103	0
263	103	-1
295	103	0
327	103	0
359	103	0
391	103	0
423	103	0
455	103	-1
487	103	-1
519	103	0
551	103	-1
583	103	0
615	103	0
647	103	0
679	103	0
711	103	0
743	103	0
775	103	0
807	103	0
839	103	0
871	103	0
903	103	-1
935	103	0
967	103	0
999	103	0
8	104	0
40	104	0
72	104	1
104	104	0
136	104	1
168	104	-2
200	104	2
232	104	1
264	104	1
296	104	1
328	104	-1
360	104	-1
392	104	1
424	104	-3
456	104	1
488	104	-4
520	104	-2
552	104	2
584	104	2
616	104	3
648	104	3
680	104	1
712	104	2
744	104	3
776	104	3
808	104	2
840	104	-4
872	104	-3
904	104	-1
936	104	-3
968	104	-1
1000	104	0
9	105	0
41	105	1
73	105	0
105	105	0
137	105	-1
169	105	-2
201	105	2
233	105	0
265	105	0
297	105	-2
329	105	-1
361	105	3
393	105	2
425	105	3
457	105	3
489	105	-3
521	105	3
553	105	-4
585	105	-4
617	105	2
649	105	-4
681	105	-2
713	105	0
745	105	0
777	105	0
809	105	1
841	105	1
873	105	2
905	105	4
937	105	0
969	105	2
1001	105	0
10	106	0
42	106	0
74	106	1
106	106	0
138	106	-1
170	106	-2
202	106	-1
234	106	3
266	106	-5
298	106	-1
330	106	2
362	106	2
394	106	-5
426	106	3
458	106	1
490	106	4
522	106	-4
554	106	-2
586	106	-2
618	106	3
650	106	3
682	106	2
714	106	-2
746	106	2
778	106	-2
810	106	1
842	106	2
874	106	2
906	106	2
938	106	1
970	106	2
1002	106	-1
11	107	0
43	107	0
75	107	1
107	107	1
139	107	0
171	107	-3
203	107	-1
235	107	-1
267	107	1
299	107	1
331	107	3
363	107	3
395	107	-1
427	107	4
459	107	1
491	107	-4
523	107	6
555	107	-4
587	107	-4
619	107	-3
651	107	-6
683	107	-4
715	107	4
747	107	1
779	107	3
811	107	2
843	107	2
875	107	1
907	107	0
939	107	1
971	107	0
1003	107	0
12	108	0
44	108	0
76	108	0
108	108	-1
140	108	0
172	108	1
204	108	0
236	108	0
268	108	0
300	108	-1
332	108	0
364	108	0
396	108	0
428	108	-1
460	108	0
492	108	0
524	108	-1
556	108	-1
588	108	-1
620	108	0
652	108	0
684	108	0
716	108	-1
748	108	0
780	108	0
812	108	0
844	108	0
876	108	0
908	108	0
940	108	0
972	108	0
1004	108	-1
13	109	1
45	109	0
77	109	1
109	109	0
141	109	0
173	109	0
205	109	0
237	109	0
269	109	0
301	109	0
333	109	0
365	109	0
397	109	1
429	109	0
461	109	2
493	109	1
525	109	0
557	109	0
589	109	-1
621	109	2
653	109	-1
685	109	-2
717	109	0
749	109	1
781	109	1
813	109	1
845	109	0
877	109	0
909	109	0
941	109	1
973	109	1
1005	109	-1
14	110	1
46	110	1
78	110	0
110	110	-1
142	110	0
174	110	0
206	110	-1
238	110	2
270	110	0
302	110	1
334	110	2
366	110	1
398	110	1
430	110	2
462	110	-2
494	110	-3
526	110	-3
558	110	2
590	110	1
622	110	3
654	110	2
686	110	2
718	110	2
750	110	0
782	110	1
814	110	3
846	110	0
878	110	0
910	110	-3
942	110	0
974	110	1
1006	110	-1
15	111	-1
47	111	0
79	111	0
111	111	0
143	111	0
175	111	0
207	111	-1
239	111	0
271	111	0
303	111	0
335	111	0
367	111	0
399	111	1
431	111	1
463	111	0
495	111	0
527	111	0
559	111	-1
591	111	1
623	111	-1
655	111	0
687	111	1
719	111	0
751	111	1
783	111	0
815	111	1
847	111	0
879	111	0
911	111	0
943	111	0
975	111	1
1007	111	0
16	112	0
48	112	0
80	112	0
112	112	0
144	112	0
176	112	2
208	112	4
240	112	2
272	112	0
304	112	2
336	112	0
368	112	0
400	112	-1
432	112	-2
464	112	1
496	112	-2
528	112	3
560	112	-4
592	112	-4
624	112	-4
656	112	3
688	112	2
720	112	3
752	112	2
784	112	-4
816	112	3
848	112	3
880	112	3
912	112	3
944	112	1
976	112	0
1008	112	1
17	113	0
49	113	-1
81	113	0
113	113	0
145	113	0
177	113	1
209	113	0
241	113	0
273	113	-1
305	113	-5
337	113	0
369	113	0
401	113	2
433	113	5
465	113	-4
497	113	2
529	113	0
561	113	-2
593	113	-2
625	113	-1
657	113	2
689	113	3
721	113	0
753	113	-1
785	113	0
817	113	-1
849	113	0
881	113	0
913	113	-1
945	113	0
977	113	1
1009	113	0
18	114	1
50	114	0
82	114	0
114	114	0
146	114	4
178	114	3
210	114	1
242	114	2
274	114	1
306	114	0
338	114	-1
370	114	0
402	114	1
434	114	-2
466	114	2
498	114	-2
530	114	2
562	114	-1
594	114	2
626	114	-2
658	114	-2
690	114	1
722	114	-1
754	114	0
786	114	1
818	114	-3
850	114	-1
882	114	0
914	114	3
946	114	4
978	114	0
1010	114	0
19	115	1
51	115	0
83	115	0
115	115	1
147	115	1
179	115	2
211	115	0
243	115	0
275	115	-2
307	115	-4
339	115	-4
371	115	1
403	115	2
435	115	3
467	115	1
499	115	2
531	115	-2
563	115	0
595	115	1
627	115	0
659	115	1
691	115	3
723	115	4
755	115	-1
787	115	0
819	115	-2
851	115	-1
883	115	2
915	115	1
947	115	-1
979	115	0
1011	115	0
20	116	0
52	116	1
84	116	0
116	116	0
148	116	-1
180	116	0
212	116	2
244	116	0
276	116	0
308	116	0
340	116	2
372	116	3
404	116	0
436	116	-2
468	116	1
500	116	2
532	116	-2
564	116	-2
596	116	-3
628	116	-3
660	116	2
692	116	0
724	116	1
756	116	2
788	116	2
820	116	0
852	116	3
884	116	1
916	116	0
948	116	0
980	116	0
1012	116	1
21	117	-1
53	117	0
85	117	-1
117	117	0
149	117	1
181	117	-1
213	117	4
245	117	2
277	117	0
309	117	1
341	117	-1
373	117	-1
405	117	-1
437	117	1
469	117	-2
501	117	-2
533	117	1
565	117	-1
597	117	0
629	117	-3
661	117	1
693	117	2
725	117	0
757	117	2
789	117	3
821	117	2
853	117	3
885	117	0
917	117	2
949	117	0
981	117	0
1013	117	-1
22	118	0
54	118	0
86	118	0
118	118	0
150	118	0
182	118	0
214	118	-1
246	118	3
278	118	-1
310	118	4
342	118	-2
374	118	1
406	118	1
438	118	-1
470	118	1
502	118	1
534	118	-2
566	118	-3
598	118	3
630	118	-1
662	118	2
694	118	-1
726	118	0
758	118	0
790	118	0
822	118	-3
854	118	3
886	118	4
918	118	0
950	118	0
982	118	0
1014	118	1
23	119	0
55	119	0
87	119	0
119	119	2
151	119	0
183	119	2
215	119	-2
247	119	2
279	119	-1
311	119	1
343	119	0
375	119	-2
407	119	-4
439	119	6
471	119	5
503	119	-3
535	119	1
567	119	4
599	119	3
631	119	-2
663	119	1
695	119	1
727	119	0
759	119	1
791	119	1
823	119	1
855	119	-2
887	119	-4
919	119	-7
951	119	-3
983	119	0
1015	119	0
24	120	1
56	120	0
88	120	0
120	120	-2
152	120	2
184	120	0
216	120	-1
248	120	-1
280	120	1
312	120	2
344	120	2
376	120	1
408	120	0
440	120	3
472	120	3
504	120	1
536	120	0
568	120	3
600	120	4
632	120	1
664	120	-1
696	120	-1
728	120	-2
760	120	-1
792	120	-1
824	120	0
856	120	-5
888	120	3
920	120	3
952	120	0
984	120	0
1016	120	2
25	121	0
57	121	0
89	121	0
121	121	-1
153	121	1
185	121	0
217	121	2
249	121	0
281	121	-3
313	121	0
345	121	-6
377	121	1
409	121	3
441	121	-2
473	121	-2
505	121	3
537	121	0
569	121	1
601	121	-1
633	121	1
665	121	1
697	121	2
729	121	1
761	121	2
793	121	1
825	121	-1
857	121	-2
889	121	-1
921	121	-2
953	121	1
985	121	1
1017	121	1
26	122	0
58	122	0
90	122	0
122	122	0
154	122	-4
186	122	-3
218	122	0
250	122	-1
282	122	1
314	122	-3
346	122	1
378	122	2
410	122	-6
442	122	2
474	122	-2
506	122	0
538	122	3
570	122	-1
602	122	2
634	122	0
666	122	2
698	122	1
730	122	1
762	122	0
794	122	2
826	122	2
858	122	0
890	122	-5
922	122	2
954	122	0
986	122	0
1018	122	0
27	123	0
59	123	0
91	123	0
123	123	0
155	123	0
187	123	-1
219	123	0
251	123	0
283	123	0
315	123	0
347	123	-1
379	123	0
411	123	-1
443	123	-1
475	123	0
507	123	0
539	123	-1
571	123	0
603	123	-1
635	123	0
667	123	0
699	123	-1
731	123	0
763	123	0
795	123	0
827	123	0
859	123	0
891	123	0
923	123	-1
955	123	0
987	123	-1
1019	123	1
28	124	0
60	124	0
92	124	0
124	124	0
156	124	1
188	124	0
220	124	0
252	124	0
284	124	0
316	124	0
348	124	-1
380	124	0
412	124	0
444	124	0
476	124	0
508	124	0
540	124	0
572	124	0
604	124	-1
636	124	-1
668	124	0
700	124	0
732	124	0
764	124	0
796	124	0
828	124	0
860	124	0
892	124	0
924	124	0
956	124	0
988	124	0
1020	124	0
29	125	1
61	125	0
93	125	1
125	125	1
157	125	1
189	125	0
221	125	1
253	125	-1
285	125	2
317	125	2
349	125	7
381	125	5
413	125	-2
445	125	-1
477	125	1
509	125	4
541	125	-1
573	125	0
605	125	-2
637	125	-1
669	125	4
701	125	-2
733	125	-1
765	125	-1
797	125	0
829	125	0
861	125	1
893	125	4
925	125	0
957	125	4
989	125	0
1021	125	0
30	126	0
62	126	0
94	126	0
126	126	0
158	126	-1
190	126	0
222	126	0
254	126	0
286	126	0
318	126	0
350	126	0
382	126	-1
414	126	0
446	126	-1
478	126	0
510	126	-1
542	126	0
574	126	0
606	126	0
638	126	-1
670	126	0
702	126	0
734	126	0
766	126	-1
798	126	0
830	126	0
862	126	0
894	126	0
926	126	0
958	126	0
990	126	1
1022	126	1
31	127	-1
63	127	0
95	127	0
127	127	0
159	127	0
191	127	0
223	127	0
255	127	0
287	127	0
319	127	0
351	127	-1
383	127	0
415	127	0
447	127	0
479	127	0
511	127	0
543	127	0
575	127	0
607	127	0
639	127	0
671	127	0
703	127	0
735	127	0
767	127	0
799	127	0
831	127	0
863	127	-1
895	127	1
927	127	0
959	127	0
991	127	1
1023	127	0
32	128	1
64	128	1
96	128	0
128	128	-2
160	128	1
192	128	3
224	128	5
256	128	2
288	128	-1
320	128	3
352	128	-1
384	128	-1
416	128	2
448	128	-4
480	128	1
512	128	2
544	128	2
576	128	1
608	128	-2
640	128	-3
672	128	1
704	128	1
736	128	0
768	128	0
800	128	0
832	128	2
864	128	0
896	128	3
928	128	-2
960	128	0
992	128	0
1024	128	0
1	129	0
33	129	1
65	129	-1
97	129	1
129	129	0
161	129	3
193	129	2
225	129	-4
257	129	1
289	129	0
321	129	2
353	129	1
385	129	2
417	129	1
449	129	1
481	129	-2
513	129	-3
545	129	-4
577	129	2
609	129	2
641	129	2
673	129	2
705	129	-2
737	129	1
769	129	3
801	129	-3
833	129	-3
865	129	0
897	129	-5
929	129	0
961	129	1
993	129	0
2	130	0
34	130	-1
66	130	0
98	130	0
130	130	0
162	130	-4
194	130	-4
226	130	-4
258	130	0
290	130	1
322	130	1
354	130	2
386	130	0
418	130	2
450	130	1
482	130	-1
514	130	3
546	130	0
578	130	4
610	130	-2
642	130	3
674	130	-2
706	130	-2
738	130	-4
770	130	1
802	130	-1
834	130	1
866	130	0
898	130	2
930	130	3
962	130	-1
994	130	0
3	131	0
35	131	0
67	131	0
99	131	1
131	131	0
163	131	-1
195	131	0
227	131	0
259	131	0
291	131	2
323	131	2
355	131	3
387	131	0
419	131	-1
451	131	-3
483	131	3
515	131	2
547	131	3
579	131	1
611	131	-2
643	131	-4
675	131	2
707	131	3
739	131	3
771	131	2
803	131	-2
835	131	2
867	131	-3
899	131	-1
931	131	-3
963	131	0
995	131	0
4	132	0
36	132	0
68	132	0
100	132	1
132	132	0
164	132	0
196	132	1
228	132	-1
260	132	1
292	132	-3
324	132	3
356	132	-1
388	132	-7
420	132	-6
452	132	-4
484	132	1
516	132	2
548	132	1
580	132	1
612	132	0
644	132	-1
676	132	-1
708	132	2
740	132	-1
772	132	1
804	132	2
836	132	1
868	132	2
900	132	0
932	132	-1
964	132	0
996	132	1
5	133	-1
37	133	1
69	133	1
101	133	1
133	133	0
165	133	1
197	133	3
229	133	3
261	133	-1
293	133	-2
325	133	3
357	133	3
389	133	1
421	133	2
453	133	1
485	133	0
517	133	-1
549	133	-2
581	133	-1
613	133	1
645	133	1
677	133	2
709	133	0
741	133	1
773	133	0
805	133	2
837	133	-1
869	133	4
901	133	0
933	133	0
965	133	0
997	133	-1
6	134	1
38	134	0
70	134	1
102	134	0
134	134	0
166	134	2
198	134	0
230	134	1
262	134	2
294	134	0
326	134	-2
358	134	4
390	134	0
422	134	0
454	134	3
486	134	2
518	134	2
550	134	3
582	134	-2
614	134	-1
646	134	0
678	134	0
710	134	-1
742	134	0
774	134	0
806	134	-1
838	134	2
870	134	4
902	134	2
934	134	3
966	134	0
998	134	0
7	135	-1
39	135	0
71	135	0
103	135	0
135	135	0
167	135	-2
199	135	1
231	135	2
263	135	3
295	135	0
327	135	0
359	135	-1
391	135	2
423	135	1
455	135	1
487	135	1
519	135	2
551	135	0
583	135	-2
615	135	-4
647	135	-3
679	135	1
711	135	3
743	135	4
775	135	2
807	135	2
839	135	1
871	135	0
903	135	1
935	135	0
967	135	1
999	135	0
8	136	0
40	136	0
72	136	0
104	136	-1
136	136	0
168	136	0
200	136	0
232	136	0
264	136	-1
296	136	0
328	136	0
360	136	0
392	136	0
424	136	0
456	136	0
488	136	-1
520	136	-1
552	136	0
584	136	0
616	136	0
648	136	0
680	136	0
712	136	0
744	136	0
776	136	0
808	136	0
840	136	0
872	136	-1
904	136	-1
936	136	-1
968	136	0
1000	136	0
9	137	1
41	137	0
73	137	0
105	137	0
137	137	-2
169	137	-3
201	137	-3
233	137	0
265	137	1
297	137	-3
329	137	-4
361	137	2
393	137	1
425	137	-1
457	137	0
489	137	3
521	137	-1
553	137	2
585	137	3
617	137	-3
649	137	2
681	137	3
713	137	0
745	137	0
777	137	-1
809	137	0
841	137	4
873	137	0
905	137	-1
937	137	1
969	137	-2
1001	137	0
10	138	0
42	138	0
74	138	0
106	138	0
138	138	-1
170	138	1
202	138	1
234	138	2
266	138	-6
298	138	-2
330	138	2
362	138	2
394	138	-3
426	138	3
458	138	2
490	138	6
522	138	0
554	138	-3
586	138	-1
618	138	3
650	138	2
682	138	2
714	138	2
746	138	1
778	138	-1
810	138	2
842	138	1
874	138	0
906	138	2
938	138	2
970	138	0
1002	138	0
11	139	0
43	139	0
75	139	1
107	139	0
139	139	-1
171	139	-2
203	139	-2
235	139	-1
267	139	-1
299	139	1
331	139	3
363	139	3
395	139	1
427	139	2
459	139	-2
491	139	-2
523	139	6
555	139	-4
587	139	-4
619	139	-2
651	139	-7
683	139	-6
715	139	3
747	139	1
779	139	3
811	139	3
843	139	2
875	139	1
907	139	1
939	139	0
971	139	0
1003	139	0
12	140	0
44	140	1
76	140	1
108	140	1
140	140	1
172	140	0
204	140	0
236	140	1
268	140	-3
300	140	1
332	140	-3
364	140	1
396	140	2
428	140	-3
460	140	-1
492	140	0
524	140	1
556	140	1
588	140	3
620	140	3
652	140	3
684	140	3
716	140	0
748	140	-1
780	140	-1
812	140	-3
844	140	-2
876	140	4
908	140	1
940	140	-2
972	140	-2
1004	140	1
13	141	0
45	141	0
77	141	1
109	141	0
141	141	0
173	141	2
205	141	1
237	141	-2
269	141	0
301	141	1
333	141	1
365	141	-1
397	141	1
429	141	1
461	141	0
493	141	-1
525	141	-1
557	141	-1
589	141	-1
621	141	2
653	141	2
685	141	1
717	141	1
749	141	0
781	141	0
813	141	-1
845	141	0
877	141	1
909	141	4
941	141	5
973	141	1
1005	141	0
14	142	0
46	142	1
78	142	0
110	142	1
142	142	0
174	142	2
206	142	4
238	142	3
270	142	-1
302	142	2
334	142	-1
366	142	-1
398	142	-3
430	142	-2
462	142	5
494	142	3
526	142	2
558	142	-2
590	142	-5
622	142	-3
654	142	1
686	142	1
718	142	3
750	142	2
782	142	1
814	142	0
846	142	0
878	142	0
910	142	-3
942	142	0
974	142	1
1006	142	0
15	143	1
47	143	0
79	143	-1
111	143	0
143	143	2
175	143	2
207	143	0
239	143	0
271	143	1
303	143	3
335	143	0
367	143	1
399	143	-1
431	143	-7
463	143	-7
495	143	-2
527	143	3
559	143	4
591	143	-2
623	143	4
655	143	0
687	143	2
719	143	2
751	143	0
783	143	-2
815	143	0
847	143	0
879	143	3
911	143	0
943	143	2
975	143	0
1007	143	0
16	144	0
48	144	0
80	144	1
112	144	0
144	144	0
176	144	0
208	144	0
240	144	0
272	144	1
304	144	0
336	144	0
368	144	0
400	144	0
432	144	0
464	144	0
496	144	0
528	144	0
560	144	0
592	144	0
624	144	-1
656	144	-1
688	144	-1
720	144	0
752	144	-1
784	144	0
816	144	0
848	144	0
880	144	0
912	144	0
944	144	0
976	144	0
1008	144	0
17	145	0
49	145	0
81	145	0
113	145	-1
145	145	1
177	145	1
209	145	3
241	145	0
273	145	0
305	145	1
337	145	-2
369	145	1
401	145	0
433	145	1
465	145	2
497	145	-3
529	145	0
561	145	1
593	145	-1
625	145	2
657	145	2
689	145	2
721	145	-2
753	145	2
785	145	-2
817	145	3
849	145	1
881	145	6
913	145	-2
945	145	0
977	145	-1
1009	145	0
18	146	0
50	146	0
82	146	0
114	146	0
146	146	-1
178	146	1
210	146	2
242	146	1
274	146	0
306	146	-2
338	146	3
370	146	-2
402	146	-1
434	146	3
466	146	4
498	146	-4
530	146	4
562	146	-5
594	146	2
626	146	0
658	146	3
690	146	-2
722	146	-1
754	146	-2
786	146	1
818	146	3
850	146	2
882	146	2
914	146	3
946	146	4
978	146	0
1010	146	0
19	147	-1
51	147	0
83	147	1
115	147	0
147	147	1
179	147	3
211	147	0
243	147	2
275	147	2
307	147	2
339	147	2
371	147	-1
403	147	0
435	147	2
467	147	2
499	147	3
531	147	-2
563	147	3
595	147	2
627	147	2
659	147	2
691	147	3
723	147	1
755	147	2
787	147	0
819	147	4
851	147	-2
883	147	-4
915	147	-1
947	147	0
979	147	0
1011	147	0
20	148	1
52	148	1
84	148	0
116	148	1
148	148	1
180	148	2
212	148	1
244	148	0
276	148	-2
308	148	4
340	148	3
372	148	-4
404	148	6
436	148	1
468	148	-3
500	148	-4
532	148	-1
564	148	3
596	148	3
628	148	0
660	148	0
692	148	-1
724	148	1
756	148	-1
788	148	0
820	148	-2
852	148	0
884	148	2
916	148	-3
948	148	1
980	148	0
1012	148	1
21	149	1
53	149	0
85	149	1
117	149	0
149	149	-2
181	149	3
213	149	-2
245	149	0
277	149	-1
309	149	0
341	149	0
373	149	-3
405	149	0
437	149	-2
469	149	1
501	149	2
533	149	3
565	149	2
597	149	0
629	149	3
661	149	1
693	149	1
725	149	1
757	149	-3
789	149	-3
821	149	-1
853	149	-2
885	149	-1
917	149	1
949	149	1
981	149	0
1013	149	1
22	150	0
54	150	0
86	150	-1
118	150	0
150	150	2
182	150	-1
214	150	-6
246	150	4
278	150	-3
310	150	6
342	150	0
374	150	-2
406	150	-2
438	150	0
470	150	-2
502	150	2
534	150	1
566	150	1
598	150	3
630	150	2
662	150	0
694	150	1
726	150	-1
758	150	0
790	150	4
822	150	0
854	150	-3
886	150	-4
918	150	3
950	150	2
982	150	0
1014	150	0
23	151	0
55	151	-1
87	151	0
119	151	2
151	151	0
183	151	1
215	151	1
247	151	-2
279	151	-1
311	151	3
343	151	0
375	151	0
407	151	0
439	151	2
471	151	2
503	151	2
535	151	0
567	151	-3
599	151	-3
631	151	0
663	151	3
695	151	5
727	151	0
759	151	0
791	151	-1
823	151	3
855	151	3
887	151	4
919	151	4
951	151	4
983	151	0
1015	151	0
24	152	0
56	152	0
88	152	0
120	152	-1
152	152	2
184	152	-1
216	152	-2
248	152	-2
280	152	3
312	152	0
344	152	3
376	152	1
408	152	4
440	152	2
472	152	0
504	152	3
536	152	2
568	152	3
600	152	2
632	152	-1
664	152	-2
696	152	-1
728	152	-3
760	152	-2
792	152	-1
824	152	0
856	152	-3
888	152	0
920	152	1
952	152	0
984	152	0
1016	152	1
25	153	1
57	153	0
89	153	-1
121	153	-1
153	153	0
185	153	-1
217	153	3
249	153	2
281	153	2
313	153	0
345	153	0
377	153	0
409	153	1
441	153	0
473	153	-1
505	153	-2
537	153	-3
569	153	-1
601	153	1
633	153	0
665	153	0
697	153	0
729	153	0
761	153	1
793	153	0
825	153	2
857	153	3
889	153	-3
921	153	0
953	153	0
985	153	0
1017	153	0
26	154	0
58	154	0
90	154	0
122	154	0
154	154	0
186	154	0
218	154	0
250	154	0
282	154	0
314	154	-1
346	154	1
378	154	0
410	154	0
442	154	-1
474	154	0
506	154	0
538	154	0
570	154	0
602	154	0
634	154	0
666	154	0
698	154	-1
730	154	0
762	154	0
794	154	0
826	154	0
858	154	0
890	154	0
922	154	0
954	154	-1
986	154	-1
1018	154	0
27	155	1
59	155	2
91	155	1
123	155	1
155	155	-4
187	155	-4
219	155	3
251	155	3
283	155	4
315	155	2
347	155	-2
379	155	-1
411	155	0
443	155	2
475	155	0
507	155	3
539	155	2
571	155	2
603	155	-2
635	155	-2
667	155	3
699	155	-3
731	155	-4
763	155	-4
795	155	-2
827	155	0
859	155	0
891	155	1
923	155	1
955	155	0
987	155	2
1019	155	0
28	156	0
60	156	0
92	156	1
124	156	2
156	156	-1
188	156	1
220	156	2
252	156	0
284	156	0
316	156	1
348	156	2
380	156	5
412	156	-2
444	156	5
476	156	-3
508	156	-1
540	156	0
572	156	-1
604	156	2
636	156	-2
668	156	-4
700	156	3
732	156	3
764	156	2
796	156	0
828	156	3
860	156	0
892	156	-1
924	156	-2
956	156	2
988	156	1
1020	156	0
29	157	0
61	157	0
93	157	0
125	157	-1
157	157	0
189	157	0
221	157	0
253	157	0
285	157	0
317	157	0
349	157	0
381	157	0
413	157	0
445	157	0
477	157	0
509	157	0
541	157	0
573	157	0
605	157	-1
637	157	0
669	157	0
701	157	0
733	157	-1
765	157	0
797	157	0
829	157	0
861	157	0
893	157	-1
925	157	1
957	157	0
989	157	0
1021	157	-1
30	158	0
62	158	0
94	158	0
126	158	0
158	158	0
190	158	2
222	158	3
254	158	-1
286	158	-1
318	158	0
350	158	0
382	158	1
414	158	3
446	158	3
478	158	0
510	158	-5
542	158	-2
574	158	-3
606	158	-3
638	158	3
670	158	-1
702	158	2
734	158	1
766	158	2
798	158	0
830	158	1
862	158	2
894	158	3
926	158	0
958	158	0
990	158	1
1022	158	0
31	159	1
63	159	0
95	159	1
127	159	0
159	159	4
191	159	2
223	159	3
255	159	0
287	159	0
319	159	0
351	159	0
383	159	-1
415	159	-1
447	159	-2
479	159	-2
511	159	2
543	159	2
575	159	3
607	159	4
639	159	0
671	159	0
703	159	1
735	159	4
767	159	2
799	159	2
831	159	2
863	159	1
895	159	3
927	159	-1
959	159	0
991	159	0
1023	159	0
32	160	1
64	160	-1
96	160	0
128	160	-1
160	160	-2
192	160	0
224	160	-1
256	160	2
288	160	1
320	160	-1
352	160	0
384	160	-2
416	160	0
448	160	4
480	160	0
512	160	2
544	160	2
576	160	0
608	160	0
640	160	2
672	160	2
704	160	-3
736	160	2
768	160	2
800	160	-3
832	160	1
864	160	-3
896	160	4
928	160	-1
960	160	0
992	160	0
1024	160	0
1	161	1
33	161	0
65	161	0
97	161	1
129	161	1
161	161	1
193	161	0
225	161	-2
257	161	0
289	161	1
321	161	2
353	161	2
385	161	3
417	161	2
449	161	1
481	161	-4
513	161	-4
545	161	-4
577	161	-4
609	161	-3
641	161	-3
673	161	-2
705	161	1
737	161	-1
769	161	4
801	161	3
833	161	2
865	161	0
897	161	2
929	161	1
961	161	2
993	161	0
2	162	0
34	162	0
66	162	-1
98	162	1
130	162	1
162	162	0
194	162	-1
226	162	-4
258	162	-2
290	162	-2
322	162	-2
354	162	-4
386	162	0
418	162	0
450	162	2
482	162	2
514	162	0
546	162	2
578	162	-2
610	162	2
642	162	0
674	162	1
706	162	3
738	162	4
770	162	-4
802	162	3
834	162	0
866	162	-2
898	162	-1
930	162	3
962	162	0
994	162	0
3	163	0
35	163	0
67	163	-1
99	163	1
131	163	0
163	163	-2
195	163	-1
227	163	0
259	163	0
291	163	2
323	163	0
355	163	2
387	163	-1
419	163	2
451	163	1
483	163	4
515	163	4
547	163	4
579	163	3
611	163	3
643	163	-2
675	163	-1
707	163	1
739	163	0
771	163	-1
803	163	0
835	163	0
867	163	4
899	163	-1
931	163	-1
963	163	1
995	163	0
4	164	0
36	164	-1
68	164	0
100	164	1
132	164	0
164	164	0
196	164	-5
228	164	0
260	164	1
292	164	7
324	164	3
356	164	3
388	164	3
420	164	-2
452	164	-2
484	164	-2
516	164	-1
548	164	-1
580	164	0
612	164	0
644	164	0
676	164	0
708	164	-1
740	164	0
772	164	-2
804	164	-2
836	164	1
868	164	3
900	164	4
932	164	5
964	164	0
996	164	0
5	165	-1
37	165	1
69	165	2
101	165	1
133	165	-1
165	165	-1
197	165	0
229	165	-2
261	165	2
293	165	1
325	165	3
357	165	-2
389	165	0
421	165	-2
453	165	2
485	165	2
517	165	2
549	165	3
581	165	0
613	165	2
645	165	3
677	165	0
709	165	-1
741	165	-1
773	165	0
805	165	-2
837	165	2
869	165	-5
901	165	1
933	165	1
965	165	0
997	165	1
6	166	0
38	166	0
70	166	-1
102	166	0
134	166	0
166	166	0
198	166	0
230	166	0
262	166	0
294	166	0
326	166	0
358	166	0
390	166	0
422	166	0
454	166	0
486	166	-1
518	166	0
550	166	-1
582	166	-1
614	166	0
646	166	-1
678	166	0
710	166	0
742	166	0
774	166	0
806	166	0
838	166	-1
870	166	-1
902	166	-1
934	166	0
966	166	0
998	166	0
7	167	0
39	167	0
71	167	1
103	167	0
135	167	1
167	167	3
199	167	-1
231	167	0
263	167	0
295	167	2
327	167	2
359	167	-3
391	167	-2
423	167	-4
455	167	-1
487	167	2
519	167	3
551	167	-3
583	167	0
615	167	2
647	167	2
679	167	-2
711	167	0
743	167	2
775	167	2
807	167	0
839	167	4
871	167	0
903	167	1
935	167	0
967	167	-1
999	167	0
8	168	0
40	168	1
72	168	0
104	168	0
136	168	0
168	168	-1
200	168	4
232	168	2
264	168	2
296	168	1
328	168	-3
360	168	-1
392	168	0
424	168	-2
456	168	-1
488	168	0
520	168	2
552	168	-2
584	168	0
616	168	1
648	168	2
680	168	2
712	168	2
744	168	2
776	168	-1
808	168	1
840	168	-3
872	168	0
904	168	1
936	168	2
968	168	-1
1000	168	0
9	169	0
41	169	0
73	169	0
105	169	0
137	169	0
169	169	2
201	169	4
233	169	-1
265	169	2
297	169	1
329	169	1
361	169	0
393	169	-2
425	169	2
457	169	4
489	169	-5
521	169	0
553	169	1
585	169	0
617	169	0
649	169	-3
681	169	-5
713	169	2
745	169	2
777	169	0
809	169	1
841	169	0
873	169	1
905	169	4
937	169	-1
969	169	0
1001	169	0
10	170	0
42	170	1
74	170	0
106	170	1
138	170	-1
170	170	-2
202	170	1
234	170	-1
266	170	-6
298	170	1
330	170	1
362	170	1
394	170	3
426	170	4
458	170	1
490	170	1
522	170	-3
554	170	-3
586	170	-3
618	170	1
650	170	2
682	170	-1
714	170	-1
746	170	1
778	170	2
810	170	2
842	170	2
874	170	2
906	170	2
938	170	2
970	170	1
1002	170	0
11	171	0
43	171	1
75	171	0
107	171	0
139	171	0
171	171	-1
203	171	0
235	171	1
267	171	3
299	171	-1
331	171	-1
363	171	0
395	171	-3
427	171	-1
459	171	0
491	171	0
523	171	0
555	171	0
587	171	-2
619	171	-1
651	171	0
683	171	1
715	171	1
747	171	0
779	171	1
811	171	0
843	171	0
875	171	0
907	171	-1
939	171	1
971	171	-1
1003	171	0
12	172	1
44	172	0
76	172	0
108	172	-1
140	172	-1
172	172	0
204	172	4
236	172	3
268	172	1
300	172	2
332	172	1
364	172	1
396	172	-1
428	172	-2
460	172	-2
492	172	1
524	172	2
556	172	-1
588	172	1
620	172	1
652	172	0
684	172	-1
716	172	1
748	172	-2
780	172	1
812	172	0
844	172	0
876	172	0
908	172	0
940	172	0
972	172	-1
1004	172	0
13	173	1
45	173	0
77	173	1
109	173	1
141	173	-1
173	173	-2
205	173	-3
237	173	-2
269	173	0
301	173	2
333	173	1
365	173	2
397	173	1
429	173	3
461	173	-1
493	173	1
525	173	2
557	173	1
589	173	2
621	173	2
653	173	-1
685	173	-2
717	173	-3
749	173	-3
781	173	-3
813	173	1
845	173	1
877	173	1
909	173	0
941	173	2
973	173	3
1005	173	0
14	174	0
46	174	0
78	174	0
110	174	0
142	174	0
174	174	0
206	174	-1
238	174	-1
270	174	0
302	174	0
334	174	0
366	174	-1
398	174	0
430	174	-1
462	174	0
494	174	0
526	174	0
558	174	0
590	174	-1
622	174	0
654	174	0
686	174	0
718	174	0
750	174	0
782	174	0
814	174	0
846	174	0
878	174	0
910	174	0
942	174	0
974	174	0
1006	174	0
15	175	2
47	175	0
79	175	0
111	175	2
143	175	0
175	175	2
207	175	0
239	175	0
271	175	2
303	175	3
335	175	-1
367	175	1
399	175	0
431	175	-5
463	175	-7
495	175	-6
527	175	-2
559	175	2
591	175	-3
623	175	4
655	175	0
687	175	0
719	175	3
751	175	0
783	175	3
815	175	3
847	175	2
879	175	1
911	175	2
943	175	2
975	175	2
1007	175	0
16	176	0
48	176	0
80	176	-1
112	176	0
144	176	-2
176	176	-4
208	176	-4
240	176	-1
272	176	0
304	176	1
336	176	2
368	176	3
400	176	2
432	176	2
464	176	-1
496	176	1
528	176	-2
560	176	1
592	176	-1
624	176	1
656	176	-1
688	176	-1
720	176	-1
752	176	-2
784	176	3
816	176	0
848	176	0
880	176	0
912	176	2
944	176	1
976	176	0
1008	176	0
17	177	0
49	177	0
81	177	0
113	177	0
145	177	-1
177	177	2
209	177	-5
241	177	0
273	177	-5
305	177	-6
337	177	1
369	177	0
401	177	3
433	177	5
465	177	1
497	177	0
529	177	-1
561	177	-2
593	177	-1
625	177	1
657	177	0
689	177	0
721	177	0
753	177	-3
785	177	3
817	177	1
849	177	0
881	177	4
913	177	-1
945	177	0
977	177	2
1009	177	0
18	178	0
50	178	0
82	178	0
114	178	0
146	178	-3
178	178	0
210	178	4
242	178	2
274	178	0
306	178	-2
338	178	4
370	178	-3
402	178	-3
434	178	4
466	178	3
498	178	-3
530	178	4
562	178	-3
594	178	2
626	178	1
658	178	4
690	178	-2
722	178	-2
754	178	-1
786	178	1
818	178	2
850	178	2
882	178	1
914	178	2
946	178	3
978	178	0
1010	178	0
19	179	-1
51	179	0
83	179	0
115	179	-1
147	179	0
179	179	-1
211	179	0
243	179	3
275	179	3
307	179	4
339	179	2
371	179	0
403	179	-1
435	179	1
467	179	-1
499	179	1
531	179	-1
563	179	0
595	179	0
627	179	-2
659	179	-2
691	179	-4
723	179	-3
755	179	1
787	179	3
819	179	2
851	179	0
883	179	-1
915	179	1
947	179	0
979	179	0
1011	179	0
20	180	1
52	180	0
84	180	0
116	180	0
148	180	0
180	180	1
212	180	0
244	180	2
276	180	-2
308	180	0
340	180	2
372	180	0
404	180	-2
436	180	0
468	180	-2
500	180	-1
532	180	-3
564	180	-3
596	180	-3
628	180	-4
660	180	3
692	180	-1
724	180	0
756	180	3
788	180	3
820	180	2
852	180	2
884	180	0
916	180	1
948	180	0
980	180	0
1012	180	1
21	181	1
53	181	1
85	181	1
117	181	1
149	181	4
181	181	-2
213	181	2
245	181	1
277	181	0
309	181	0
341	181	3
373	181	6
405	181	5
437	181	3
469	181	0
501	181	-2
533	181	-2
565	181	0
597	181	1
629	181	-1
661	181	2
693	181	-2
725	181	0
757	181	0
789	181	1
821	181	0
853	181	0
885	181	2
917	181	0
949	181	1
981	181	0
1013	181	1
22	182	0
54	182	0
86	182	0
118	182	0
150	182	2
182	182	1
214	182	4
246	182	0
278	182	1
310	182	1
342	182	3
374	182	-1
406	182	-2
438	182	-3
470	182	-4
502	182	2
534	182	-3
566	182	-3
598	182	4
630	182	1
662	182	5
694	182	2
726	182	3
758	182	3
790	182	-2
822	182	-5
854	182	1
886	182	-1
918	182	2
950	182	1
982	182	0
1014	182	-1
23	183	-1
55	183	0
87	183	0
119	183	-3
151	183	1
183	183	-1
215	183	2
247	183	-1
279	183	-1
311	183	2
343	183	0
375	183	1
407	183	2
439	183	-1
471	183	0
503	183	3
535	183	3
567	183	-2
599	183	-1
631	183	-3
663	183	0
695	183	3
727	183	0
759	183	-3
791	183	-3
823	183	2
855	183	3
887	183	2
919	183	3
951	183	3
983	183	0
1015	183	0
24	184	0
56	184	0
88	184	0
120	184	0
152	184	2
184	184	1
216	184	-1
248	184	-1
280	184	-2
312	184	4
344	184	0
376	184	0
408	184	1
440	184	-2
472	184	1
504	184	-2
536	184	-3
568	184	0
600	184	6
632	184	-3
664	184	-3
696	184	-1
728	184	-1
760	184	1
792	184	0
824	184	-1
856	184	-2
888	184	2
920	184	4
952	184	1
984	184	0
1016	184	1
25	185	-1
57	185	0
89	185	-1
121	185	3
153	185	0
185	185	0
217	185	-3
249	185	-6
281	185	2
313	185	-1
345	185	2
377	185	-2
409	185	-2
441	185	0
473	185	0
505	185	-2
537	185	-2
569	185	1
601	185	3
633	185	1
665	185	2
697	185	2
729	185	2
761	185	2
793	185	-1
825	185	3
857	185	0
889	185	-7
921	185	-4
953	185	0
985	185	0
1017	185	0
26	186	1
58	186	0
90	186	0
122	186	0
154	186	4
186	186	2
218	186	2
250	186	2
282	186	1
314	186	5
346	186	3
378	186	-1
410	186	5
442	186	0
474	186	4
506	186	-1
538	186	-2
570	186	3
602	186	-2
634	186	-3
666	186	-2
698	186	-2
730	186	0
762	186	1
794	186	1
826	186	2
858	186	0
890	186	-1
922	186	1
954	186	0
986	186	0
1018	186	0
27	187	0
59	187	1
91	187	0
123	187	2
155	187	-3
187	187	-3
219	187	0
251	187	2
283	187	2
315	187	2
347	187	-1
379	187	1
411	187	-2
443	187	3
475	187	3
507	187	3
539	187	3
571	187	2
603	187	-1
635	187	0
667	187	4
699	187	-3
731	187	-4
763	187	-4
795	187	-4
827	187	-3
859	187	-1
891	187	0
923	187	1
955	187	0
987	187	2
1019	187	-1
28	188	0
60	188	0
92	188	1
124	188	1
156	188	0
188	188	1
220	188	2
252	188	2
284	188	0
316	188	1
348	188	2
380	188	5
412	188	-2
444	188	5
476	188	-3
508	188	-2
540	188	0
572	188	-2
604	188	0
636	188	-2
668	188	-3
700	188	3
732	188	3
764	188	2
796	188	0
828	188	2
860	188	0
892	188	0
924	188	-2
956	188	1
988	188	1
1020	188	0
29	189	0
61	189	0
93	189	0
125	189	0
157	189	0
189	189	4
221	189	-1
253	189	2
285	189	0
317	189	2
349	189	-1
381	189	2
413	189	0
445	189	-1
477	189	0
509	189	-3
541	189	2
573	189	-1
605	189	-2
637	189	-2
669	189	3
701	189	2
733	189	1
765	189	2
797	189	3
829	189	3
861	189	3
893	189	0
925	189	1
957	189	-3
989	189	0
1021	189	0
30	190	0
62	190	0
94	190	0
126	190	1
158	190	-1
190	190	-3
222	190	0
254	190	0
286	190	-2
318	190	-1
350	190	0
382	190	0
414	190	1
446	190	0
478	190	-1
510	190	2
542	190	0
574	190	-1
606	190	-2
638	190	2
670	190	0
702	190	3
734	190	-1
766	190	0
798	190	0
830	190	1
862	190	1
894	190	1
926	190	-3
958	190	-1
990	190	0
1022	190	0
31	191	1
63	191	1
95	191	1
127	191	2
159	191	4
191	191	1
223	191	3
255	191	0
287	191	1
319	191	-1
351	191	0
383	191	0
415	191	-1
447	191	-2
479	191	-2
511	191	3
543	191	3
575	191	4
607	191	4
639	191	0
671	191	2
703	191	1
735	191	-2
767	191	1
799	191	1
831	191	1
863	191	0
895	191	3
927	191	1
959	191	0
991	191	0
1023	191	0
32	192	-1
64	192	0
96	192	0
128	192	-3
160	192	-2
192	192	-4
224	192	-4
256	192	-1
288	192	-3
320	192	-3
352	192	2
384	192	3
416	192	0
448	192	-1
480	192	1
512	192	2
544	192	0
576	192	0
608	192	-2
640	192	2
672	192	1
704	192	1
736	192	0
768	192	0
800	192	0
832	192	0
864	192	0
896	192	2
928	192	-3
960	192	-1
992	192	0
1024	192	0
1	193	0
33	193	0
65	193	0
97	193	1
129	193	0
161	193	3
193	193	3
225	193	-3
257	193	3
289	193	-1
321	193	0
353	193	1
385	193	1
417	193	2
449	193	3
481	193	0
513	193	-3
545	193	-4
577	193	2
609	193	2
641	193	2
673	193	2
705	193	-1
737	193	3
769	193	3
801	193	-3
833	193	-4
865	193	-1
897	193	-5
929	193	0
961	193	1
993	193	0
2	194	0
34	194	0
66	194	0
98	194	1
130	194	1
162	194	0
194	194	2
226	194	-3
258	194	-1
290	194	-1
322	194	4
354	194	4
386	194	1
418	194	1
450	194	-3
482	194	3
514	194	2
546	194	-3
578	194	3
610	194	0
642	194	3
674	194	-1
706	194	2
738	194	2
770	194	-3
802	194	4
834	194	-2
866	194	-1
898	194	1
930	194	1
962	194	0
994	194	0
3	195	0
35	195	0
67	195	0
99	195	0
131	195	1
163	195	-3
195	195	-1
227	195	0
259	195	1
291	195	1
323	195	1
355	195	1
387	195	-1
419	195	0
451	195	-2
483	195	3
515	195	4
547	195	4
579	195	4
611	195	3
643	195	-2
675	195	2
707	195	4
739	195	1
771	195	-1
803	195	-4
835	195	1
867	195	4
899	195	-2
931	195	-1
963	195	0
995	195	-1
4	196	0
36	196	0
68	196	0
100	196	1
132	196	0
164	196	1
196	196	-1
228	196	-4
260	196	0
292	196	7
324	196	4
356	196	3
388	196	3
420	196	-1
452	196	4
484	196	-1
516	196	-2
548	196	1
580	196	-1
612	196	0
644	196	0
676	196	4
708	196	1
740	196	-1
772	196	-3
804	196	-3
836	196	1
868	196	2
900	196	4
932	196	6
964	196	0
996	196	0
5	197	0
37	197	1
69	197	1
101	197	0
133	197	2
165	197	0
197	197	-2
229	197	2
261	197	-2
293	197	-2
325	197	-2
357	197	0
389	197	-1
421	197	-1
453	197	-1
485	197	-1
517	197	2
549	197	1
581	197	1
613	197	1
645	197	1
677	197	2
709	197	0
741	197	1
773	197	-1
805	197	-3
837	197	-1
869	197	5
901	197	-3
933	197	2
965	197	0
997	197	0
6	198	0
38	198	0
70	198	1
102	198	0
134	198	-1
166	198	-1
198	198	1
230	198	3
262	198	2
294	198	-1
326	198	0
358	198	1
390	198	0
422	198	1
454	198	1
486	198	-2
518	198	-3
550	198	2
582	198	5
614	198	-1
646	198	-2
678	198	0
710	198	1
742	198	-1
774	198	1
806	198	2
838	198	0
870	198	0
902	198	5
934	198	2
966	198	0
998	198	0
7	199	0
39	199	-1
71	199	0
103	199	0
135	199	-3
167	199	-3
199	199	2
231	199	3
263	199	3
295	199	-1
327	199	2
359	199	3
391	199	1
423	199	-1
455	199	1
487	199	3
519	199	-3
551	199	0
583	199	4
615	199	3
647	199	0
679	199	0
711	199	-3
743	199	-3
775	199	-1
807	199	0
839	199	-3
871	199	0
903	199	2
935	199	1
967	199	0
999	199	0
8	200	0
40	200	0
72	200	1
104	200	0
136	200	1
168	200	-1
200	200	1
232	200	0
264	200	-1
296	200	1
328	200	-2
360	200	2
392	200	1
424	200	-2
456	200	2
488	200	-4
520	200	-4
552	200	3
584	200	4
616	200	3
648	200	2
680	200	1
712	200	1
744	200	1
776	200	4
808	200	2
840	200	-4
872	200	-2
904	200	-1
936	200	2
968	200	2
1000	200	0
9	201	0
41	201	1
73	201	0
105	201	0
137	201	0
169	201	-5
201	201	-5
233	201	0
265	201	-4
297	201	-4
329	201	-4
361	201	2
393	201	1
425	201	2
457	201	4
489	201	2
521	201	-2
553	201	2
585	201	2
617	201	-3
649	201	2
681	201	2
713	201	-4
745	201	-3
777	201	-1
809	201	1
841	201	2
873	201	0
905	201	0
937	201	1
969	201	-1
1001	201	1
10	202	0
42	202	-1
74	202	0
106	202	0
138	202	0
170	202	0
202	202	0
234	202	0
266	202	0
298	202	0
330	202	0
362	202	-1
394	202	0
426	202	-1
458	202	0
490	202	0
522	202	0
554	202	0
586	202	0
618	202	-1
650	202	0
682	202	0
714	202	-1
746	202	0
778	202	0
810	202	0
842	202	0
874	202	0
906	202	0
938	202	-1
970	202	0
1002	202	0
11	203	0
43	203	1
75	203	1
107	203	0
139	203	0
171	203	-3
203	203	-1
235	203	-1
267	203	1
299	203	-1
331	203	3
363	203	2
395	203	-3
427	203	4
459	203	3
491	203	-1
523	203	5
555	203	-3
587	203	-4
619	203	-4
651	203	-3
683	203	-3
715	203	3
747	203	-1
779	203	3
811	203	1
843	203	1
875	203	1
907	203	2
939	203	1
971	203	0
1003	203	0
12	204	0
44	204	0
76	204	0
108	204	0
140	204	0
172	204	0
204	204	0
236	204	2
268	204	2
300	204	2
332	204	3
364	204	1
396	204	0
428	204	0
460	204	1
492	204	0
524	204	-2
556	204	2
588	204	2
620	204	0
652	204	-2
684	204	-3
716	204	1
748	204	-3
780	204	-1
812	204	1
844	204	2
876	204	1
908	204	-2
940	204	-1
972	204	-2
1004	204	0
13	205	1
45	205	0
77	205	0
109	205	0
141	205	-1
173	205	-2
205	205	-4
237	205	-3
269	205	-1
301	205	0
333	205	2
365	205	0
397	205	2
429	205	2
461	205	2
493	205	1
525	205	2
557	205	2
589	205	2
621	205	-3
653	205	-2
685	205	-1
717	205	-3
749	205	-3
781	205	-4
813	205	2
845	205	0
877	205	1
909	205	0
941	205	2
973	205	2
1005	205	0
14	206	2
46	206	1
78	206	0
110	206	-1
142	206	0
174	206	2
206	206	1
238	206	1
270	206	-1
302	206	4
334	206	2
366	206	2
398	206	1
430	206	0
462	206	5
494	206	2
526	206	1
558	206	-3
590	206	-5
622	206	-4
654	206	-2
686	206	-1
718	206	2
750	206	3
782	206	0
814	206	-2
846	206	1
878	206	0
910	206	3
942	206	2
974	206	1
1006	206	1
15	207	0
47	207	0
79	207	0
111	207	-1
143	207	-1
175	207	0
207	207	0
239	207	0
271	207	0
303	207	0
335	207	0
367	207	0
399	207	-1
431	207	0
463	207	-1
495	207	0
527	207	0
559	207	-1
591	207	0
623	207	0
655	207	0
687	207	-1
719	207	0
751	207	0
783	207	0
815	207	0
847	207	-1
879	207	0
911	207	0
943	207	0
975	207	0
1007	207	0
16	208	0
48	208	0
80	208	0
112	208	0
144	208	5
176	208	4
208	208	3
240	208	1
272	208	0
304	208	1
336	208	-2
368	208	-1
400	208	-3
432	208	-2
464	208	0
496	208	-1
528	208	-1
560	208	2
592	208	2
624	208	1
656	208	-2
688	208	2
720	208	1
752	208	2
784	208	-1
816	208	1
848	208	-1
880	208	-2
912	208	-2
944	208	1
976	208	1
1008	208	1
17	209	0
49	209	0
81	209	0
113	209	0
145	209	0
177	209	0
209	209	0
241	209	0
273	209	1
305	209	1
337	209	-2
369	209	3
401	209	2
433	209	2
465	209	2
497	209	-4
529	209	-2
561	209	-2
593	209	-2
625	209	3
657	209	1
689	209	0
721	209	-1
753	209	1
785	209	-2
817	209	2
849	209	4
881	209	5
913	209	-1
945	209	0
977	209	1
1009	209	0
18	210	0
50	210	0
82	210	0
114	210	0
146	210	-2
178	210	1
210	210	3
242	210	2
274	210	-1
306	210	-2
338	210	3
370	210	-5
402	210	-4
434	210	4
466	210	2
498	210	-3
530	210	3
562	210	-3
594	210	2
626	210	4
658	210	4
690	210	-1
722	210	0
754	210	-1
786	210	2
818	210	1
850	210	2
882	210	3
914	210	3
946	210	4
978	210	0
1010	210	0
19	211	1
51	211	0
83	211	0
115	211	0
147	211	-1
179	211	0
211	211	1
243	211	-2
275	211	0
307	211	2
339	211	4
371	211	0
403	211	-1
435	211	-1
467	211	2
499	211	-1
531	211	0
563	211	-1
595	211	-1
627	211	-1
659	211	1
691	211	0
723	211	1
755	211	-1
787	211	-1
819	211	-1
851	211	2
883	211	1
915	211	1
947	211	0
979	211	0
1011	211	-1
20	212	0
52	212	1
84	212	-1
116	212	0
148	212	1
180	212	2
212	212	-3
244	212	1
276	212	1
308	212	-1
340	212	-2
372	212	3
404	212	3
436	212	-3
468	212	4
500	212	4
532	212	2
564	212	2
596	212	0
628	212	2
660	212	-2
692	212	2
724	212	3
756	212	2
788	212	-4
820	212	3
852	212	-5
884	212	-1
916	212	3
948	212	0
980	212	1
1012	212	1
21	213	0
53	213	0
85	213	1
117	213	0
149	213	-3
181	213	3
213	213	-1
245	213	1
277	213	1
309	213	1
341	213	-2
373	213	-5
405	213	-4
437	213	0
469	213	2
501	213	0
533	213	2
565	213	1
597	213	1
629	213	2
661	213	-1
693	213	3
725	213	0
757	213	-1
789	213	1
821	213	3
853	213	4
885	213	-1
917	213	3
949	213	1
981	213	0
1013	213	1
22	214	-1
54	214	0
86	214	0
118	214	0
150	214	2
182	214	-1
214	214	0
246	214	0
278	214	0
310	214	2
342	214	2
374	214	-1
406	214	-1
438	214	-2
470	214	-1
502	214	1
534	214	-3
566	214	-2
598	214	3
630	214	2
662	214	4
694	214	1
726	214	3
758	214	2
790	214	0
822	214	-5
854	214	-2
886	214	-2
918	214	2
950	214	1
982	214	0
1014	214	0
23	215	0
55	215	0
87	215	0
119	215	0
151	215	0
183	215	2
215	215	1
247	215	-1
279	215	-2
311	215	3
343	215	0
375	215	-1
407	215	-4
439	215	4
471	215	3
503	215	0
535	215	3
567	215	1
599	215	0
631	215	-4
663	215	2
695	215	6
727	215	0
759	215	-2
791	215	-1
823	215	3
855	215	0
887	215	2
919	215	3
951	215	2
983	215	0
1015	215	0
24	216	1
56	216	0
88	216	0
120	216	0
152	216	1
184	216	1
216	216	0
248	216	1
280	216	3
312	216	1
344	216	0
376	216	-1
408	216	-5
440	216	-2
472	216	1
504	216	-2
536	216	-2
568	216	-3
600	216	-4
632	216	2
664	216	2
696	216	1
728	216	0
760	216	2
792	216	2
824	216	1
856	216	2
888	216	-2
920	216	-1
952	216	0
984	216	0
1016	216	1
25	217	0
57	217	0
89	217	0
121	217	0
153	217	0
185	217	-1
217	217	0
249	217	0
281	217	0
313	217	0
345	217	0
377	217	-1
409	217	-1
441	217	0
473	217	0
505	217	-1
537	217	0
569	217	0
601	217	-1
633	217	0
665	217	0
697	217	0
729	217	0
761	217	0
793	217	0
825	217	-1
857	217	0
889	217	1
921	217	0
953	217	0
985	217	0
1017	217	0
26	218	1
58	218	0
90	218	0
122	218	0
154	218	-2
186	218	-1
218	218	1
250	218	1
282	218	-1
314	218	0
346	218	-3
378	218	-1
410	218	-5
442	218	-2
474	218	1
506	218	2
538	218	4
570	218	1
602	218	4
634	218	4
666	218	4
698	218	4
730	218	0
762	218	-1
794	218	-3
826	218	-5
858	218	-1
890	218	-5
922	218	1
954	218	-1
986	218	0
1018	218	0
27	219	0
59	219	1
91	219	0
123	219	1
155	219	-3
187	219	0
219	219	-1
251	219	-1
283	219	1
315	219	3
347	219	2
379	219	2
411	219	3
443	219	-3
475	219	-1
507	219	-2
539	219	0
571	219	-2
603	219	4
635	219	2
667	219	-5
699	219	0
731	219	2
763	219	1
795	219	2
827	219	3
859	219	0
891	219	0
923	219	-1
955	219	0
987	219	0
1019	219	0
28	220	0
60	220	1
92	220	1
124	220	1
156	220	0
188	220	-2
220	220	0
252	220	0
284	220	2
316	220	1
348	220	1
380	220	2
412	220	0
444	220	4
476	220	-4
508	220	-3
540	220	0
572	220	3
604	220	-4
636	220	2
668	220	4
700	220	-5
732	220	-1
764	220	-1
796	220	-1
828	220	3
860	220	0
892	220	-2
924	220	0
956	220	1
988	220	1
1020	220	0
29	221	0
61	221	0
93	221	0
125	221	1
157	221	1
189	221	4
221	221	0
253	221	-3
285	221	4
317	221	0
349	221	-4
381	221	5
413	221	0
445	221	0
477	221	-2
509	221	-2
541	221	-1
573	221	-3
605	221	-2
637	221	-2
669	221	3
701	221	2
733	221	2
765	221	2
797	221	2
829	221	3
861	221	3
893	221	2
925	221	0
957	221	3
989	221	1
1021	221	0
30	222	0
62	222	0
94	222	0
126	222	-1
158	222	0
190	222	0
222	222	0
254	222	0
286	222	0
318	222	0
350	222	0
382	222	0
414	222	0
446	222	0
478	222	0
510	222	0
542	222	0
574	222	0
606	222	-1
638	222	0
670	222	0
702	222	0
734	222	0
766	222	0
798	222	0
830	222	0
862	222	0
894	222	-1
926	222	0
958	222	0
990	222	0
1022	222	0
31	223	1
63	223	0
95	223	2
127	223	-2
159	223	0
191	223	3
223	223	1
255	223	-2
287	223	-1
319	223	1
351	223	1
383	223	2
415	223	0
447	223	0
479	223	1
511	223	1
543	223	0
575	223	-1
607	223	-1
639	223	0
671	223	-1
703	223	-1
735	223	7
767	223	0
799	223	1
831	223	-1
863	223	2
895	223	-3
927	223	5
959	223	0
991	223	0
1023	223	-1
32	224	0
64	224	0
96	224	0
128	224	-2
160	224	-2
192	224	2
224	224	0
256	224	1
288	224	2
320	224	1
352	224	0
384	224	-2
416	224	2
448	224	-1
480	224	3
512	224	3
544	224	2
576	224	3
608	224	0
640	224	1
672	224	-2
704	224	-2
736	224	3
768	224	1
800	224	0
832	224	1
864	224	4
896	224	1
928	224	0
960	224	1
992	224	0
1024	224	0
1	225	0
33	225	0
65	225	0
97	225	0
129	225	0
161	225	0
193	225	-2
225	225	2
257	225	-5
289	225	3
321	225	3
353	225	2
385	225	2
417	225	1
449	225	-4
481	225	-4
513	225	-2
545	225	0
577	225	0
609	225	0
641	225	1
673	225	1
705	225	2
737	225	-6
769	225	-2
801	225	1
833	225	1
865	225	1
897	225	-1
929	225	0
961	225	1
993	225	0
2	226	0
34	226	0
66	226	0
98	226	1
130	226	1
162	226	1
194	226	0
226	226	4
258	226	2
290	226	3
322	226	1
354	226	1
386	226	0
418	226	-2
450	226	4
482	226	-4
514	226	-1
546	226	3
578	226	3
610	226	0
642	226	0
674	226	-1
706	226	-1
738	226	-2
770	226	1
802	226	-3
834	226	2
866	226	2
898	226	0
930	226	-2
962	226	0
994	226	0
3	227	0
35	227	0
67	227	0
99	227	0
131	227	0
163	227	0
195	227	0
227	227	1
259	227	1
291	227	1
323	227	0
355	227	2
387	227	0
419	227	2
451	227	1
483	227	-1
515	227	2
547	227	4
579	227	3
611	227	3
643	227	1
675	227	0
707	227	2
739	227	-2
771	227	-1
803	227	-1
835	227	-1
867	227	5
899	227	-1
931	227	0
963	227	1
995	227	0
4	228	0
36	228	0
68	228	0
100	228	1
132	228	0
164	228	0
196	228	-2
228	228	2
260	228	0
292	228	-7
324	228	-1
356	228	-1
388	228	-1
420	228	2
452	228	1
484	228	3
516	228	0
548	228	2
580	228	3
612	228	0
644	228	0
676	228	-2
708	228	1
740	228	0
772	228	0
804	228	4
836	228	0
868	228	0
900	228	-1
932	228	-1
964	228	1
996	228	0
5	229	-1
37	229	1
69	229	1
101	229	1
133	229	-1
165	229	-1
197	229	1
229	229	-1
261	229	1
293	229	1
325	229	1
357	229	-2
389	229	0
421	229	1
453	229	2
485	229	3
517	229	2
549	229	1
581	229	-1
613	229	0
645	229	1
677	229	0
709	229	-1
741	229	-1
773	229	-1
805	229	-1
837	229	0
869	229	-4
901	229	1
933	229	0
965	229	0
997	229	0
6	230	2
38	230	0
70	230	2
102	230	0
134	230	4
166	230	3
198	230	-1
230	230	-1
262	230	2
294	230	-1
326	230	-1
358	230	4
390	230	0
422	230	-1
454	230	3
486	230	1
518	230	1
550	230	-3
582	230	-2
614	230	-3
646	230	3
678	230	3
710	230	0
742	230	0
774	230	3
806	230	3
838	230	-1
870	230	-5
902	230	-2
934	230	-1
966	230	0
998	230	1
7	231	0
39	231	0
71	231	1
103	231	0
135	231	-1
167	231	-1
199	231	0
231	231	0
263	231	0
295	231	0
327	231	-1
359	231	3
391	231	1
423	231	-1
455	231	3
487	231	3
519	231	-1
551	231	-2
583	231	2
615	231	3
647	231	2
679	231	3
711	231	4
743	231	4
775	231	-3
807	231	-2
839	231	-7
871	231	0
903	231	1
935	231	1
967	231	1
999	231	0
8	232	0
40	232	1
72	232	2
104	232	0
136	232	1
168	232	1
200	232	1
232	232	2
264	232	1
296	232	1
328	232	-3
360	232	2
392	232	-5
424	232	-1
456	232	1
488	232	-4
520	232	-2
552	232	3
584	232	3
616	232	3
648	232	1
680	232	1
712	232	2
744	232	2
776	232	2
808	232	2
840	232	-3
872	232	-2
904	232	2
936	232	0
968	232	-1
1000	232	0
9	233	0
41	233	0
73	233	0
105	233	0
137	233	-1
169	233	-5
201	233	-3
233	233	-1
265	233	-2
297	233	-2
329	233	-2
361	233	0
393	233	1
425	233	1
457	233	-1
489	233	4
521	233	2
553	233	2
585	233	2
617	233	-2
649	233	2
681	233	1
713	233	-2
745	233	-3
777	233	0
809	233	-1
841	233	2
873	233	2
905	233	1
937	233	2
969	233	-1
1001	233	0
10	234	0
42	234	0
74	234	0
106	234	0
138	234	1
170	234	1
202	234	4
234	234	3
266	234	1
298	234	-3
330	234	4
362	234	3
394	234	7
426	234	-7
458	234	-4
490	234	-2
522	234	-1
554	234	0
586	234	0
618	234	0
650	234	1
682	234	-1
714	234	-2
746	234	2
778	234	1
810	234	4
842	234	3
874	234	2
906	234	3
938	234	0
970	234	0
1002	234	1
11	235	0
43	235	0
75	235	-1
107	235	2
139	235	5
171	235	4
203	235	1
235	235	2
267	235	0
299	235	2
331	235	-1
363	235	-3
395	235	-5
427	235	3
459	235	7
491	235	3
523	235	-4
555	235	-2
587	235	0
619	235	0
651	235	3
683	235	1
715	235	2
747	235	3
779	235	0
811	235	2
843	235	0
875	235	-1
907	235	0
939	235	0
971	235	0
1003	235	0
12	236	0
44	236	0
76	236	0
108	236	0
140	236	-1
172	236	1
204	236	0
236	236	0
268	236	0
300	236	0
332	236	0
364	236	0
396	236	0
428	236	-1
460	236	0
492	236	0
524	236	0
556	236	-1
588	236	0
620	236	0
652	236	0
684	236	0
716	236	0
748	236	-1
780	236	0
812	236	-1
844	236	0
876	236	0
908	236	-1
940	236	0
972	236	0
1004	236	0
13	237	0
45	237	0
77	237	0
109	237	0
141	237	0
173	237	0
205	237	0
237	237	0
269	237	0
301	237	0
333	237	0
365	237	0
397	237	0
429	237	-1
461	237	0
493	237	0
525	237	0
557	237	0
589	237	0
621	237	0
653	237	0
685	237	0
717	237	0
749	237	0
781	237	0
813	237	0
845	237	0
877	237	0
909	237	0
941	237	-1
973	237	0
1005	237	0
14	238	1
46	238	1
78	238	0
110	238	-3
142	238	0
174	238	-1
206	238	-6
238	238	-2
270	238	2
302	238	-1
334	238	-1
366	238	0
398	238	3
430	238	0
462	238	-1
494	238	-2
526	238	-1
558	238	0
590	238	0
622	238	2
654	238	-1
686	238	-2
718	238	-1
750	238	6
782	238	0
814	238	0
846	238	0
878	238	0
910	238	-1
942	238	2
974	238	2
1006	238	0
15	239	0
47	239	0
79	239	0
111	239	0
143	239	-3
175	239	-2
207	239	-4
239	239	0
271	239	3
303	239	-2
335	239	0
367	239	3
399	239	4
431	239	4
463	239	1
495	239	-2
527	239	-2
559	239	-4
591	239	2
623	239	-2
655	239	0
687	239	1
719	239	1
751	239	0
783	239	-3
815	239	-2
847	239	-2
879	239	1
911	239	2
943	239	-1
975	239	2
1007	239	0
16	240	0
48	240	0
80	240	0
112	240	0
144	240	0
176	240	-1
208	240	-2
240	240	0
272	240	0
304	240	1
336	240	1
368	240	1
400	240	3
432	240	2
464	240	3
496	240	-3
528	240	4
560	240	-2
592	240	-2
624	240	-2
656	240	2
688	240	1
720	240	-1
752	240	0
784	240	1
816	240	0
848	240	1
880	240	2
912	240	3
944	240	1
976	240	0
1008	240	0
17	241	0
49	241	0
81	241	1
113	241	0
145	241	-3
177	241	1
209	241	-7
241	241	1
273	241	-7
305	241	-7
337	241	3
369	241	3
401	241	4
433	241	4
465	241	1
497	241	-2
529	241	-2
561	241	-1
593	241	0
625	241	0
657	241	1
689	241	2
721	241	0
753	241	-3
785	241	6
817	241	-2
849	241	0
881	241	2
913	241	1
945	241	0
977	241	2
1009	241	0
18	242	0
50	242	0
82	242	0
114	242	0
146	242	0
178	242	-1
210	242	0
242	242	0
274	242	0
306	242	1
338	242	-1
370	242	2
402	242	1
434	242	-1
466	242	1
498	242	1
530	242	0
562	242	1
594	242	0
626	242	-4
658	242	-3
690	242	0
722	242	2
754	242	1
786	242	0
818	242	1
850	242	0
882	242	1
914	242	2
946	242	-1
978	242	0
1010	242	0
19	243	-1
51	243	0
83	243	0
115	243	0
147	243	-2
179	243	-4
211	243	1
243	243	2
275	243	0
307	243	0
339	243	1
371	243	2
403	243	2
435	243	2
467	243	-1
499	243	2
531	243	-2
563	243	1
595	243	2
627	243	2
659	243	1
691	243	-2
723	243	-2
755	243	1
787	243	2
819	243	2
851	243	-3
883	243	-1
915	243	0
947	243	0
979	243	-1
1011	243	0
20	244	1
52	244	1
84	244	-1
116	244	0
148	244	1
180	244	-1
212	244	2
244	244	2
276	244	-2
308	244	2
340	244	2
372	244	0
404	244	-4
436	244	2
468	244	-3
500	244	-4
532	244	0
564	244	-2
596	244	-3
628	244	-3
660	244	3
692	244	-1
724	244	-2
756	244	1
788	244	4
820	244	1
852	244	4
884	244	-1
916	244	0
948	244	2
980	244	1
1012	244	1
21	245	1
53	245	0
85	245	1
117	245	1
149	245	-2
181	245	1
213	245	1
245	245	-3
277	245	-3
309	245	0
341	245	0
373	245	-3
405	245	-3
437	245	-4
469	245	1
501	245	2
533	245	3
565	245	1
597	245	2
629	245	1
661	245	0
693	245	1
725	245	0
757	245	-2
789	245	-1
821	245	2
853	245	4
885	245	2
917	245	1
949	245	1
981	245	0
1013	245	1
22	246	0
54	246	0
86	246	0
118	246	0
150	246	0
182	246	0
214	246	0
246	246	-1
278	246	0
310	246	-1
342	246	0
374	246	0
406	246	0
438	246	0
470	246	0
502	246	0
534	246	0
566	246	0
598	246	0
630	246	-1
662	246	0
694	246	0
726	246	0
758	246	0
790	246	0
822	246	0
854	246	0
886	246	0
918	246	0
950	246	0
982	246	0
1014	246	0
23	247	0
55	247	0
87	247	1
119	247	3
151	247	0
183	247	1
215	247	-2
247	247	2
279	247	1
311	247	-2
343	247	0
375	247	2
407	247	2
439	247	-3
471	247	-3
503	247	2
535	247	-2
567	247	3
599	247	4
631	247	4
663	247	1
695	247	-6
727	247	-1
759	247	1
791	247	1
823	247	-2
855	247	-1
887	247	-4
919	247	-5
951	247	-4
983	247	0
1015	247	0
24	248	0
56	248	0
88	248	0
120	248	0
152	248	0
184	248	1
216	248	2
248	248	1
280	248	0
312	248	-2
344	248	1
376	248	-1
408	248	5
440	248	-1
472	248	0
504	248	-2
536	248	-1
568	248	-4
600	248	-2
632	248	1
664	248	2
696	248	2
728	248	2
760	248	2
792	248	4
824	248	1
856	248	5
888	248	-2
920	248	-1
952	248	0
984	248	1
1016	248	1
25	249	0
57	249	-1
89	249	0
121	249	1
153	249	0
185	249	0
217	249	3
249	249	6
281	249	2
313	249	2
345	249	2
377	249	2
409	249	1
441	249	5
473	249	4
505	249	-2
537	249	-3
569	249	-2
601	249	1
633	249	1
665	249	0
697	249	-2
729	249	-1
761	249	0
793	249	1
825	249	-4
857	249	-3
889	249	4
921	249	5
953	249	0
985	249	0
1017	249	1
26	250	1
58	250	0
90	250	0
122	250	0
154	250	-4
186	250	-1
218	250	-2
250	250	0
282	250	3
314	250	-3
346	250	-1
378	250	3
410	250	-6
442	250	2
474	250	-2
506	250	1
538	250	3
570	250	-2
602	250	3
634	250	2
666	250	2
698	250	2
730	250	-1
762	250	0
794	250	2
826	250	2
858	250	-1
890	250	0
922	250	0
954	250	0
986	250	0
1018	250	1
27	251	0
59	251	1
91	251	0
123	251	1
155	251	4
187	251	2
219	251	1
251	251	-1
283	251	-1
315	251	0
347	251	-2
379	251	-2
411	251	-2
443	251	1
475	251	-1
507	251	1
539	251	-1
571	251	2
603	251	-2
635	251	1
667	251	1
699	251	3
731	251	2
763	251	2
795	251	-1
827	251	-3
859	251	-4
891	251	-6
923	251	0
955	251	1
987	251	0
1019	251	0
28	252	0
60	252	0
92	252	1
124	252	0
156	252	-5
188	252	-5
220	252	-1
252	252	1
284	252	4
316	252	1
348	252	1
380	252	-1
412	252	1
444	252	1
476	252	0
508	252	-3
540	252	0
572	252	2
604	252	-4
636	252	2
668	252	3
700	252	-5
732	252	-2
764	252	0
796	252	-1
828	252	0
860	252	-1
892	252	-3
924	252	-2
956	252	1
988	252	0
1020	252	0
29	253	0
61	253	0
93	253	-1
125	253	0
157	253	-2
189	253	3
221	253	0
253	253	0
285	253	2
317	253	3
349	253	-2
381	253	2
413	253	3
445	253	2
477	253	2
509	253	-2
541	253	1
573	253	-4
605	253	-3
637	253	-1
669	253	2
701	253	2
733	253	2
765	253	2
797	253	1
829	253	2
861	253	4
893	253	2
925	253	0
957	253	-2
989	253	0
1021	253	0
30	254	0
62	254	0
94	254	0
126	254	0
158	254	0
190	254	0
222	254	0
254	254	0
286	254	0
318	254	0
350	254	0
382	254	-1
414	254	0
446	254	-1
478	254	-1
510	254	0
542	254	0
574	254	-1
606	254	0
638	254	-1
670	254	1
702	254	0
734	254	0
766	254	0
798	254	0
830	254	0
862	254	0
894	254	0
926	254	0
958	254	0
990	254	1
1022	254	0
31	255	2
63	255	0
95	255	2
127	255	-1
159	255	-4
191	255	0
223	255	-2
255	255	-1
287	255	4
319	255	3
351	255	2
383	255	2
415	255	2
447	255	2
479	255	2
511	255	-3
543	255	-3
575	255	-4
607	255	-3
639	255	0
671	255	-1
703	255	0
735	255	4
767	255	-3
799	255	0
831	255	0
863	255	2
895	255	0
927	255	1
959	255	0
991	255	1
1023	255	-1
32	256	1
64	256	0
96	256	0
128	256	-2
160	256	-2
192	256	-1
224	256	0
256	256	2
288	256	0
320	256	-1
352	256	0
384	256	-1
416	256	3
448	256	0
480	256	-1
512	256	3
544	256	2
576	256	1
608	256	1
640	256	-1
672	256	2
704	256	-1
736	256	1
768	256	0
800	256	-2
832	256	1
864	256	1
896	256	4
928	256	-1
960	256	0
992	256	0
1024	256	0
1	257	1
33	257	0
65	257	-1
97	257	0
129	257	0
161	257	-1
193	257	-2
225	257	1
257	257	-2
289	257	3
321	257	4
353	257	4
385	257	2
417	257	0
449	257	-2
481	257	-4
513	257	-2
545	257	-1
577	257	-1
609	257	-3
641	257	-2
673	257	-3
705	257	1
737	257	-2
769	257	0
801	257	3
833	257	4
865	257	3
897	257	2
929	257	0
961	257	1
993	257	0
2	258	0
34	258	0
66	258	0
98	258	1
130	258	0
162	258	1
194	258	2
226	258	1
258	258	1
290	258	0
322	258	-3
354	258	-3
386	258	0
418	258	1
450	258	1
482	258	4
514	258	1
546	258	0
578	258	-3
610	258	3
642	258	-1
674	258	1
706	258	3
738	258	3
770	258	-4
802	258	3
834	258	0
866	258	-3
898	258	-1
930	258	2
962	258	0
994	258	0
3	259	0
35	259	-1
67	259	-1
99	259	0
131	259	0
163	259	-1
195	259	2
227	259	2
259	259	-2
291	259	1
323	259	2
355	259	4
387	259	1
419	259	3
451	259	1
483	259	0
515	259	2
547	259	1
579	259	2
611	259	1
643	259	1
675	259	-3
707	259	-1
739	259	1
771	259	0
803	259	1
835	259	0
867	259	4
899	259	3
931	259	2
963	259	0
995	259	0
4	260	0
36	260	0
68	260	0
100	260	0
132	260	0
164	260	0
196	260	-3
228	260	-1
260	260	2
292	260	7
324	260	-2
356	260	1
388	260	4
420	260	5
452	260	4
484	260	1
516	260	0
548	260	0
580	260	0
612	260	0
644	260	0
676	260	4
708	260	-3
740	260	2
772	260	-4
804	260	-3
836	260	0
868	260	-3
900	260	0
932	260	3
964	260	0
996	260	0
5	261	0
37	261	0
69	261	1
101	261	1
133	261	0
165	261	-1
197	261	-1
229	261	0
261	261	0
293	261	1
325	261	0
357	261	-4
389	261	1
421	261	-1
453	261	1
485	261	3
517	261	3
549	261	2
581	261	0
613	261	3
645	261	3
677	261	3
709	261	2
741	261	0
773	261	-1
805	261	-1
837	261	0
869	261	0
901	261	-3
933	261	1
965	261	0
997	261	0
6	262	1
38	262	1
70	262	0
102	262	0
134	262	-2
166	262	-1
198	262	3
230	262	1
262	262	1
294	262	1
326	262	0
358	262	4
390	262	0
422	262	0
454	262	1
486	262	0
518	262	-1
550	262	1
582	262	1
614	262	-3
646	262	1
678	262	1
710	262	2
742	262	-1
774	262	-1
806	262	1
838	262	1
870	262	-2
902	262	0
934	262	0
966	262	0
998	262	0
7	263	0
39	263	0
71	263	0
103	263	0
135	263	-1
167	263	-3
199	263	1
231	263	-2
263	263	-1
295	263	0
327	263	-2
359	263	-1
391	263	3
423	263	-1
455	263	2
487	263	3
519	263	-4
551	263	0
583	263	3
615	263	2
647	263	-1
679	263	3
711	263	4
743	263	5
775	263	-3
807	263	-2
839	263	-7
871	263	0
903	263	0
935	263	0
967	263	2
999	263	0
8	264	0
40	264	2
72	264	1
104	264	0
136	264	1
168	264	1
200	264	-3
232	264	-2
264	264	-1
296	264	0
328	264	3
360	264	0
392	264	-1
424	264	1
456	264	2
488	264	2
520	264	-1
552	264	3
584	264	0
616	264	1
648	264	0
680	264	-1
712	264	-1
744	264	-1
776	264	3
808	264	-1
840	264	2
872	264	0
904	264	1
936	264	1
968	264	1
1000	264	0
9	265	0
41	265	0
73	265	0
105	265	0
137	265	0
169	265	0
201	265	0
233	265	0
265	265	0
297	265	0
329	265	0
361	265	0
393	265	0
425	265	-1
457	265	0
489	265	0
521	265	0
553	265	0
585	265	-1
617	265	-1
649	265	0
681	265	0
713	265	0
745	265	-1
777	265	0
809	265	0
841	265	0
873	265	0
905	265	0
937	265	0
969	265	0
1001	265	0
10	266	0
42	266	0
74	266	1
106	266	0
138	266	0
170	266	-4
202	266	-2
234	266	-2
266	266	1
298	266	0
330	266	1
362	266	1
394	266	-3
426	266	-1
458	266	2
490	266	1
522	266	3
554	266	3
586	266	3
618	266	-4
650	266	-3
682	266	-3
714	266	-2
746	266	-4
778	266	-1
810	266	-2
842	266	2
874	266	1
906	266	2
938	266	2
970	266	1
1002	266	0
11	267	0
43	267	0
75	267	1
107	267	-2
139	267	-4
171	267	-3
203	267	1
235	267	-1
267	267	-3
299	267	3
331	267	1
363	267	2
395	267	4
427	267	1
459	267	-6
491	267	4
523	267	-2
555	267	3
587	267	2
619	267	0
651	267	2
683	267	0
715	267	-3
747	267	-1
779	267	-3
811	267	3
843	267	2
875	267	1
907	267	3
939	267	0
971	267	-1
1003	267	0
12	268	0
44	268	0
76	268	0
108	268	-1
140	268	-1
172	268	0
204	268	0
236	268	-1
268	268	0
300	268	0
332	268	-1
364	268	0
396	268	0
428	268	0
460	268	-1
492	268	0
524	268	-1
556	268	-1
588	268	0
620	268	0
652	268	0
684	268	0
716	268	0
748	268	-1
780	268	0
812	268	0
844	268	0
876	268	0
908	268	-1
940	268	0
972	268	0
1004	268	0
13	269	1
45	269	-1
77	269	0
109	269	1
141	269	1
173	269	2
205	269	1
237	269	3
269	269	3
301	269	5
333	269	4
365	269	2
397	269	-1
429	269	-2
461	269	-3
493	269	-2
525	269	-2
557	269	-1
589	269	-2
621	269	-2
653	269	-2
685	269	0
717	269	0
749	269	0
781	269	1
813	269	0
845	269	3
877	269	3
909	269	4
941	269	5
973	269	4
1005	269	0
14	270	0
46	270	1
78	270	0
110	270	0
142	270	0
174	270	2
206	270	1
238	270	1
270	270	-3
302	270	0
334	270	0
366	270	-1
398	270	-1
430	270	-1
462	270	-1
494	270	-4
526	270	-4
558	270	2
590	270	2
622	270	3
654	270	2
686	270	2
718	270	2
750	270	0
782	270	1
814	270	2
846	270	0
878	270	1
910	270	-6
942	270	0
974	270	1
1006	270	0
15	271	0
47	271	1
79	271	0
111	271	-1
143	271	2
175	271	2
207	271	5
239	271	0
271	271	1
303	271	-1
335	271	0
367	271	-1
399	271	2
431	271	5
463	271	3
495	271	0
527	271	-1
559	271	-3
591	271	1
623	271	-1
655	271	0
687	271	1
719	271	1
751	271	0
783	271	-3
815	271	-1
847	271	-2
879	271	-1
911	271	0
943	271	-1
975	271	2
1007	271	0
16	272	0
48	272	0
80	272	0
112	272	0
144	272	-2
176	272	-1
208	272	3
240	272	0
272	272	0
304	272	1
336	272	2
368	272	0
400	272	2
432	272	1
464	272	3
496	272	-3
528	272	4
560	272	-2
592	272	-3
624	272	-2
656	272	-3
688	272	0
720	272	2
752	272	2
784	272	-3
816	272	2
848	272	4
880	272	4
912	272	2
944	272	-1
976	272	0
1008	272	-1
17	273	1
49	273	0
81	273	0
113	273	0
145	273	-1
177	273	0
209	273	4
241	273	0
273	273	1
305	273	1
337	273	-1
369	273	1
401	273	-1
433	273	-1
465	273	3
497	273	0
529	273	-3
561	273	2
593	273	0
625	273	1
657	273	2
689	273	2
721	273	-3
753	273	2
785	273	-3
817	273	3
849	273	3
881	273	4
913	273	0
945	273	1
977	273	0
1009	273	0
18	274	1
50	274	0
82	274	0
114	274	0
146	274	2
178	274	0
210	274	-4
242	274	-1
274	274	0
306	274	0
338	274	-1
370	274	2
402	274	2
434	274	-1
466	274	0
498	274	2
530	274	0
562	274	1
594	274	0
626	274	-1
658	274	2
690	274	1
722	274	1
754	274	0
786	274	-1
818	274	3
850	274	-1
882	274	-1
914	274	0
946	274	-1
978	274	0
1010	274	0
19	275	0
51	275	-1
83	275	-1
115	275	0
147	275	0
179	275	0
211	275	0
243	275	0
275	275	0
307	275	0
339	275	0
371	275	0
403	275	-1
435	275	0
467	275	-1
499	275	0
531	275	0
563	275	-1
595	275	0
627	275	0
659	275	0
691	275	0
723	275	0
755	275	0
787	275	-1
819	275	-1
851	275	0
883	275	0
915	275	0
947	275	0
979	275	-1
1011	275	0
20	276	0
52	276	1
84	276	0
116	276	1
148	276	-1
180	276	-1
212	276	2
244	276	2
276	276	-3
308	276	0
340	276	3
372	276	1
404	276	-5
436	276	4
468	276	2
500	276	2
532	276	0
564	276	2
596	276	3
628	276	3
660	276	-2
692	276	0
724	276	2
756	276	-1
788	276	-4
820	276	3
852	276	-1
884	276	3
916	276	0
948	276	1
980	276	0
1012	276	0
21	277	1
53	277	1
85	277	0
117	277	1
149	277	-3
181	277	2
213	277	-1
245	277	-1
277	277	2
309	277	2
341	277	1
373	277	-1
405	277	1
437	277	3
469	277	1
501	277	2
533	277	2
565	277	0
597	277	-2
629	277	0
661	277	-2
693	277	0
725	277	-1
757	277	-1
789	277	2
821	277	1
853	277	2
885	277	4
917	277	-1
949	277	1
981	277	0
1013	277	1
22	278	1
54	278	0
86	278	0
118	278	0
150	278	3
182	278	-1
214	278	-2
246	278	3
278	278	0
310	278	2
342	278	4
374	278	-2
406	278	-3
438	278	-3
470	278	-4
502	278	2
534	278	-1
566	278	1
598	278	4
630	278	2
662	278	5
694	278	2
726	278	2
758	278	1
790	278	1
822	278	-3
854	278	0
886	278	-3
918	278	3
950	278	2
982	278	0
1014	278	0
23	279	0
55	279	0
87	279	0
119	279	-2
151	279	1
183	279	1
215	279	1
247	279	-1
279	279	-3
311	279	-2
343	279	0
375	279	0
407	279	3
439	279	-4
471	279	-5
503	279	3
535	279	1
567	279	-1
599	279	-3
631	279	1
663	279	1
695	279	3
727	279	-1
759	279	-1
791	279	-2
823	279	-2
855	279	-1
887	279	0
919	279	-2
951	279	0
983	279	0
1015	279	0
24	280	0
56	280	0
88	280	1
120	280	2
152	280	0
184	280	2
216	280	1
248	280	2
280	280	-3
312	280	1
344	280	-1
376	280	2
408	280	-3
440	280	-1
472	280	-3
504	280	0
536	280	-1
568	280	-2
600	280	-4
632	280	2
664	280	2
696	280	2
728	280	2
760	280	2
792	280	2
824	280	1
856	280	4
888	280	1
920	280	2
952	280	1
984	280	0
1016	280	1
25	281	0
57	281	0
89	281	0
121	281	0
153	281	0
185	281	0
217	281	-1
249	281	-1
281	281	0
313	281	0
345	281	0
377	281	-1
409	281	0
441	281	-1
473	281	0
505	281	0
537	281	0
569	281	0
601	281	0
633	281	0
665	281	0
697	281	-1
729	281	0
761	281	0
793	281	0
825	281	0
857	281	-1
889	281	0
921	281	0
953	281	-1
985	281	0
1017	281	-1
26	282	1
58	282	0
90	282	1
122	282	0
154	282	-5
186	282	-1
218	282	-1
250	282	3
282	282	-3
314	282	-5
346	282	2
378	282	2
410	282	2
442	282	1
474	282	3
506	282	-1
538	282	3
570	282	-3
602	282	1
634	282	2
666	282	0
698	282	2
730	282	-1
762	282	-1
794	282	0
826	282	2
858	282	0
890	282	1
922	282	1
954	282	0
986	282	0
1018	282	0
27	283	0
59	283	1
91	283	-1
123	283	1
155	283	-1
187	283	-1
219	283	-4
251	283	3
283	283	-1
315	283	-3
347	283	1
379	283	1
411	283	1
443	283	0
475	283	-1
507	283	1
539	283	2
571	283	2
603	283	1
635	283	3
667	283	0
699	283	-1
731	283	-5
763	283	-4
795	283	-2
827	283	-1
859	283	-1
891	283	5
923	283	3
955	283	-1
987	283	0
1019	283	0
28	284	0
60	284	0
92	284	1
124	284	1
156	284	-1
188	284	-1
220	284	2
252	284	1
284	284	0
316	284	2
348	284	3
380	284	2
412	284	0
444	284	6
476	284	-3
508	284	-3
540	284	0
572	284	1
604	284	-1
636	284	0
668	284	-3
700	284	3
732	284	2
764	284	2
796	284	1
828	284	2
860	284	0
892	284	1
924	284	-1
956	284	0
988	284	0
1020	284	0
29	285	-1
61	285	-1
93	285	0
125	285	-1
157	285	-2
189	285	3
221	285	-1
253	285	-3
285	285	2
317	285	3
349	285	-3
381	285	5
413	285	2
445	285	2
477	285	-1
509	285	-1
541	285	0
573	285	-2
605	285	-1
637	285	-1
669	285	2
701	285	2
733	285	2
765	285	1
797	285	2
829	285	2
861	285	3
893	285	4
925	285	0
957	285	0
989	285	0
1021	285	0
30	286	1
62	286	0
94	286	0
126	286	0
158	286	3
190	286	1
222	286	-3
254	286	2
286	286	-1
318	286	0
350	286	1
382	286	0
414	286	-3
446	286	-2
478	286	2
510	286	2
542	286	-1
574	286	3
606	286	3
638	286	0
670	286	-3
702	286	3
734	286	1
766	286	0
798	286	0
830	286	0
862	286	0
894	286	-1
926	286	-1
958	286	0
990	286	1
1022	286	0
31	287	1
63	287	0
95	287	1
127	287	1
159	287	4
191	287	2
223	287	2
255	287	5
287	287	0
319	287	-3
351	287	-2
383	287	-1
415	287	0
447	287	0
479	287	2
511	287	3
543	287	4
575	287	3
607	287	3
639	287	3
671	287	2
703	287	1
735	287	-6
767	287	1
799	287	-1
831	287	4
863	287	-4
895	287	2
927	287	-2
959	287	-1
991	287	0
1023	287	-1
32	288	0
64	288	0
96	288	0
128	288	0
160	288	0
192	288	0
224	288	0
256	288	-1
288	288	0
320	288	0
352	288	0
384	288	0
416	288	0
448	288	0
480	288	0
512	288	0
544	288	-1
576	288	-1
608	288	0
640	288	0
672	288	0
704	288	0
736	288	0
768	288	0
800	288	-1
832	288	0
864	288	0
896	288	0
928	288	0
960	288	1
992	288	0
1024	288	-1
1	289	0
33	289	-1
65	289	0
97	289	0
129	289	0
161	289	0
193	289	1
225	289	3
257	289	-4
289	289	2
321	289	2
353	289	1
385	289	1
417	289	1
449	289	-3
481	289	-1
513	289	2
545	289	3
577	289	1
609	289	0
641	289	0
673	289	-1
705	289	1
737	289	-5
769	289	-2
801	289	0
833	289	1
865	289	2
897	289	-2
929	289	1
961	289	0
993	289	0
2	290	0
34	290	0
66	290	0
98	290	0
130	290	0
162	290	0
194	290	0
226	290	0
258	290	0
290	290	0
322	290	0
354	290	0
386	290	0
418	290	0
450	290	0
482	290	0
514	290	0
546	290	0
578	290	0
610	290	-1
642	290	0
674	290	0
706	290	0
738	290	0
770	290	-1
802	290	-1
834	290	0
866	290	0
898	290	0
930	290	0
962	290	0
994	290	-1
3	291	0
35	291	0
67	291	0
99	291	1
131	291	-1
163	291	2
195	291	2
227	291	1
259	291	2
291	291	2
323	291	1
355	291	4
387	291	-1
419	291	3
451	291	-1
483	291	-1
515	291	2
547	291	0
579	291	2
611	291	2
643	291	3
675	291	-1
707	291	1
739	291	-1
771	291	1
803	291	0
835	291	-2
867	291	2
899	291	-2
931	291	-3
963	291	0
995	291	0
4	292	0
36	292	0
68	292	0
100	292	0
132	292	0
164	292	0
196	292	4
228	292	0
260	292	0
292	292	7
324	292	1
356	292	0
388	292	0
420	292	2
452	292	3
484	292	1
516	292	-1
548	292	1
580	292	-2
612	292	0
644	292	0
676	292	0
708	292	2
740	292	-2
772	292	3
804	292	-1
836	292	2
868	292	-1
900	292	0
932	292	0
964	292	0
996	292	0
5	293	-1
37	293	1
69	293	1
101	293	1
133	293	1
165	293	1
197	293	2
229	293	2
261	293	1
293	293	1
325	293	1
357	293	5
389	293	1
421	293	0
453	293	-3
485	293	-4
517	293	-2
549	293	-3
581	293	0
613	293	-3
645	293	-2
677	293	0
709	293	1
741	293	3
773	293	1
805	293	2
837	293	3
869	293	4
901	293	0
933	293	1
965	293	1
997	293	0
6	294	1
38	294	1
70	294	0
102	294	0
134	294	0
166	294	-1
198	294	2
230	294	0
262	294	0
294	294	-1
326	294	0
358	294	-3
390	294	2
422	294	2
454	294	0
486	294	-2
518	294	-2
550	294	1
582	294	2
614	294	-1
646	294	1
678	294	1
710	294	1
742	294	0
774	294	0
806	294	0
838	294	1
870	294	-1
902	294	0
934	294	0
966	294	0
998	294	0
7	295	1
39	295	0
71	295	0
103	295	0
135	295	-3
167	295	-5
199	295	3
231	295	0
263	295	0
295	295	-1
327	295	-1
359	295	4
391	295	3
423	295	2
455	295	3
487	295	2
519	295	-5
551	295	5
583	295	3
615	295	2
647	295	-2
679	295	4
711	295	4
743	295	2
775	295	-3
807	295	-2
839	295	-7
871	295	-1
903	295	0
935	295	0
967	295	1
999	295	0
8	296	-1
40	296	1
72	296	2
104	296	0
136	296	1
168	296	2
200	296	-3
232	296	-3
264	296	-3
296	296	-1
328	296	3
360	296	1
392	296	1
424	296	3
456	296	0
488	296	2
520	296	3
552	296	1
584	296	-2
616	296	0
648	296	-3
680	296	-5
712	296	-3
744	296	-3
776	296	0
808	296	-1
840	296	-1
872	296	0
904	296	1
936	296	1
968	296	1
1000	296	-1
9	297	0
41	297	0
73	297	0
105	297	-1
137	297	0
169	297	0
201	297	0
233	297	0
265	297	0
297	297	0
329	297	0
361	297	0
393	297	0
425	297	0
457	297	0
489	297	0
521	297	0
553	297	-1
585	297	0
617	297	0
649	297	0
681	297	0
713	297	0
745	297	0
777	297	1
809	297	-1
841	297	-1
873	297	0
905	297	0
937	297	0
969	297	0
1001	297	0
10	298	0
42	298	0
74	298	0
106	298	0
138	298	0
170	298	4
202	298	1
234	298	1
266	298	5
298	298	2
330	298	-1
362	298	1
394	298	0
426	298	-4
458	298	3
490	298	2
522	298	4
554	298	3
586	298	3
618	298	-1
650	298	-1
682	298	2
714	298	1
746	298	-1
778	298	2
810	298	-1
842	298	-1
874	298	-1
906	298	-2
938	298	1
970	298	1
1002	298	0
11	299	0
43	299	0
75	299	1
107	299	1
139	299	4
171	299	4
203	299	0
235	299	2
267	299	4
299	299	-2
331	299	2
363	299	0
395	299	-5
427	299	3
459	299	5
491	299	-3
523	299	5
555	299	-3
587	299	-2
619	299	-2
651	299	-3
683	299	-3
715	299	3
747	299	3
779	299	3
811	299	2
843	299	0
875	299	-1
907	299	1
939	299	1
971	299	0
1003	299	0
12	300	0
44	300	0
76	300	0
108	300	0
140	300	0
172	300	0
204	300	-2
236	300	-2
268	300	-1
300	300	0
332	300	1
364	300	1
396	300	0
428	300	0
460	300	-3
492	300	0
524	300	0
556	300	1
588	300	1
620	300	-1
652	300	1
684	300	0
716	300	1
748	300	1
780	300	1
812	300	0
844	300	0
876	300	0
908	300	0
940	300	0
972	300	-1
1004	300	0
13	301	2
45	301	1
77	301	0
109	301	1
141	301	0
173	301	-2
205	301	0
237	301	3
269	301	0
301	301	-4
333	301	-4
365	301	-2
397	301	0
429	301	3
461	301	5
493	301	4
525	301	4
557	301	1
589	301	2
621	301	-2
653	301	-1
685	301	1
717	301	1
749	301	1
781	301	0
813	301	1
845	301	-1
877	301	1
909	301	-1
941	301	-4
973	301	0
1005	301	0
14	302	0
46	302	0
78	302	0
110	302	0
142	302	-1
174	302	0
206	302	0
238	302	0
270	302	0
302	302	0
334	302	0
366	302	0
398	302	0
430	302	0
462	302	0
494	302	0
526	302	0
558	302	0
590	302	0
622	302	0
654	302	0
686	302	0
718	302	0
750	302	0
782	302	0
814	302	0
846	302	-1
878	302	0
910	302	0
942	302	-1
974	302	0
1006	302	0
15	303	2
47	303	0
79	303	0
111	303	2
143	303	-1
175	303	-2
207	303	-4
239	303	0
271	303	3
303	303	4
335	303	0
367	303	4
399	303	4
431	303	1
463	303	-4
495	303	-6
527	303	-5
559	303	-3
591	303	1
623	303	0
655	303	-3
687	303	-1
719	303	3
751	303	1
783	303	2
815	303	0
847	303	0
879	303	0
911	303	3
943	303	1
975	303	3
1007	303	1
16	304	0
48	304	0
80	304	1
112	304	0
144	304	4
176	304	4
208	304	2
240	304	1
272	304	0
304	304	3
336	304	2
368	304	0
400	304	-3
432	304	-4
464	304	-1
496	304	-2
528	304	1
560	304	-2
592	304	0
624	304	0
656	304	-3
688	304	0
720	304	2
752	304	2
784	304	-1
816	304	2
848	304	2
880	304	3
912	304	1
944	304	1
976	304	0
1008	304	-1
17	305	0
49	305	-1
81	305	0
113	305	0
145	305	1
177	305	1
209	305	2
241	305	0
273	305	1
305	305	-1
337	305	4
369	305	-2
401	305	-4
433	305	-4
465	305	0
497	305	1
529	305	-2
561	305	3
593	305	2
625	305	0
657	305	3
689	305	3
721	305	2
753	305	1
785	305	5
817	305	-2
849	305	-4
881	305	3
913	305	-4
945	305	0
977	305	0
1009	305	0
18	306	0
50	306	-1
82	306	0
114	306	0
146	306	-3
178	306	-3
210	306	-6
242	306	-3
274	306	-3
306	306	-1
338	306	3
370	306	2
402	306	3
434	306	-2
466	306	2
498	306	0
530	306	1
562	306	3
594	306	-1
626	306	-5
658	306	-1
690	306	0
722	306	-1
754	306	-3
786	306	-2
818	306	-1
850	306	0
882	306	5
914	306	6
946	306	4
978	306	0
1010	306	0
19	307	-1
51	307	0
83	307	0
115	307	0
147	307	1
179	307	3
211	307	0
243	307	0
275	307	0
307	307	-1
339	307	-2
371	307	1
403	307	2
435	307	2
467	307	1
499	307	2
531	307	-2
563	307	2
595	307	3
627	307	2
659	307	1
691	307	3
723	307	3
755	307	0
787	307	-1
819	307	-4
851	307	-1
883	307	0
915	307	1
947	307	1
979	307	0
1011	307	0
20	308	1
52	308	1
84	308	0
116	308	0
148	308	-1
180	308	0
212	308	1
244	308	1
276	308	2
308	308	-4
340	308	-1
372	308	3
404	308	-6
436	308	-1
468	308	4
500	308	4
532	308	2
564	308	-1
596	308	-2
628	308	1
660	308	0
692	308	2
724	308	1
756	308	2
788	308	-1
820	308	1
852	308	1
884	308	-2
916	308	3
948	308	0
980	308	1
1012	308	1
21	309	0
53	309	-1
85	309	0
117	309	0
149	309	0
181	309	0
213	309	4
245	309	3
277	309	0
309	309	1
341	309	-2
373	309	-2
405	309	-4
437	309	-3
469	309	0
501	309	1
533	309	2
565	309	0
597	309	0
629	309	-3
661	309	0
693	309	2
725	309	0
757	309	1
789	309	2
821	309	4
853	309	5
885	309	0
917	309	2
949	309	-1
981	309	1
1013	309	0
22	310	1
54	310	0
86	310	0
118	310	0
150	310	1
182	310	0
214	310	4
246	310	-1
278	310	1
310	310	-2
342	310	4
374	310	2
406	310	0
438	310	0
470	310	-2
502	310	-2
534	310	-1
566	310	-1
598	310	-1
630	310	-3
662	310	3
694	310	2
726	310	2
758	310	0
790	310	-2
822	310	-1
854	310	2
886	310	1
918	310	1
950	310	2
982	310	1
1014	310	0
23	311	0
55	311	0
87	311	0
119	311	0
151	311	0
183	311	0
215	311	0
247	311	0
279	311	0
311	311	0
343	311	-1
375	311	0
407	311	-1
439	311	0
471	311	0
503	311	-1
535	311	-1
567	311	0
599	311	0
631	311	0
663	311	0
695	311	0
727	311	0
759	311	0
791	311	0
823	311	0
855	311	0
887	311	0
919	311	0
951	311	0
983	311	0
1015	311	0
24	312	-1
56	312	0
88	312	0
120	312	-1
152	312	2
184	312	0
216	312	-2
248	312	-1
280	312	-1
312	312	3
344	312	1
376	312	0
408	312	-4
440	312	1
472	312	2
504	312	0
536	312	-4
568	312	-1
600	312	5
632	312	1
664	312	1
696	312	-1
728	312	-2
760	312	1
792	312	-1
824	312	0
856	312	-4
888	312	2
920	312	3
952	312	0
984	312	0
1016	312	1
25	313	1
57	313	0
89	313	-1
121	313	-4
153	313	0
185	313	-1
217	313	6
249	313	7
281	313	1
313	313	1
345	313	-2
377	313	2
409	313	1
441	313	-1
473	313	-2
505	313	1
537	313	-4
569	313	2
601	313	-1
633	313	2
665	313	0
697	313	-2
729	313	-2
761	313	-3
793	313	0
825	313	1
857	313	2
889	313	3
921	313	3
953	313	0
985	313	1
1017	313	2
26	314	0
58	314	0
90	314	0
122	314	0
154	314	-1
186	314	3
218	314	2
250	314	0
282	314	-2
314	314	-4
346	314	-2
378	314	0
410	314	2
442	314	-3
474	314	2
506	314	2
538	314	-1
570	314	-1
602	314	1
634	314	4
666	314	3
698	314	3
730	314	2
762	314	2
794	314	0
826	314	-3
858	314	1
890	314	-2
922	314	3
954	314	0
986	314	0
1018	314	0
27	315	0
59	315	1
91	315	0
123	315	1
155	315	-4
187	315	-4
219	315	-1
251	315	3
283	315	1
315	315	0
347	315	1
379	315	1
411	315	1
443	315	2
475	315	2
507	315	3
539	315	0
571	315	2
603	315	-1
635	315	-2
667	315	2
699	315	-3
731	315	-5
763	315	-3
795	315	0
827	315	2
859	315	-1
891	315	2
923	315	2
955	315	0
987	315	1
1019	315	0
28	316	0
60	316	0
92	316	0
124	316	0
156	316	-1
188	316	0
220	316	0
252	316	0
284	316	0
316	316	0
348	316	-1
380	316	-1
412	316	0
444	316	0
476	316	0
508	316	0
540	316	0
572	316	0
604	316	0
636	316	0
668	316	0
700	316	0
732	316	0
764	316	0
796	316	0
828	316	0
860	316	0
892	316	0
924	316	0
956	316	1
988	316	0
1020	316	0
29	317	0
61	317	1
93	317	0
125	317	-1
157	317	0
189	317	0
221	317	0
253	317	0
285	317	0
317	317	0
349	317	0
381	317	0
413	317	0
445	317	-1
477	317	0
509	317	0
541	317	-1
573	317	-1
605	317	0
637	317	0
669	317	0
701	317	0
733	317	0
765	317	-1
797	317	0
829	317	0
861	317	0
893	317	0
925	317	0
957	317	0
989	317	0
1021	317	0
30	318	0
62	318	-1
94	318	0
126	318	0
158	318	0
190	318	1
222	318	2
254	318	0
286	318	-2
318	318	-2
350	318	-1
382	318	-2
414	318	0
446	318	-1
478	318	-2
510	318	4
542	318	0
574	318	4
606	318	4
638	318	0
670	318	-1
702	318	-1
734	318	-1
766	318	-1
798	318	1
830	318	-3
862	318	-2
894	318	-4
926	318	-5
958	318	0
990	318	0
1022	318	0
31	319	2
63	319	0
95	319	1
127	319	1
159	319	4
191	319	2
223	319	2
255	319	2
287	319	-1
319	319	0
351	319	-1
383	319	-1
415	319	-1
447	319	-2
479	319	-2
511	319	2
543	319	3
575	319	4
607	319	3
639	319	2
671	319	1
703	319	1
735	319	-1
767	319	3
799	319	1
831	319	3
863	319	-2
895	319	3
927	319	-3
959	319	0
991	319	0
1023	319	0
32	320	1
64	320	0
96	320	0
128	320	2
160	320	2
192	320	2
224	320	4
256	320	0
288	320	-3
320	320	3
352	320	-3
384	320	-1
416	320	2
448	320	-6
480	320	2
512	320	2
544	320	2
576	320	2
608	320	0
640	320	-4
672	320	1
704	320	3
736	320	-3
768	320	-2
800	320	3
832	320	0
864	320	2
896	320	2
928	320	-2
960	320	0
992	320	0
1024	320	0
1	321	0
33	321	0
65	321	0
97	321	1
129	321	-1
161	321	3
193	321	1
225	321	-2
257	321	0
289	321	3
321	321	3
353	321	2
385	321	1
417	321	1
449	321	-1
481	321	-4
513	321	-4
545	321	-2
577	321	-3
609	321	0
641	321	-2
673	321	-1
705	321	2
737	321	0
769	321	4
801	321	1
833	321	0
865	321	-1
897	321	0
929	321	0
961	321	1
993	321	0
2	322	0
34	322	0
66	322	0
98	322	1
130	322	1
162	322	2
194	322	2
226	322	1
258	322	-1
290	322	-3
322	322	-3
354	322	-4
386	322	0
418	322	-2
450	322	5
482	322	3
514	322	-1
546	322	3
578	322	-2
610	322	3
642	322	-1
674	322	1
706	322	4
738	322	3
770	322	-4
802	322	4
834	322	2
866	322	-3
898	322	-6
930	322	-1
962	322	0
994	322	0
3	323	0
35	323	0
67	323	0
99	323	1
131	323	1
163	323	0
195	323	2
227	323	0
259	323	2
291	323	1
323	323	0
355	323	1
387	323	-1
419	323	-1
451	323	-3
483	323	3
515	323	4
547	323	4
579	323	3
611	323	1
643	323	-1
675	323	0
707	323	5
739	323	2
771	323	1
803	323	-3
835	323	1
867	323	2
899	323	0
931	323	-1
963	323	0
995	323	0
4	324	0
36	324	1
68	324	0
100	324	1
132	324	0
164	324	1
196	324	-4
228	324	-2
260	324	-1
292	324	7
324	324	3
356	324	2
388	324	3
420	324	-3
452	324	-2
484	324	0
516	324	1
548	324	0
580	324	-1
612	324	0
644	324	0
676	324	2
708	324	0
740	324	-1
772	324	-3
804	324	-3
836	324	-1
868	324	3
900	324	2
932	324	4
964	324	0
996	324	0
5	325	0
37	325	1
69	325	1
101	325	2
133	325	1
165	325	0
197	325	1
229	325	2
261	325	2
293	325	1
325	325	2
357	325	5
389	325	-1
421	325	-3
453	325	-5
485	325	-3
517	325	0
549	325	-1
581	325	0
613	325	-1
645	325	-1
677	325	1
709	325	1
741	325	3
773	325	1
805	325	2
837	325	2
869	325	3
901	325	-1
933	325	2
965	325	0
997	325	0
6	326	0
38	326	0
70	326	1
102	326	0
134	326	4
166	326	5
198	326	-2
230	326	-3
262	326	0
294	326	-2
326	326	1
358	326	0
390	326	2
422	326	3
454	326	3
486	326	3
518	326	3
550	326	-2
582	326	-2
614	326	0
646	326	3
678	326	1
710	326	-2
742	326	0
774	326	1
806	326	0
838	326	1
870	326	-2
902	326	-1
934	326	1
966	326	0
998	326	0
7	327	0
39	327	0
71	327	2
103	327	0
135	327	0
167	327	3
199	327	1
231	327	3
263	327	1
295	327	1
327	327	3
359	327	2
391	327	-1
423	327	0
455	327	0
487	327	-1
519	327	4
551	327	0
583	327	-1
615	327	0
647	327	2
679	327	-2
711	327	-4
743	327	-4
775	327	3
807	327	3
839	327	7
871	327	1
903	327	2
935	327	0
967	327	-1
999	327	0
8	328	0
40	328	0
72	328	-1
104	328	0
136	328	-1
168	328	0
200	328	0
232	328	0
264	328	0
296	328	0
328	328	-1
360	328	-1
392	328	0
424	328	0
456	328	0
488	328	0
520	328	0
552	328	0
584	328	0
616	328	0
648	328	0
680	328	0
712	328	0
744	328	-1
776	328	0
808	328	0
840	328	0
872	328	0
904	328	0
936	328	1
968	328	0
1000	328	1
9	329	0
41	329	1
73	329	0
105	329	0
137	329	-1
169	329	-3
201	329	2
233	329	0
265	329	2
297	329	2
329	329	1
361	329	3
393	329	-1
425	329	0
457	329	3
489	329	-5
521	329	-2
553	329	2
585	329	3
617	329	0
649	329	-4
681	329	-5
713	329	3
745	329	1
777	329	0
809	329	0
841	329	1
873	329	2
905	329	5
937	329	1
969	329	-1
1001	329	0
10	330	0
42	330	0
74	330	0
106	330	0
138	330	0
170	330	-1
202	330	0
234	330	0
266	330	0
298	330	0
330	330	-1
362	330	-1
394	330	0
426	330	-1
458	330	0
490	330	-1
522	330	0
554	330	0
586	330	-1
618	330	0
650	330	0
682	330	0
714	330	0
746	330	0
778	330	-1
810	330	-1
842	330	0
874	330	0
906	330	-1
938	330	0
970	330	0
1002	330	0
11	331	0
43	331	0
75	331	1
107	331	2
139	331	3
171	331	3
203	331	1
235	331	3
267	331	2
299	331	3
331	331	2
363	331	-2
395	331	-2
427	331	-1
459	331	6
491	331	1
523	331	0
555	331	0
587	331	0
619	331	1
651	331	0
683	331	1
715	331	1
747	331	3
779	331	-1
811	331	2
843	331	-1
875	331	-3
907	331	-5
939	331	2
971	331	0
1003	331	0
12	332	0
44	332	0
76	332	1
108	332	1
140	332	0
172	332	-1
204	332	-1
236	332	2
268	332	-1
300	332	0
332	332	-2
364	332	-3
396	332	3
428	332	-1
460	332	2
492	332	1
524	332	-2
556	332	1
588	332	2
620	332	4
652	332	3
684	332	2
716	332	-2
748	332	-2
780	332	1
812	332	0
844	332	0
876	332	2
908	332	1
940	332	-1
972	332	-2
1004	332	0
13	333	0
45	333	0
77	333	0
109	333	-1
141	333	0
173	333	0
205	333	-1
237	333	0
269	333	0
301	333	-1
333	333	0
365	333	0
397	333	0
429	333	0
461	333	0
493	333	0
525	333	0
557	333	0
589	333	0
621	333	0
653	333	0
685	333	0
717	333	-1
749	333	-1
781	333	-1
813	333	0
845	333	0
877	333	0
909	333	0
941	333	-1
973	333	0
1005	333	1
14	334	0
46	334	0
78	334	0
110	334	-2
142	334	0
174	334	-2
206	334	-2
238	334	-1
270	334	0
302	334	0
334	334	1
366	334	1
398	334	1
430	334	1
462	334	-1
494	334	-1
526	334	-3
558	334	2
590	334	-1
622	334	3
654	334	1
686	334	-2
718	334	-2
750	334	5
782	334	-2
814	334	-2
846	334	0
878	334	0
910	334	-2
942	334	1
974	334	0
1006	334	0
15	335	-1
47	335	0
79	335	0
111	335	-1
143	335	1
175	335	0
207	335	0
239	335	0
271	335	-2
303	335	0
335	335	0
367	335	0
399	335	0
431	335	0
463	335	0
495	335	0
527	335	0
559	335	0
591	335	1
623	335	0
655	335	1
687	335	1
719	335	0
751	335	-1
783	335	0
815	335	1
847	335	0
879	335	-1
911	335	0
943	335	0
975	335	-1
1007	335	-1
16	336	1
48	336	1
80	336	1
112	336	0
144	336	-4
176	336	-4
208	336	-3
240	336	0
272	336	1
304	336	2
336	336	3
368	336	2
400	336	2
432	336	2
464	336	-2
496	336	2
528	336	-3
560	336	2
592	336	2
624	336	2
656	336	-2
688	336	-1
720	336	0
752	336	-1
784	336	4
816	336	1
848	336	1
880	336	1
912	336	2
944	336	1
976	336	0
1008	336	1
17	337	0
49	337	0
81	337	0
113	337	-1
145	337	0
177	337	0
209	337	0
241	337	1
273	337	0
305	337	0
337	337	0
369	337	0
401	337	0
433	337	0
465	337	0
497	337	0
529	337	0
561	337	0
593	337	0
625	337	0
657	337	0
689	337	-1
721	337	0
753	337	0
785	337	0
817	337	0
849	337	-1
881	337	0
913	337	0
945	337	1
977	337	1
1009	337	0
18	338	0
50	338	0
82	338	0
114	338	0
146	338	2
178	338	0
210	338	-3
242	338	1
274	338	2
306	338	3
338	338	0
370	338	4
402	338	3
434	338	-4
466	338	-3
498	338	3
530	338	-3
562	338	4
594	338	-2
626	338	-3
658	338	-3
690	338	2
722	338	2
754	338	2
786	338	1
818	338	-1
850	338	-1
882	338	-1
914	338	-1
946	338	-2
978	338	0
1010	338	0
19	339	1
51	339	0
83	339	0
115	339	1
147	339	0
179	339	-1
211	339	0
243	339	0
275	339	1
307	339	3
339	339	4
371	339	1
403	339	1
435	339	0
467	339	1
499	339	-1
531	339	2
563	339	-3
595	339	-1
627	339	-2
659	339	-2
691	339	-2
723	339	-3
755	339	1
787	339	1
819	339	-2
851	339	1
883	339	3
915	339	1
947	339	0
979	339	0
1011	339	0
20	340	0
52	340	0
84	340	0
116	340	-1
148	340	0
180	340	1
212	340	0
244	340	0
276	340	3
308	340	-1
340	340	0
372	340	2
404	340	3
436	340	-2
468	340	3
500	340	4
532	340	1
564	340	2
596	340	2
628	340	2
660	340	-3
692	340	2
724	340	2
756	340	1
788	340	-3
820	340	1
852	340	-2
884	340	1
916	340	1
948	340	0
980	340	1
1012	340	0
21	341	1
53	341	1
85	341	0
117	341	1
149	341	1
181	341	2
213	341	2
245	341	3
277	341	1
309	341	1
341	341	-3
373	341	-4
405	341	-5
437	341	-1
469	341	1
501	341	-1
533	341	2
565	341	0
597	341	-1
629	341	-3
661	341	-2
693	341	2
725	341	0
757	341	2
789	341	2
821	341	4
853	341	6
885	341	1
917	341	2
949	341	0
981	341	1
1013	341	0
22	342	0
54	342	0
86	342	0
118	342	0
150	342	1
182	342	1
214	342	0
246	342	2
278	342	-1
310	342	3
342	342	2
374	342	2
406	342	0
438	342	-2
470	342	-1
502	342	-4
534	342	0
566	342	2
598	342	0
630	342	0
662	342	4
694	342	2
726	342	0
758	342	0
790	342	1
822	342	-1
854	342	1
886	342	-2
918	342	3
950	342	1
982	342	0
1014	342	0
23	343	0
55	343	0
87	343	0
119	343	0
151	343	0
183	343	0
215	343	-1
247	343	-2
279	343	1
311	343	-3
343	343	0
375	343	-3
407	343	-2
439	343	-1
471	343	-1
503	343	1
535	343	1
567	343	3
599	343	2
631	343	-2
663	343	-3
695	343	5
727	343	0
759	343	-2
791	343	-3
823	343	2
855	343	-1
887	343	2
919	343	0
951	343	-2
983	343	0
1015	343	0
24	344	0
56	344	0
88	344	0
120	344	1
152	344	0
184	344	1
216	344	1
248	344	1
280	344	3
312	344	0
344	344	1
376	344	-1
408	344	4
440	344	-2
472	344	-2
504	344	2
536	344	4
568	344	1
600	344	0
632	344	-1
664	344	1
696	344	2
728	344	3
760	344	1
792	344	1
824	344	-1
856	344	4
888	344	-6
920	344	-1
952	344	0
984	344	0
1016	344	1
25	345	0
57	345	0
89	345	0
121	345	-2
153	345	0
185	345	0
217	345	6
249	345	7
281	345	0
313	345	3
345	345	-3
377	345	2
409	345	1
441	345	0
473	345	-1
505	345	-4
537	345	-6
569	345	1
601	345	-2
633	345	2
665	345	1
697	345	0
729	345	-2
761	345	0
793	345	0
825	345	0
857	345	3
889	345	4
921	345	6
953	345	0
985	345	0
1017	345	0
26	346	1
58	346	0
90	346	0
122	346	0
154	346	4
186	346	3
218	346	2
250	346	2
282	346	0
314	346	3
346	346	-2
378	346	-2
410	346	7
442	346	-2
474	346	3
506	346	1
538	346	-3
570	346	3
602	346	-4
634	346	2
666	346	-2
698	346	1
730	346	3
762	346	2
794	346	0
826	346	-1
858	346	0
890	346	2
922	346	1
954	346	0
986	346	0
1018	346	0
27	347	0
59	347	0
91	347	0
123	347	1
155	347	3
187	347	2
219	347	2
251	347	-3
283	347	-1
315	347	-1
347	347	-1
379	347	-1
411	347	-1
443	347	-2
475	347	1
507	347	-3
539	347	3
571	347	2
603	347	1
635	347	2
667	347	-1
699	347	2
731	347	3
763	347	3
795	347	0
827	347	-2
859	347	-2
891	347	-5
923	347	0
955	347	0
987	347	1
1019	347	0
28	348	1
60	348	0
92	348	0
124	348	1
156	348	-5
188	348	-4
220	348	-3
252	348	1
284	348	3
316	348	2
348	348	0
380	348	-1
412	348	0
444	348	1
476	348	1
508	348	-3
540	348	0
572	348	3
604	348	-3
636	348	2
668	348	2
700	348	-5
732	348	-3
764	348	-2
796	348	0
828	348	1
860	348	-1
892	348	-4
924	348	-2
956	348	0
988	348	0
1020	348	0
29	349	0
61	349	0
93	349	0
125	349	-1
157	349	-1
189	349	5
221	349	0
253	349	-2
285	349	1
317	349	2
349	349	-3
381	349	3
413	349	0
445	349	-1
477	349	-2
509	349	-3
541	349	1
573	349	-2
605	349	-1
637	349	-2
669	349	4
701	349	1
733	349	2
765	349	1
797	349	2
829	349	3
861	349	5
893	349	1
925	349	0
957	349	-2
989	349	0
1021	349	0
30	350	0
62	350	0
94	350	1
126	350	0
158	350	-1
190	350	0
222	350	1
254	350	-1
286	350	3
318	350	2
350	350	0
382	350	0
414	350	2
446	350	-1
478	350	0
510	350	-1
542	350	-2
574	350	0
606	350	1
638	350	-1
670	350	-2
702	350	0
734	350	-1
766	350	-1
798	350	0
830	350	-1
862	350	1
894	350	2
926	350	5
958	350	0
990	350	0
1022	350	0
31	351	0
63	351	0
95	351	-1
127	351	-1
159	351	-3
191	351	-2
223	351	0
255	351	-2
287	351	-1
319	351	0
351	351	0
383	351	0
415	351	0
447	351	1
479	351	-2
511	351	3
543	351	3
575	351	5
607	351	2
639	351	-3
671	351	-5
703	351	-3
735	351	6
767	351	2
799	351	1
831	351	0
863	351	4
895	351	-1
927	351	0
959	351	0
991	351	0
1023	351	1
32	352	0
64	352	0
96	352	0
128	352	0
160	352	-1
192	352	-1
224	352	-3
256	352	1
288	352	1
320	352	0
352	352	1
384	352	0
416	352	1
448	352	1
480	352	1
512	352	-2
544	352	-4
576	352	-3
608	352	-5
640	352	-2
672	352	2
704	352	-1
736	352	2
768	352	3
800	352	-2
832	352	3
864	352	0
896	352	3
928	352	-1
960	352	-1
992	352	0
1024	352	0
1	353	0
33	353	0
65	353	0
97	353	1
129	353	0
161	353	-2
193	353	1
225	353	-2
257	353	1
289	353	-1
321	353	2
353	353	1
385	353	1
417	353	2
449	353	2
481	353	-2
513	353	-3
545	353	-3
577	353	1
609	353	3
641	353	3
673	353	1
705	353	-2
737	353	0
769	353	2
801	353	-3
833	353	0
865	353	2
897	353	-4
929	353	0
961	353	1
993	353	1
2	354	-1
34	354	0
66	354	0
98	354	0
130	354	1
162	354	2
194	354	2
226	354	2
258	354	1
290	354	1
322	354	3
354	354	5
386	354	1
418	354	-1
450	354	0
482	354	-2
514	354	1
546	354	3
578	354	3
610	354	-3
642	354	2
674	354	-4
706	354	-1
738	354	-1
770	354	2
802	354	-2
834	354	-1
866	354	1
898	354	-1
930	354	-5
962	354	0
994	354	0
3	355	0
35	355	0
67	355	0
99	355	0
131	355	0
163	355	-3
195	355	0
227	355	1
259	355	-1
291	355	0
323	355	3
355	355	2
387	355	2
419	355	2
451	355	1
483	355	2
515	355	1
547	355	1
579	355	0
611	355	-1
643	355	-1
675	355	-2
707	355	-1
739	355	2
771	355	0
803	355	0
835	355	1
867	355	0
899	355	4
931	355	3
963	355	0
995	355	0
4	356	0
36	356	0
68	356	0
100	356	0
132	356	-1
164	356	-1
196	356	0
228	356	0
260	356	0
292	356	0
324	356	0
356	356	-1
388	356	0
420	356	0
452	356	0
484	356	-1
516	356	-1
548	356	-1
580	356	-1
612	356	0
644	356	0
676	356	0
708	356	0
740	356	0
772	356	0
804	356	0
836	356	0
868	356	0
900	356	0
932	356	1
964	356	0
996	356	0
5	357	1
37	357	-1
69	357	0
101	357	0
133	357	0
165	357	0
197	357	0
229	357	0
261	357	0
293	357	0
325	357	0
357	357	0
389	357	0
421	357	0
453	357	0
485	357	-1
517	357	0
549	357	0
581	357	0
613	357	0
645	357	0
677	357	0
709	357	0
741	357	0
773	357	0
805	357	0
837	357	-1
869	357	0
901	357	0
933	357	-1
965	357	0
997	357	0
6	358	0
38	358	0
70	358	0
102	358	-1
134	358	0
166	358	0
198	358	1
230	358	0
262	358	-1
294	358	1
326	358	0
358	358	0
390	358	0
422	358	0
454	358	0
486	358	0
518	358	0
550	358	0
582	358	0
614	358	0
646	358	0
678	358	0
710	358	0
742	358	1
774	358	-1
806	358	0
838	358	1
870	358	0
902	358	0
934	358	0
966	358	0
998	358	0
7	359	0
39	359	0
71	359	1
103	359	0
135	359	0
167	359	-2
199	359	1
231	359	1
263	359	0
295	359	1
327	359	-2
359	359	2
391	359	4
423	359	4
455	359	0
487	359	-2
519	359	0
551	359	3
583	359	-2
615	359	-2
647	359	-1
679	359	1
711	359	1
743	359	1
775	359	2
807	359	2
839	359	1
871	359	0
903	359	1
935	359	-1
967	359	1
999	359	0
8	360	0
40	360	0
72	360	-1
104	360	1
136	360	-1
168	360	-1
200	360	0
232	360	0
264	360	0
296	360	0
328	360	0
360	360	-1
392	360	0
424	360	-1
456	360	0
488	360	0
520	360	0
552	360	0
584	360	0
616	360	0
648	360	-1
680	360	0
712	360	0
744	360	0
776	360	-1
808	360	0
840	360	0
872	360	0
904	360	-1
936	360	-1
968	360	-1
1000	360	0
9	361	1
41	361	0
73	361	0
105	361	0
137	361	1
169	361	2
201	361	3
233	361	0
265	361	2
297	361	0
329	361	0
361	361	-1
393	361	-2
425	361	-1
457	361	3
489	361	-2
521	361	-2
553	361	3
585	361	2
617	361	0
649	361	-3
681	361	-4
713	361	1
745	361	1
777	361	-1
809	361	2
841	361	1
873	361	3
905	361	5
937	361	2
969	361	-2
1001	361	0
10	362	0
42	362	0
74	362	1
106	362	0
138	362	0
170	362	-2
202	362	-2
234	362	-2
266	362	-2
298	362	-1
330	362	3
362	362	1
394	362	2
426	362	-2
458	362	-1
490	362	-3
522	362	-2
554	362	1
586	362	2
618	362	-1
650	362	2
682	362	-4
714	362	-5
746	362	-3
778	362	0
810	362	0
842	362	2
874	362	3
906	362	5
938	362	1
970	362	2
1002	362	0
11	363	1
43	363	0
75	363	1
107	363	2
139	363	5
171	363	3
203	363	1
235	363	1
267	363	2
299	363	-1
331	363	1
363	363	0
395	363	-5
427	363	3
459	363	5
491	363	0
523	363	4
555	363	-1
587	363	0
619	363	0
651	363	-1
683	363	-2
715	363	2
747	363	1
779	363	2
811	363	3
843	363	1
875	363	0
907	363	1
939	363	1
971	363	0
1003	363	0
12	364	0
44	364	-1
76	364	1
108	364	1
140	364	1
172	364	0
204	364	3
236	364	3
268	364	-3
300	364	4
332	364	-1
364	364	0
396	364	5
428	364	-4
460	364	1
492	364	0
524	364	-3
556	364	2
588	364	0
620	364	-1
652	364	1
684	364	1
716	364	-1
748	364	-1
780	364	2
812	364	0
844	364	0
876	364	0
908	364	2
940	364	-1
972	364	-3
1004	364	0
13	365	1
45	365	0
77	365	0
109	365	1
141	365	0
173	365	0
205	365	-2
237	365	-1
269	365	1
301	365	6
333	365	4
365	365	2
397	365	1
429	365	1
461	365	-3
493	365	-4
525	365	-3
557	365	-1
589	365	-2
621	365	-4
653	365	-2
685	365	0
717	365	-2
749	365	0
781	365	-1
813	365	-1
845	365	2
877	365	3
909	365	3
941	365	6
973	365	5
1005	365	0
14	366	2
46	366	1
78	366	0
110	366	0
142	366	0
174	366	1
206	366	0
238	366	-1
270	366	-1
302	366	3
334	366	1
366	366	1
398	366	1
430	366	-1
462	366	5
494	366	3
526	366	2
558	366	-2
590	366	-3
622	366	-2
654	366	-1
686	366	0
718	366	1
750	366	4
782	366	-3
814	366	-4
846	366	0
878	366	0
910	366	1
942	366	2
974	366	1
1006	366	0
15	367	0
47	367	0
79	367	0
111	367	0
143	367	3
175	367	0
207	367	1
239	367	0
271	367	0
303	367	3
335	367	-1
367	367	1
399	367	1
431	367	3
463	367	0
495	367	-3
527	367	-1
559	367	-2
591	367	3
623	367	0
655	367	4
687	367	2
719	367	3
751	367	0
783	367	-4
815	367	-4
847	367	-4
879	367	1
911	367	2
943	367	-1
975	367	3
1007	367	0
16	368	1
48	368	0
80	368	0
112	368	0
144	368	0
176	368	-1
208	368	-1
240	368	0
272	368	0
304	368	1
336	368	2
368	368	2
400	368	1
432	368	1
464	368	-2
496	368	-1
528	368	-2
560	368	-1
592	368	-1
624	368	0
656	368	-4
688	368	-1
720	368	1
752	368	1
784	368	-1
816	368	1
848	368	2
880	368	0
912	368	1
944	368	-1
976	368	0
1008	368	-1
17	369	0
49	369	0
81	369	0
113	369	-1
145	369	-1
177	369	-1
209	369	2
241	369	0
273	369	1
305	369	0
337	369	-1
369	369	1
401	369	0
433	369	0
465	369	0
497	369	0
529	369	-2
561	369	2
593	369	2
625	369	-1
657	369	1
689	369	1
721	369	-4
753	369	1
785	369	-2
817	369	2
849	369	3
881	369	2
913	369	1
945	369	0
977	369	-1
1009	369	0
18	370	0
50	370	-1
82	370	-1
114	370	0
146	370	3
178	370	4
210	370	3
242	370	2
274	370	2
306	370	0
338	370	0
370	370	-2
402	370	-3
434	370	-1
466	370	2
498	370	-2
530	370	1
562	370	-2
594	370	1
626	370	3
658	370	-1
690	370	2
722	370	2
754	370	2
786	370	1
818	370	-5
850	370	0
882	370	0
914	370	-1
946	370	-3
978	370	-1
1010	370	0
19	371	0
51	371	0
83	371	0
115	371	1
147	371	1
179	371	3
211	371	0
243	371	-2
275	371	-2
307	371	-4
339	371	-4
371	371	-1
403	371	1
435	371	3
467	371	3
499	371	2
531	371	-1
563	371	2
595	371	0
627	371	0
659	371	0
691	371	3
723	371	4
755	371	0
787	371	-1
819	371	-1
851	371	-1
883	371	1
915	371	0
947	371	0
979	371	0
1011	371	0
20	372	0
52	372	1
84	372	0
116	372	0
148	372	2
180	372	3
212	372	-2
244	372	0
276	372	0
308	372	-2
340	372	0
372	372	2
404	372	-3
436	372	-2
468	372	4
500	372	4
532	372	0
564	372	-1
596	372	-3
628	372	1
660	372	1
692	372	2
724	372	1
756	372	1
788	372	-2
820	372	2
852	372	-2
884	372	-2
916	372	3
948	372	0
980	372	1
1012	372	0
21	373	0
53	373	-1
85	373	0
117	373	-1
149	373	1
181	373	0
213	373	1
245	373	2
277	373	2
309	373	2
341	373	0
373	373	2
405	373	1
437	373	-1
469	373	1
501	373	0
533	373	-2
565	373	0
597	373	-2
629	373	-1
661	373	0
693	373	-1
725	373	0
757	373	2
789	373	1
821	373	1
853	373	0
885	373	-2
917	373	-1
949	373	-1
981	373	0
1013	373	-1
22	374	0
54	374	0
86	374	0
118	374	0
150	374	-1
182	374	0
214	374	1
246	374	1
278	374	-1
310	374	-1
342	374	-1
374	374	-1
406	374	-1
438	374	0
470	374	0
502	374	-1
534	374	0
566	374	-1
598	374	0
630	374	0
662	374	0
694	374	0
726	374	-1
758	374	0
790	374	0
822	374	-1
854	374	-1
886	374	1
918	374	0
950	374	0
982	374	0
1014	374	0
23	375	0
55	375	0
87	375	0
119	375	-1
151	375	1
183	375	2
215	375	1
247	375	-2
279	375	-1
311	375	3
343	375	0
375	375	0
407	375	-3
439	375	5
471	375	3
503	375	0
535	375	3
567	375	1
599	375	-2
631	375	-2
663	375	0
695	375	6
727	375	0
759	375	-2
791	375	-2
823	375	2
855	375	2
887	375	3
919	375	4
951	375	3
983	375	0
1015	375	0
24	376	1
56	376	0
88	376	0
120	376	1
152	376	-2
184	376	2
216	376	2
248	376	1
280	376	-3
312	376	0
344	376	2
376	376	0
408	376	7
440	376	1
472	376	0
504	376	-1
536	376	2
568	376	0
600	376	-1
632	376	-2
664	376	-1
696	376	2
728	376	2
760	376	1
792	376	2
824	376	2
856	376	5
888	376	0
920	376	-1
952	376	-1
984	376	0
1016	376	0
25	377	0
57	377	1
89	377	0
121	377	1
153	377	0
185	377	-1
217	377	-2
249	377	-4
281	377	2
313	377	-2
345	377	2
377	377	-2
409	377	-2
441	377	0
473	377	0
505	377	1
537	377	-2
569	377	2
601	377	2
633	377	1
665	377	1
697	377	1
729	377	1
761	377	1
793	377	0
825	377	4
857	377	2
889	377	-3
921	377	-4
953	377	0
985	377	1
1017	377	1
26	378	1
58	378	0
90	378	0
122	378	1
154	378	-5
186	378	-5
218	378	-3
250	378	4
282	378	-2
314	378	2
346	378	-1
378	378	1
410	378	3
442	378	0
474	378	3
506	378	-2
538	378	-1
570	378	1
602	378	0
634	378	-3
666	378	-2
698	378	-2
730	378	-3
762	378	-2
794	378	-1
826	378	0
858	378	1
890	378	0
922	378	2
954	378	0
986	378	0
1018	378	0
27	379	0
59	379	0
91	379	1
123	379	0
155	379	-3
187	379	-1
219	379	-3
251	379	1
283	379	1
315	379	2
347	379	2
379	379	2
411	379	3
443	379	-1
475	379	2
507	379	-2
539	379	2
571	379	-2
603	379	4
635	379	3
667	379	-3
699	379	-2
731	379	-1
763	379	-1
795	379	1
827	379	2
859	379	-1
891	379	3
923	379	0
955	379	0
987	379	0
1019	379	0
28	380	0
60	380	0
92	380	0
124	380	0
156	380	0
188	380	4
220	380	2
252	380	0
284	380	1
316	380	2
348	380	-1
380	380	0
412	380	1
444	380	3
476	380	0
508	380	0
540	380	0
572	380	2
604	380	1
636	380	-1
668	380	-3
700	380	0
732	380	0
764	380	0
796	380	0
828	380	-2
860	380	0
892	380	5
924	380	0
956	380	1
988	380	1
1020	380	0
29	381	1
61	381	0
93	381	0
125	381	2
157	381	2
189	381	-2
221	381	0
253	381	3
285	381	-1
317	381	1
349	381	7
381	381	4
413	381	-2
445	381	-3
477	381	3
509	381	-4
541	381	4
573	381	3
605	381	-2
637	381	-3
669	381	3
701	381	1
733	381	2
765	381	3
797	381	3
829	381	2
861	381	0
893	381	0
925	381	0
957	381	-2
989	381	0
1021	381	0
30	382	0
62	382	0
94	382	1
126	382	0
158	382	-5
190	382	-5
222	382	-4
254	382	2
286	382	-2
318	382	-2
350	382	0
382	382	1
414	382	2
446	382	2
478	382	3
510	382	-2
542	382	1
574	382	2
606	382	2
638	382	3
670	382	-1
702	382	5
734	382	-3
766	382	-3
798	382	0
830	382	0
862	382	0
894	382	0
926	382	0
958	382	0
990	382	0
1022	382	0
31	383	0
63	383	0
95	383	0
127	383	-4
159	383	-5
191	383	-2
223	383	-1
255	383	-3
287	383	1
319	383	1
351	383	1
383	383	0
415	383	2
447	383	2
479	383	0
511	383	4
543	383	2
575	383	1
607	383	1
639	383	-2
671	383	-1
703	383	-2
735	383	3
767	383	-2
799	383	1
831	383	0
863	383	3
895	383	-4
927	383	3
959	383	0
991	383	0
1023	383	0
32	384	0
64	384	0
96	384	0
128	384	0
160	384	0
192	384	0
224	384	0
256	384	0
288	384	0
320	384	-1
352	384	0
384	384	0
416	384	0
448	384	0
480	384	0
512	384	0
544	384	-1
576	384	-1
608	384	0
640	384	0
672	384	-1
704	384	0
736	384	-1
768	384	0
800	384	0
832	384	0
864	384	0
896	384	0
928	384	0
960	384	0
992	384	0
1024	384	0
1	385	0
33	385	0
65	385	0
97	385	1
129	385	0
161	385	0
193	385	-1
225	385	-2
257	385	1
289	385	2
321	385	3
353	385	3
385	385	3
417	385	2
449	385	0
481	385	-5
513	385	-4
545	385	-3
577	385	-3
609	385	-3
641	385	-3
673	385	-2
705	385	1
737	385	0
769	385	3
801	385	3
833	385	2
865	385	0
897	385	0
929	385	0
961	385	1
993	385	0
2	386	0
34	386	-1
66	386	0
98	386	-1
130	386	-1
162	386	2
194	386	1
226	386	0
258	386	0
290	386	-1
322	386	0
354	386	-1
386	386	0
418	386	-2
450	386	4
482	386	0
514	386	1
546	386	0
578	386	1
610	386	2
642	386	0
674	386	-1
706	386	2
738	386	3
770	386	-5
802	386	4
834	386	1
866	386	-2
898	386	-1
930	386	-1
962	386	0
994	386	0
3	387	0
35	387	0
67	387	0
99	387	0
131	387	0
163	387	3
195	387	1
227	387	1
259	387	1
291	387	2
323	387	-3
355	387	1
387	387	-2
419	387	1
451	387	0
483	387	-2
515	387	2
547	387	3
579	387	3
611	387	2
643	387	2
675	387	2
707	387	1
739	387	-4
771	387	-2
803	387	0
835	387	-4
867	387	4
899	387	-3
931	387	-2
963	387	0
995	387	0
4	388	0
36	388	0
68	388	0
100	388	1
132	388	1
164	388	-1
196	388	2
228	388	2
260	388	2
292	388	-5
324	388	-3
356	388	-2
388	388	-1
420	388	2
452	388	2
484	388	2
516	388	-1
548	388	2
580	388	1
612	388	0
644	388	0
676	388	0
708	388	3
740	388	2
772	388	3
804	388	1
836	388	2
868	388	-4
900	388	-4
932	388	-5
964	388	0
996	388	0
5	389	0
37	389	1
69	389	1
101	389	1
133	389	0
165	389	-2
197	389	0
229	389	-2
261	389	1
293	389	1
325	389	1
357	389	-4
389	389	2
421	389	1
453	389	3
485	389	4
517	389	2
549	389	3
581	389	0
613	389	3
645	389	3
677	389	1
709	389	-1
741	389	-2
773	389	-1
805	389	-3
837	389	0
869	389	-5
901	389	1
933	389	-1
965	389	0
997	389	0
6	390	1
38	390	0
70	390	2
102	390	0
134	390	-4
166	390	-3
198	390	2
230	390	2
262	390	1
294	390	4
326	390	3
358	390	0
390	390	1
422	390	2
454	390	-2
486	390	1
518	390	0
550	390	3
582	390	5
614	390	4
646	390	-3
678	390	-2
710	390	-1
742	390	0
774	390	-2
806	390	-2
838	390	3
870	390	4
902	390	2
934	390	2
966	390	0
998	390	0
7	391	1
39	391	0
71	391	0
103	391	1
135	391	-1
167	391	-3
199	391	2
231	391	2
263	391	0
295	391	0
327	391	0
359	391	2
391	391	1
423	391	-2
455	391	3
487	391	3
519	391	-6
551	391	-1
583	391	4
615	391	3
647	391	0
679	391	3
711	391	3
743	391	2
775	391	-3
807	391	-3
839	391	-6
871	391	0
903	391	0
935	391	0
967	391	1
999	391	-1
8	392	0
40	392	0
72	392	0
104	392	0
136	392	0
168	392	0
200	392	0
232	392	0
264	392	0
296	392	0
328	392	0
360	392	0
392	392	0
424	392	0
456	392	0
488	392	0
520	392	-1
552	392	-1
584	392	0
616	392	-1
648	392	0
680	392	0
712	392	0
744	392	0
776	392	0
808	392	0
840	392	0
872	392	0
904	392	-1
936	392	0
968	392	0
1000	392	0
9	393	0
41	393	1
73	393	0
105	393	0
137	393	1
169	393	2
201	393	2
233	393	0
265	393	2
297	393	1
329	393	1
361	393	-2
393	393	-2
425	393	-1
457	393	0
489	393	3
521	393	-1
553	393	3
585	393	3
617	393	-2
649	393	3
681	393	0
713	393	2
745	393	2
777	393	0
809	393	-1
841	393	3
873	393	2
905	393	0
937	393	3
969	393	-1
1001	393	0
10	394	0
42	394	0
74	394	0
106	394	0
138	394	0
170	394	-1
202	394	-1
234	394	2
266	394	-3
298	394	0
330	394	1
362	394	1
394	394	-6
426	394	1
458	394	2
490	394	7
522	394	3
554	394	0
586	394	1
618	394	2
650	394	1
682	394	2
714	394	-1
746	394	0
778	394	-3
810	394	-1
842	394	1
874	394	1
906	394	0
938	394	0
970	394	0
1002	394	0
11	395	0
43	395	0
75	395	1
107	395	1
139	395	0
171	395	-3
203	395	0
235	395	-1
267	395	2
299	395	-1
331	395	3
363	395	3
395	395	-1
427	395	3
459	395	3
491	395	-2
523	395	4
555	395	-3
587	395	-3
619	395	-3
651	395	-3
683	395	-3
715	395	3
747	395	-2
779	395	3
811	395	1
843	395	2
875	395	2
907	395	-1
939	395	1
971	395	0
1003	395	0
12	396	0
44	396	0
76	396	1
108	396	1
140	396	1
172	396	0
204	396	1
236	396	3
268	396	5
300	396	2
332	396	3
364	396	1
396	396	3
428	396	-1
460	396	2
492	396	0
524	396	-1
556	396	0
588	396	-1
620	396	-3
652	396	-3
684	396	-3
716	396	0
748	396	-1
780	396	1
812	396	3
844	396	2
876	396	0
908	396	-3
940	396	3
972	396	4
1004	396	0
13	397	1
45	397	-1
77	397	0
109	397	1
141	397	0
173	397	-4
205	397	-2
237	397	-2
269	397	-1
301	397	-3
333	397	-3
365	397	-2
397	397	2
429	397	3
461	397	3
493	397	3
525	397	2
557	397	2
589	397	0
621	397	0
653	397	-2
685	397	-2
717	397	-2
749	397	-2
781	397	-2
813	397	2
845	397	0
877	397	1
909	397	-2
941	397	-3
973	397	-1
1005	397	0
14	398	1
46	398	0
78	398	0
110	398	2
142	398	0
174	398	2
206	398	1
238	398	1
270	398	-1
302	398	-3
334	398	-2
366	398	-1
398	398	0
430	398	2
462	398	-2
494	398	-4
526	398	-4
558	398	3
590	398	3
622	398	3
654	398	3
686	398	2
718	398	2
750	398	-1
782	398	0
814	398	3
846	398	0
878	398	0
910	398	-4
942	398	0
974	398	0
1006	398	0
15	399	2
47	399	0
79	399	0
111	399	2
143	399	1
175	399	2
207	399	0
239	399	0
271	399	2
303	399	3
335	399	0
367	399	2
399	399	1
431	399	-6
463	399	-7
495	399	-5
527	399	-3
559	399	1
591	399	-4
623	399	4
655	399	-2
687	399	2
719	399	3
751	399	0
783	399	4
815	399	3
847	399	2
879	399	3
911	399	3
943	399	2
975	399	3
1007	399	0
16	400	0
48	400	0
80	400	0
112	400	0
144	400	-3
176	400	-2
208	400	0
240	400	-1
272	400	0
304	400	3
336	400	2
368	400	2
400	400	2
432	400	2
464	400	2
496	400	2
528	400	0
560	400	2
592	400	2
624	400	3
656	400	-2
688	400	-1
720	400	1
752	400	0
784	400	0
816	400	1
848	400	2
880	400	2
912	400	3
944	400	0
976	400	0
1008	400	0
17	401	0
49	401	0
81	401	0
113	401	0
145	401	-2
177	401	1
209	401	-2
241	401	0
273	401	-2
305	401	0
337	401	-2
369	401	2
401	401	0
433	401	1
465	401	3
497	401	1
529	401	2
561	401	2
593	401	2
625	401	-4
657	401	-3
689	401	-3
721	401	2
753	401	-3
785	401	0
817	401	-1
849	401	0
881	401	-4
913	401	1
945	401	0
977	401	0
1009	401	-1
18	402	1
50	402	0
82	402	1
114	402	0
146	402	4
178	402	4
210	402	3
242	402	2
274	402	2
306	402	-1
338	402	1
370	402	-2
402	402	-2
434	402	1
466	402	1
498	402	-1
530	402	2
562	402	-1
594	402	1
626	402	1
658	402	-3
690	402	2
722	402	2
754	402	2
786	402	2
818	402	-4
850	402	-1
882	402	0
914	402	-1
946	402	-1
978	402	0
1010	402	0
19	403	1
51	403	1
83	403	0
115	403	1
147	403	-2
179	403	-4
211	403	0
243	403	1
275	403	0
307	403	0
339	403	1
371	403	2
403	403	2
435	403	1
467	403	1
499	403	2
531	403	-1
563	403	2
595	403	1
627	403	-2
659	403	-1
691	403	-2
723	403	-2
755	403	1
787	403	1
819	403	-3
851	403	3
883	403	3
915	403	2
947	403	0
979	403	1
1011	403	1
20	404	2
52	404	1
84	404	0
116	404	1
148	404	1
180	404	0
212	404	3
244	404	-2
276	404	-2
308	404	3
340	404	2
372	404	-1
404	404	5
436	404	2
468	404	-4
500	404	-5
532	404	-2
564	404	-3
596	404	-2
628	404	-3
660	404	3
692	404	-2
724	404	-2
756	404	0
788	404	4
820	404	0
852	404	3
884	404	2
916	404	-3
948	404	2
980	404	1
1012	404	1
21	405	2
53	405	1
85	405	1
117	405	1
149	405	-4
181	405	3
213	405	-1
245	405	0
277	405	1
309	405	2
341	405	-2
373	405	-5
405	405	-4
437	405	-2
469	405	2
501	405	3
533	405	3
565	405	0
597	405	1
629	405	2
661	405	-1
693	405	1
725	405	0
757	405	-2
789	405	1
821	405	3
853	405	3
885	405	2
917	405	2
949	405	1
981	405	0
1013	405	1
22	406	-1
54	406	0
86	406	0
118	406	0
150	406	-1
182	406	3
214	406	2
246	406	-1
278	406	2
310	406	-2
342	406	-2
374	406	2
406	406	2
438	406	2
470	406	3
502	406	1
534	406	3
566	406	3
598	406	-1
630	406	1
662	406	-2
694	406	-2
726	406	-2
758	406	-2
790	406	2
822	406	5
854	406	1
886	406	1
918	406	-1
950	406	1
982	406	1
1014	406	0
23	407	-1
55	407	0
87	407	0
119	407	0
151	407	-1
183	407	0
215	407	0
247	407	0
279	407	0
311	407	0
343	407	0
375	407	0
407	407	1
439	407	0
471	407	0
503	407	0
535	407	0
567	407	-1
599	407	1
631	407	0
663	407	-1
695	407	2
727	407	1
759	407	0
791	407	0
823	407	-1
855	407	0
887	407	0
919	407	2
951	407	1
983	407	0
1015	407	0
24	408	0
56	408	0
88	408	0
120	408	1
152	408	0
184	408	1
216	408	0
248	408	0
280	408	2
312	408	1
344	408	0
376	408	-2
408	408	3
440	408	-2
472	408	-1
504	408	-2
536	408	-3
568	408	-4
600	408	-5
632	408	2
664	408	2
696	408	2
728	408	0
760	408	-1
792	408	0
824	408	0
856	408	1
888	408	-2
920	408	-1
952	408	0
984	408	0
1016	408	1
25	409	0
57	409	0
89	409	1
121	409	0
153	409	0
185	409	1
217	409	0
249	409	0
281	409	0
313	409	-1
345	409	0
377	409	0
409	409	0
441	409	0
473	409	0
505	409	0
537	409	0
569	409	0
601	409	0
633	409	0
665	409	0
697	409	0
729	409	0
761	409	0
793	409	0
825	409	0
857	409	0
889	409	0
921	409	0
953	409	0
985	409	0
1017	409	0
26	410	1
58	410	0
90	410	0
122	410	0
154	410	3
186	410	2
218	410	0
250	410	3
282	410	-2
314	410	2
346	410	2
378	410	0
410	410	7
442	410	1
474	410	2
506	410	-1
538	410	0
570	410	-1
602	410	1
634	410	0
666	410	-2
698	410	-2
730	410	0
762	410	-2
794	410	-1
826	410	-1
858	410	1
890	410	0
922	410	1
954	410	0
986	410	1
1018	410	0
27	411	1
59	411	0
91	411	-1
123	411	1
155	411	0
187	411	4
219	411	1
251	411	1
283	411	-2
315	411	-2
347	411	1
379	411	1
411	411	1
443	411	-1
475	411	-1
507	411	2
539	411	0
571	411	0
603	411	-1
635	411	0
667	411	-7
699	411	1
731	411	0
763	411	0
795	411	1
827	411	-1
859	411	2
891	411	4
923	411	2
955	411	0
987	411	1
1019	411	0
28	412	1
60	412	0
92	412	1
124	412	2
156	412	0
188	412	0
220	412	-1
252	412	0
284	412	1
316	412	0
348	412	0
380	412	-6
412	412	1
444	412	-5
476	412	4
508	412	3
540	412	-1
572	412	3
604	412	1
636	412	2
668	412	1
700	412	-3
732	412	-2
764	412	-2
796	412	0
828	412	-2
860	412	0
892	412	0
924	412	2
956	412	2
988	412	1
1020	412	0
29	413	1
61	413	-1
93	413	0
125	413	1
157	413	2
189	413	0
221	413	0
253	413	1
285	413	-1
317	413	-1
349	413	0
381	413	-6
413	413	2
445	413	2
477	413	2
509	413	0
541	413	0
573	413	2
605	413	1
637	413	0
669	413	-3
701	413	0
733	413	0
765	413	0
797	413	1
829	413	2
861	413	1
893	413	2
925	413	0
957	413	-3
989	413	0
1021	413	1
30	414	0
62	414	0
94	414	0
126	414	1
158	414	-2
190	414	-2
222	414	2
254	414	-1
286	414	1
318	414	2
350	414	2
382	414	2
414	414	-1
446	414	0
478	414	-2
510	414	0
542	414	0
574	414	-1
606	414	0
638	414	0
670	414	-1
702	414	-4
734	414	0
766	414	-2
798	414	0
830	414	0
862	414	0
894	414	3
926	414	3
958	414	0
990	414	0
1022	414	0
31	415	1
63	415	0
95	415	1
127	415	-1
159	415	-1
191	415	0
223	415	-2
255	415	-2
287	415	0
319	415	2
351	415	2
383	415	1
415	415	2
447	415	0
479	415	1
511	415	-4
543	415	-2
575	415	-2
607	415	-1
639	415	-3
671	415	-1
703	415	-1
735	415	-1
767	415	-1
799	415	1
831	415	1
863	415	1
895	415	1
927	415	1
959	415	0
991	415	0
1023	415	-1
32	416	1
64	416	0
96	416	0
128	416	1
160	416	-1
192	416	1
224	416	-3
256	416	-3
288	416	1
320	416	-4
352	416	3
384	416	1
416	416	0
448	416	4
480	416	-1
512	416	-1
544	416	-1
576	416	1
608	416	0
640	416	0
672	416	1
704	416	-1
736	416	1
768	416	-2
800	416	0
832	416	-2
864	416	3
896	416	-3
928	416	3
960	416	0
992	416	0
1024	416	0
1	417	0
33	417	0
65	417	0
97	417	0
129	417	0
161	417	-1
193	417	-3
225	417	1
257	417	-4
289	417	3
321	417	3
353	417	1
385	417	0
417	417	2
449	417	-5
481	417	-3
513	417	0
545	417	0
577	417	1
609	417	1
641	417	1
673	417	2
705	417	1
737	417	-6
769	417	-1
801	417	1
833	417	0
865	417	1
897	417	-2
929	417	0
961	417	0
993	417	0
2	418	-1
34	418	1
66	418	0
98	418	-1
130	418	1
162	418	4
194	418	2
226	418	1
258	418	1
290	418	1
322	418	2
354	418	3
386	418	0
418	418	-3
450	418	3
482	418	-4
514	418	-2
546	418	4
578	418	4
610	418	-2
642	418	2
674	418	-4
706	418	1
738	418	1
770	418	1
802	418	-2
834	418	1
866	418	1
898	418	-3
930	418	-4
962	418	1
994	418	0
3	419	0
35	419	0
67	419	1
99	419	2
131	419	0
163	419	1
195	419	2
227	419	-1
259	419	3
291	419	-1
323	419	-4
355	419	-4
387	419	-2
419	419	-3
451	419	-3
483	419	4
515	419	4
547	419	4
579	419	2
611	419	1
643	419	0
675	419	0
707	419	4
739	419	-2
771	419	0
803	419	1
835	419	0
867	419	3
899	419	1
931	419	0
963	419	0
995	419	0
4	420	0
36	420	0
68	420	0
100	420	0
132	420	0
164	420	-1
196	420	0
228	420	-3
260	420	-2
292	420	7
324	420	3
356	420	2
388	420	1
420	420	1
452	420	3
484	420	2
516	420	-1
548	420	1
580	420	0
612	420	0
644	420	0
676	420	3
708	420	2
740	420	-3
772	420	-2
804	420	-3
836	420	1
868	420	2
900	420	1
932	420	2
964	420	-1
996	420	-1
5	421	0
37	421	1
69	421	0
101	421	1
133	421	1
165	421	1
197	421	0
229	421	1
261	421	-1
293	421	0
325	421	-1
357	421	3
389	421	-1
421	421	0
453	421	-4
485	421	-3
517	421	1
549	421	-1
581	421	1
613	421	1
645	421	1
677	421	2
709	421	2
741	421	2
773	421	1
805	421	2
837	421	1
869	421	5
901	421	-3
933	421	1
965	421	0
997	421	1
6	422	0
38	422	0
70	422	1
102	422	-1
134	422	-4
166	422	-3
198	422	2
230	422	2
262	422	0
294	422	3
326	422	2
358	422	0
390	422	1
422	422	1
454	422	-1
486	422	1
518	422	2
550	422	2
582	422	0
614	422	2
646	422	-1
678	422	-3
710	422	-3
742	422	0
774	422	-5
806	422	-5
838	422	3
870	422	5
902	422	0
934	422	1
966	422	0
998	422	0
7	423	0
39	423	0
71	423	0
103	423	0
135	423	0
167	423	-3
199	423	1
231	423	3
263	423	2
295	423	0
327	423	-3
359	423	2
391	423	4
423	423	4
455	423	1
487	423	-2
519	423	-1
551	423	2
583	423	-2
615	423	-2
647	423	-1
679	423	1
711	423	1
743	423	2
775	423	2
807	423	2
839	423	-1
871	423	0
903	423	2
935	423	0
967	423	2
999	423	1
8	424	-1
40	424	1
72	424	1
104	424	-1
136	424	1
168	424	1
200	424	-4
232	424	-2
264	424	-1
296	424	-2
328	424	1
360	424	0
392	424	3
424	424	3
456	424	0
488	424	1
520	424	-1
552	424	3
584	424	2
616	424	0
648	424	-2
680	424	0
712	424	-1
744	424	0
776	424	1
808	424	-1
840	424	2
872	424	-1
904	424	0
936	424	-4
968	424	-1
1000	424	0
9	425	0
41	425	1
73	425	0
105	425	0
137	425	0
169	425	3
201	425	-1
233	425	0
265	425	-1
297	425	-2
329	425	-3
361	425	0
393	425	0
425	425	-1
457	425	1
489	425	1
521	425	-1
553	425	1
585	425	2
617	425	-3
649	425	2
681	425	2
713	425	-2
745	425	2
777	425	0
809	425	-1
841	425	4
873	425	-1
905	425	-2
937	425	-4
969	425	-3
1001	425	0
10	426	1
42	426	0
74	426	1
106	426	0
138	426	0
170	426	2
202	426	1
234	426	-2
266	426	5
298	426	1
330	426	-1
362	426	1
394	426	5
426	426	3
458	426	4
490	426	-2
522	426	5
554	426	3
586	426	2
618	426	-2
650	426	-2
682	426	-2
714	426	2
746	426	-1
778	426	2
810	426	-1
842	426	-2
874	426	0
906	426	-1
938	426	2
970	426	1
1002	426	1
11	427	0
43	427	0
75	427	0
107	427	1
139	427	3
171	427	1
203	427	1
235	427	0
267	427	0
299	427	-1
331	427	-1
363	427	1
395	427	-4
427	427	1
459	427	5
491	427	2
523	427	-1
555	427	-1
587	427	0
619	427	0
651	427	2
683	427	2
715	427	-1
747	427	1
779	427	0
811	427	1
843	427	1
875	427	2
907	427	4
939	427	-1
971	427	0
1003	427	0
12	428	0
44	428	0
76	428	1
108	428	0
140	428	1
172	428	1
204	428	1
236	428	3
268	428	3
300	428	3
332	428	3
364	428	0
396	428	3
428	428	0
460	428	3
492	428	0
524	428	-2
556	428	1
588	428	0
620	428	-1
652	428	-1
684	428	-1
716	428	-2
748	428	0
780	428	1
812	428	3
844	428	1
876	428	2
908	428	-2
940	428	2
972	428	2
1004	428	0
13	429	1
45	429	0
77	429	0
109	429	2
141	429	0
173	429	-1
205	429	-3
237	429	-2
269	429	0
301	429	3
333	429	2
365	429	3
397	429	2
429	429	2
461	429	-3
493	429	0
525	429	1
557	429	1
589	429	2
621	429	1
653	429	-1
685	429	-2
717	429	-2
749	429	-3
781	429	-3
813	429	2
845	429	1
877	429	1
909	429	0
941	429	3
973	429	4
1005	429	-1
14	430	2
46	430	1
78	430	-1
110	430	2
142	430	0
174	430	2
206	430	2
238	430	2
270	430	0
302	430	-3
334	430	-1
366	430	-1
398	430	-1
430	430	-2
462	430	1
494	430	1
526	430	3
558	430	-2
590	430	1
622	430	-1
654	430	0
686	430	1
718	430	3
750	430	0
782	430	2
814	430	1
846	430	0
878	430	1
910	430	3
942	430	1
974	430	1
1006	430	0
15	431	1
47	431	0
79	431	0
111	431	2
143	431	-2
175	431	-3
207	431	-3
239	431	0
271	431	3
303	431	0
335	431	0
367	431	0
399	431	-1
431	431	-2
463	431	0
495	431	3
527	431	2
559	431	3
591	431	-6
623	431	-3
655	431	-7
687	431	-3
719	431	-3
751	431	0
783	431	1
815	431	3
847	431	2
879	431	4
911	431	0
943	431	2
975	431	-2
1007	431	0
16	432	0
48	432	0
80	432	0
112	432	0
144	432	-4
176	432	-4
208	432	-2
240	432	0
272	432	0
304	432	2
336	432	2
368	432	1
400	432	2
432	432	2
464	432	-1
496	432	2
528	432	-2
560	432	3
592	432	2
624	432	3
656	432	-2
688	432	-2
720	432	0
752	432	0
784	432	4
816	432	1
848	432	2
880	432	1
912	432	1
944	432	1
976	432	0
1008	432	0
17	433	0
49	433	0
81	433	0
113	433	0
145	433	-3
177	433	0
209	433	-2
241	433	1
273	433	-1
305	433	2
337	433	-1
369	433	2
401	433	2
433	433	2
465	433	-2
497	433	1
529	433	2
561	433	2
593	433	2
625	433	-3
657	433	-3
689	433	-3
721	433	0
753	433	-4
785	433	0
817	433	-1
849	433	1
881	433	-6
913	433	3
945	433	-1
977	433	3
1009	433	0
18	434	0
50	434	0
82	434	0
114	434	0
146	434	0
178	434	0
210	434	0
242	434	0
274	434	0
306	434	-1
338	434	0
370	434	1
402	434	-1
434	434	0
466	434	0
498	434	-1
530	434	0
562	434	0
594	434	0
626	434	-1
658	434	0
690	434	0
722	434	0
754	434	0
786	434	0
818	434	0
850	434	0
882	434	0
914	434	0
946	434	0
978	434	0
1010	434	0
19	435	1
51	435	0
83	435	1
115	435	1
147	435	0
179	435	-2
211	435	0
243	435	-1
275	435	0
307	435	1
339	435	2
371	435	4
403	435	3
435	435	-1
467	435	-4
499	435	-6
531	435	2
563	435	-3
595	435	-3
627	435	1
659	435	2
691	435	0
723	435	-1
755	435	0
787	435	1
819	435	2
851	435	0
883	435	2
915	435	2
947	435	0
979	435	0
1011	435	0
20	436	1
52	436	1
84	436	0
116	436	-1
148	436	2
180	436	2
212	436	-1
244	436	-1
276	436	-2
308	436	5
340	436	0
372	436	-2
404	436	0
436	436	0
468	436	-3
500	436	-3
532	436	3
564	436	-1
596	436	-3
628	436	-3
660	436	3
692	436	-1
724	436	0
756	436	0
788	436	4
820	436	-3
852	436	3
884	436	-3
916	436	0
948	436	1
980	436	1
1012	436	1
21	437	-1
53	437	-1
85	437	0
117	437	0
149	437	0
181	437	1
213	437	4
245	437	3
277	437	1
309	437	0
341	437	-2
373	437	-6
405	437	-5
437	437	-3
469	437	1
501	437	1
533	437	0
565	437	1
597	437	0
629	437	1
661	437	-1
693	437	2
725	437	0
757	437	1
789	437	2
821	437	2
853	437	3
885	437	-2
917	437	2
949	437	0
981	437	1
1013	437	1
22	438	0
54	438	-1
86	438	0
118	438	0
150	438	-2
182	438	2
214	438	5
246	438	-4
278	438	3
310	438	-6
342	438	1
374	438	3
406	438	2
438	438	2
470	438	-2
502	438	1
534	438	-1
566	438	-2
598	438	-1
630	438	-2
662	438	0
694	438	0
726	438	2
758	438	2
790	438	-1
822	438	-1
854	438	3
886	438	4
918	438	0
950	438	1
982	438	0
1014	438	0
23	439	0
55	439	0
87	439	0
119	439	4
151	439	0
183	439	1
215	439	-3
247	439	3
279	439	3
311	439	-1
343	439	0
375	439	0
407	439	3
439	439	-4
471	439	-4
503	439	2
535	439	-2
567	439	3
599	439	4
631	439	4
663	439	0
695	439	-6
727	439	0
759	439	2
791	439	1
823	439	-2
855	439	-2
887	439	-2
919	439	-2
951	439	-3
983	439	0
1015	439	0
24	440	0
56	440	1
88	440	0
120	440	-1
152	440	1
184	440	-1
216	440	2
248	440	3
280	440	-1
312	440	1
344	440	0
376	440	-1
408	440	5
440	440	0
472	440	3
504	440	-4
536	440	-3
568	440	-4
600	440	6
632	440	-4
664	440	-5
696	440	-1
728	440	1
760	440	3
792	440	2
824	440	0
856	440	0
888	440	3
920	440	3
952	440	0
984	440	0
1016	440	0
25	441	0
57	441	0
89	441	-1
121	441	5
153	441	0
185	441	-1
217	441	-3
249	441	-2
281	441	1
313	441	-2
345	441	3
377	441	-2
409	441	-2
441	441	2
473	441	0
505	441	2
537	441	2
569	441	0
601	441	2
633	441	-2
665	441	1
697	441	3
729	441	3
761	441	2
793	441	0
825	441	-1
857	441	-3
889	441	-5
921	441	-4
953	441	0
985	441	1
1017	441	0
26	442	0
58	442	0
90	442	0
122	442	0
154	442	-1
186	442	3
218	442	2
250	442	1
282	442	0
314	442	4
346	442	-3
378	442	-1
410	442	6
442	442	-2
474	442	2
506	442	1
538	442	-2
570	442	0
602	442	-3
634	442	3
666	442	-1
698	442	2
730	442	1
762	442	1
794	442	0
826	442	-1
858	442	1
890	442	3
922	442	-1
954	442	0
986	442	0
1018	442	-1
27	443	0
59	443	1
91	443	0
123	443	1
155	443	3
187	443	0
219	443	3
251	443	0
283	443	2
315	443	2
347	443	-1
379	443	0
411	443	-1
443	443	-1
475	443	2
507	443	-3
539	443	2
571	443	1
603	443	1
635	443	2
667	443	3
699	443	2
731	443	3
763	443	1
795	443	-1
827	443	-2
859	443	-2
891	443	-5
923	443	0
955	443	0
987	443	1
1019	443	0
28	444	-1
60	444	0
92	444	0
124	444	0
156	444	2
188	444	3
220	444	0
252	444	-1
284	444	3
316	444	-1
348	444	1
380	444	-3
412	444	2
444	444	-3
476	444	2
508	444	1
540	444	0
572	444	-3
604	444	2
636	444	-3
668	444	0
700	444	-1
732	444	-1
764	444	-2
796	444	0
828	444	-1
860	444	0
892	444	1
924	444	3
956	444	1
988	444	0
1020	444	0
29	445	-1
61	445	0
93	445	0
125	445	0
157	445	-1
189	445	3
221	445	-1
253	445	-1
285	445	1
317	445	3
349	445	-2
381	445	3
413	445	2
445	445	2
477	445	1
509	445	-2
541	445	1
573	445	0
605	445	-1
637	445	-1
669	445	2
701	445	3
733	445	2
765	445	1
797	445	1
829	445	2
861	445	3
893	445	2
925	445	0
957	445	0
989	445	1
1021	445	-1
30	446	-1
62	446	0
94	446	0
126	446	0
158	446	0
190	446	1
222	446	0
254	446	0
286	446	1
318	446	-1
350	446	-2
382	446	0
414	446	2
446	446	3
478	446	-2
510	446	4
542	446	3
574	446	1
606	446	1
638	446	0
670	446	2
702	446	0
734	446	-1
766	446	1
798	446	0
830	446	1
862	446	0
894	446	-2
926	446	-2
958	446	0
990	446	0
1022	446	0
31	447	3
63	447	0
95	447	2
127	447	-1
159	447	-4
191	447	1
223	447	0
255	447	-1
287	447	3
319	447	2
351	447	1
383	447	1
415	447	2
447	447	3
479	447	3
511	447	-4
543	447	-4
575	447	-5
607	447	-4
639	447	-1
671	447	-3
703	447	-1
735	447	4
767	447	0
799	447	3
831	447	1
863	447	1
895	447	1
927	447	2
959	447	0
991	447	0
1023	447	0
32	448	0
64	448	0
96	448	0
128	448	-2
160	448	-2
192	448	-3
224	448	-5
256	448	0
288	448	1
320	448	-2
352	448	2
384	448	2
416	448	-1
448	448	6
480	448	1
512	448	-1
544	448	0
576	448	0
608	448	1
640	448	2
672	448	1
704	448	-1
736	448	1
768	448	0
800	448	0
832	448	-1
864	448	4
896	448	-2
928	448	3
960	448	0
992	448	0
1024	448	0
1	449	0
33	449	0
65	449	0
97	449	1
129	449	1
161	449	-4
193	449	0
225	449	3
257	449	2
289	449	1
321	449	1
353	449	1
385	449	-1
417	449	-2
449	449	3
481	449	3
513	449	3
545	449	3
577	449	3
609	449	1
641	449	1
673	449	0
705	449	-1
737	449	4
769	449	-3
801	449	1
833	449	1
865	449	2
897	449	-2
929	449	0
961	449	1
993	449	0
2	450	0
34	450	0
66	450	0
98	450	1
130	450	1
162	450	3
194	450	2
226	450	2
258	450	0
290	450	-1
322	450	1
354	450	1
386	450	0
418	450	-2
450	450	4
482	450	-3
514	450	-3
546	450	4
578	450	2
610	450	-2
642	450	1
674	450	-1
706	450	1
738	450	2
770	450	2
802	450	0
834	450	1
866	450	0
898	450	-4
930	450	-6
962	450	0
994	450	0
3	451	0
35	451	0
67	451	0
99	451	1
131	451	0
163	451	1
195	451	1
227	451	0
259	451	3
291	451	0
323	451	-1
355	451	0
387	451	0
419	451	0
451	451	0
483	451	-3
515	451	-3
547	451	-3
579	451	1
611	451	3
643	451	4
675	451	-1
707	451	3
739	451	-1
771	451	0
803	451	1
835	451	-3
867	451	1
899	451	-5
931	451	-3
963	451	0
995	451	0
4	452	0
36	452	0
68	452	0
100	452	2
132	452	0
164	452	0
196	452	3
228	452	3
260	452	2
292	452	-7
324	452	1
356	452	-1
388	452	-3
420	452	-3
452	452	-5
484	452	-3
516	452	3
548	452	0
580	452	2
612	452	0
644	452	0
676	452	-1
708	452	-1
740	452	1
772	452	3
804	452	1
836	452	4
868	452	-2
900	452	-2
932	452	-1
964	452	0
996	452	0
5	453	0
37	453	1
69	453	1
101	453	1
133	453	-3
165	453	0
197	453	3
229	453	-2
261	453	2
293	453	0
325	453	2
357	453	0
389	453	1
421	453	-1
453	453	2
485	453	3
517	453	0
549	453	2
581	453	0
613	453	0
645	453	-1
677	453	-2
709	453	-2
741	453	-2
773	453	1
805	453	-1
837	453	3
869	453	-7
901	453	1
933	453	-1
965	453	0
997	453	0
6	454	0
38	454	0
70	454	0
102	454	0
134	454	0
166	454	0
198	454	1
230	454	1
262	454	3
294	454	0
326	454	-4
358	454	3
390	454	-2
422	454	-4
454	454	1
486	454	1
518	454	1
550	454	2
582	454	-3
614	454	-2
646	454	2
678	454	1
710	454	1
742	454	0
774	454	1
806	454	1
838	454	0
870	454	0
902	454	0
934	454	0
966	454	0
998	454	1
7	455	0
39	455	0
71	455	0
103	455	0
135	455	-1
167	455	-4
199	455	2
231	455	1
263	455	0
295	455	0
327	455	-2
359	455	2
391	455	3
423	455	1
455	455	3
487	455	3
519	455	-6
551	455	4
583	455	3
615	455	2
647	455	-3
679	455	4
711	455	4
743	455	4
775	455	-3
807	455	-2
839	455	-7
871	455	0
903	455	0
935	455	1
967	455	2
999	455	0
8	456	0
40	456	0
72	456	0
104	456	0
136	456	0
168	456	-1
200	456	0
232	456	0
264	456	0
296	456	-1
328	456	0
360	456	0
392	456	0
424	456	0
456	456	0
488	456	-1
520	456	0
552	456	0
584	456	0
616	456	0
648	456	-1
680	456	0
712	456	0
744	456	0
776	456	0
808	456	0
840	456	0
872	456	0
904	456	0
936	456	0
968	456	0
1000	456	1
9	457	0
41	457	1
73	457	0
105	457	1
137	457	-3
169	457	-3
201	457	-1
233	457	0
265	457	1
297	457	4
329	457	2
361	457	0
393	457	2
425	457	-1
457	457	-5
489	457	5
521	457	1
553	457	1
585	457	0
617	457	2
649	457	2
681	457	-1
713	457	1
745	457	-1
777	457	0
809	457	0
841	457	-1
873	457	0
905	457	0
937	457	4
969	457	2
1001	457	0
10	458	0
42	458	0
74	458	1
106	458	0
138	458	0
170	458	1
202	458	-2
234	458	-2
266	458	6
298	458	1
330	458	-1
362	458	1
394	458	2
426	458	3
458	458	4
490	458	-3
522	458	5
554	458	3
586	458	3
618	458	-2
650	458	-3
682	458	-2
714	458	2
746	458	-1
778	458	2
810	458	-1
842	458	0
874	458	1
906	458	-1
938	458	2
970	458	1
1002	458	0
11	459	0
43	459	0
75	459	1
107	459	0
139	459	-1
171	459	-3
203	459	-2
235	459	-1
267	459	1
299	459	1
331	459	3
363	459	3
395	459	1
427	459	2
459	459	-2
491	459	-2
523	459	5
555	459	-4
587	459	-4
619	459	-3
651	459	-7
683	459	-6
715	459	4
747	459	0
779	459	2
811	459	2
843	459	3
875	459	2
907	459	0
939	459	1
971	459	0
1003	459	0
12	460	0
44	460	-1
76	460	1
108	460	0
140	460	0
172	460	0
204	460	-4
236	460	0
268	460	0
300	460	-2
332	460	1
364	460	-1
396	460	-4
428	460	3
460	460	-3
492	460	0
524	460	3
556	460	-2
588	460	2
620	460	5
652	460	3
684	460	2
716	460	-2
748	460	2
780	460	-3
812	460	0
844	460	2
876	460	2
908	460	-2
940	460	2
972	460	2
1004	460	0
13	461	1
45	461	0
77	461	1
109	461	1
141	461	0
173	461	-1
205	461	-3
237	461	-2
269	461	-2
301	461	3
333	461	4
365	461	3
397	461	1
429	461	0
461	461	-5
493	461	-4
525	461	-3
557	461	-1
589	461	-1
621	461	1
653	461	0
685	461	-1
717	461	-1
749	461	-1
781	461	-1
813	461	1
845	461	1
877	461	1
909	461	3
941	461	5
973	461	4
1005	461	0
14	462	1
46	462	2
78	462	0
110	462	-2
142	462	0
174	462	-2
206	462	-4
238	462	-1
270	462	-1
302	462	2
334	462	2
366	462	2
398	462	2
430	462	1
462	462	1
494	462	-1
526	462	-3
558	462	2
590	462	-1
622	462	1
654	462	1
686	462	-1
718	462	-2
750	462	3
782	462	-2
814	462	0
846	462	0
878	462	0
910	462	-4
942	462	1
974	462	1
1006	462	0
15	463	0
47	463	0
79	463	0
111	463	0
143	463	-3
175	463	1
207	463	0
239	463	0
271	463	-4
303	463	-3
335	463	0
367	463	-2
399	463	-1
431	463	0
463	463	1
495	463	2
527	463	1
559	463	2
591	463	2
623	463	2
655	463	0
687	463	-1
719	463	-1
751	463	0
783	463	2
815	463	0
847	463	0
879	463	-4
911	463	0
943	463	2
975	463	-3
1007	463	0
16	464	0
48	464	-1
80	464	1
112	464	0
144	464	0
176	464	-1
208	464	-1
240	464	0
272	464	1
304	464	2
336	464	3
368	464	2
400	464	3
432	464	0
464	464	2
496	464	-3
528	464	3
560	464	-3
592	464	-2
624	464	-3
656	464	2
688	464	1
720	464	1
752	464	0
784	464	-1
816	464	0
848	464	0
880	464	2
912	464	5
944	464	1
976	464	0
1008	464	1
17	465	0
49	465	0
81	465	-1
113	465	0
145	465	2
177	465	0
209	465	-1
241	465	0
273	465	2
305	465	2
337	465	4
369	465	0
401	465	-1
433	465	-1
465	465	-2
497	465	3
529	465	-1
561	465	0
593	465	0
625	465	0
657	465	1
689	465	1
721	465	1
753	465	1
785	465	2
817	465	0
849	465	-2
881	465	-2
913	465	3
945	465	0
977	465	2
1009	465	0
18	466	0
50	466	0
82	466	-1
114	466	0
146	466	-3
178	466	-2
210	466	1
242	466	1
274	466	2
306	466	2
338	466	0
370	466	4
402	466	2
434	466	-3
466	466	-2
498	466	2
530	466	-3
562	466	2
594	466	2
626	466	-3
658	466	-3
690	466	1
722	466	1
754	466	2
786	466	1
818	466	0
850	466	1
882	466	-2
914	466	-1
946	466	-2
978	466	0
1010	466	0
19	467	1
51	467	0
83	467	0
115	467	1
147	467	0
179	467	-1
211	467	0
243	467	0
275	467	0
307	467	-1
339	467	2
371	467	3
403	467	3
435	467	1
467	467	-1
499	467	-4
531	467	1
563	467	-4
595	467	-3
627	467	0
659	467	2
691	467	0
723	467	-2
755	467	2
787	467	1
819	467	-1
851	467	-2
883	467	2
915	467	2
947	467	0
979	467	0
1011	467	0
20	468	0
52	468	0
84	468	0
116	468	0
148	468	1
180	468	3
212	468	-2
244	468	1
276	468	-2
308	468	1
340	468	1
372	468	0
404	468	1
436	468	-3
468	468	2
500	468	3
532	468	-1
564	468	1
596	468	1
628	468	3
660	468	-4
692	468	2
724	468	1
756	468	1
788	468	-1
820	468	1
852	468	-5
884	468	-1
916	468	1
948	468	-1
980	468	0
1012	468	0
21	469	0
53	469	-1
85	469	0
117	469	0
149	469	0
181	469	0
213	469	0
245	469	0
277	469	0
309	469	-1
341	469	0
373	469	0
405	469	0
437	469	0
469	469	0
501	469	0
533	469	0
565	469	0
597	469	0
629	469	0
661	469	0
693	469	0
725	469	0
757	469	-1
789	469	0
821	469	0
853	469	0
885	469	0
917	469	0
949	469	0
981	469	0
1013	469	1
22	470	0
54	470	0
86	470	1
118	470	0
150	470	0
182	470	2
214	470	5
246	470	-2
278	470	3
310	470	0
342	470	5
374	470	-2
406	470	-3
438	470	-5
470	470	-3
502	470	1
534	470	-2
566	470	-1
598	470	1
630	470	-2
662	470	6
694	470	1
726	470	3
758	470	2
790	470	-3
822	470	-2
854	470	2
886	470	1
918	470	2
950	470	2
982	470	0
1014	470	0
23	471	0
55	471	0
87	471	0
119	471	1
151	471	0
183	471	-1
215	471	1
247	471	-1
279	471	1
311	471	-1
343	471	0
375	471	1
407	471	-1
439	471	5
471	471	3
503	471	-1
535	471	1
567	471	1
599	471	1
631	471	-3
663	471	-1
695	471	4
727	471	0
759	471	-1
791	471	-1
823	471	4
855	471	3
887	471	-3
919	471	-5
951	471	-1
983	471	-1
1015	471	0
24	472	0
56	472	-1
88	472	0
120	472	-1
152	472	0
184	472	1
216	472	1
248	472	-1
280	472	-1
312	472	-3
344	472	-3
376	472	0
408	472	1
440	472	3
472	472	2
504	472	5
536	472	3
568	472	2
600	472	5
632	472	-1
664	472	0
696	472	-1
728	472	-1
760	472	-1
792	472	-1
824	472	0
856	472	0
888	472	1
920	472	-1
952	472	1
984	472	0
1016	472	0
25	473	0
57	473	0
89	473	0
121	473	1
153	473	1
185	473	0
217	473	2
249	473	2
281	473	0
313	473	2
345	473	2
377	473	2
409	473	0
441	473	4
473	473	4
505	473	-1
537	473	-1
569	473	-2
601	473	0
633	473	-2
665	473	-2
697	473	-1
729	473	1
761	473	1
793	473	1
825	473	-3
857	473	-4
889	473	1
921	473	0
953	473	1
985	473	1
1017	473	2
26	474	2
58	474	0
90	474	0
122	474	0
154	474	-2
186	474	-4
218	474	-3
250	474	2
282	474	2
314	474	3
346	474	-1
378	474	1
410	474	-1
442	474	-2
474	474	-3
506	474	1
538	474	-3
570	474	3
602	474	0
634	474	0
666	474	0
698	474	-1
730	474	-2
762	474	-1
794	474	0
826	474	0
858	474	0
890	474	2
922	474	0
954	474	0
986	474	-1
1018	474	0
27	475	-1
59	475	1
91	475	0
123	475	1
155	475	3
187	475	2
219	475	2
251	475	2
283	475	-1
315	475	-3
347	475	-3
379	475	-2
411	475	-3
443	475	1
475	475	2
507	475	4
539	475	3
571	475	3
603	475	-2
635	475	0
667	475	-1
699	475	1
731	475	0
763	475	-2
795	475	-3
827	475	-4
859	475	1
891	475	1
923	475	2
955	475	0
987	475	1
1019	475	0
28	476	0
60	476	0
92	476	0
124	476	1
156	476	-1
188	476	-3
220	476	-6
252	476	-4
284	476	1
316	476	2
348	476	3
380	476	6
412	476	1
444	476	5
476	476	-2
508	476	-3
540	476	0
572	476	-1
604	476	-1
636	476	3
668	476	-4
700	476	2
732	476	-1
764	476	-2
796	476	0
828	476	0
860	476	0
892	476	3
924	476	0
956	476	1
988	476	1
1020	476	1
29	477	2
61	477	0
93	477	0
125	477	1
157	477	-1
189	477	2
221	477	-1
253	477	3
285	477	-1
317	477	2
349	477	1
381	477	5
413	477	0
445	477	-3
477	477	2
509	477	-4
541	477	5
573	477	1
605	477	-2
637	477	-2
669	477	4
701	477	3
733	477	3
765	477	3
797	477	3
829	477	4
861	477	1
893	477	-1
925	477	0
957	477	-3
989	477	0
1021	477	0
30	478	0
62	478	0
94	478	1
126	478	0
158	478	2
190	478	3
222	478	-2
254	478	2
286	478	1
318	478	0
350	478	1
382	478	-1
414	478	0
446	478	3
478	478	3
510	478	0
542	478	-1
574	478	1
606	478	0
638	478	2
670	478	2
702	478	2
734	478	0
766	478	1
798	478	0
830	478	-1
862	478	1
894	478	1
926	478	-2
958	478	-1
990	478	0
1022	478	0
31	479	1
63	479	0
95	479	1
127	479	1
159	479	0
191	479	2
223	479	0
255	479	0
287	479	1
319	479	-1
351	479	-1
383	479	2
415	479	3
447	479	3
479	479	4
511	479	-4
543	479	-4
575	479	-3
607	479	-3
639	479	-5
671	479	-4
703	479	-1
735	479	2
767	479	2
799	479	2
831	479	1
863	479	2
895	479	0
927	479	1
959	479	0
991	479	0
1023	479	0
32	480	1
64	480	0
96	480	0
128	480	-2
160	480	-2
192	480	-2
224	480	-5
256	480	2
288	480	1
320	480	-2
352	480	1
384	480	1
416	480	-1
448	480	6
480	480	2
512	480	-1
544	480	-1
576	480	-1
608	480	-2
640	480	3
672	480	1
704	480	-3
736	480	3
768	480	1
800	480	-2
832	480	1
864	480	1
896	480	1
928	480	1
960	480	0
992	480	0
1024	480	0
1	481	0
33	481	0
65	481	0
97	481	1
129	481	1
161	481	-1
193	481	-4
225	481	1
257	481	-5
289	481	4
321	481	5
353	481	3
385	481	2
417	481	1
449	481	-4
481	481	-4
513	481	-1
545	481	0
577	481	-2
609	481	-1
641	481	-1
673	481	0
705	481	1
737	481	-5
769	481	-2
801	481	2
833	481	2
865	481	2
897	481	-2
929	481	0
961	481	0
993	481	0
2	482	1
34	482	0
66	482	0
98	482	1
130	482	0
162	482	1
194	482	1
226	482	-1
258	482	0
290	482	-1
322	482	5
354	482	4
386	482	0
418	482	1
450	482	-3
482	482	2
514	482	2
546	482	-2
578	482	3
610	482	-1
642	482	2
674	482	-3
706	482	2
738	482	2
770	482	-3
802	482	2
834	482	-2
866	482	-3
898	482	-1
930	482	-1
962	482	1
994	482	0
3	483	0
35	483	0
67	483	1
99	483	0
131	483	0
163	483	2
195	483	4
227	483	-1
259	483	2
291	483	1
323	483	-2
355	483	2
387	483	-2
419	483	-1
451	483	-2
483	483	3
515	483	3
547	483	4
579	483	2
611	483	-2
643	483	-1
675	483	-4
707	483	2
739	483	3
771	483	2
803	483	-2
835	483	1
867	483	-3
899	483	-1
931	483	-3
963	483	-1
995	483	1
4	484	0
36	484	0
68	484	0
100	484	2
132	484	0
164	484	0
196	484	3
228	484	-4
260	484	-1
292	484	7
324	484	-5
356	484	-6
388	484	-1
420	484	3
452	484	4
484	484	1
516	484	2
548	484	1
580	484	0
612	484	0
644	484	0
676	484	5
708	484	2
740	484	1
772	484	-2
804	484	0
836	484	2
868	484	-6
900	484	-2
932	484	-2
964	484	0
996	484	0
5	485	0
37	485	0
69	485	0
101	485	1
133	485	1
165	485	1
197	485	1
229	485	1
261	485	1
293	485	1
325	485	0
357	485	4
389	485	-1
421	485	-3
453	485	-1
485	485	0
517	485	0
549	485	0
581	485	0
613	485	-3
645	485	-2
677	485	-3
709	485	1
741	485	3
773	485	2
805	485	3
837	485	1
869	485	2
901	485	2
933	485	0
965	485	-1
997	485	0
6	486	0
38	486	0
70	486	0
102	486	0
134	486	-2
166	486	-4
198	486	1
230	486	0
262	486	0
294	486	2
326	486	1
358	486	-1
390	486	0
422	486	3
454	486	-2
486	486	1
518	486	1
550	486	1
582	486	-3
614	486	1
646	486	3
678	486	4
710	486	-1
742	486	0
774	486	-4
806	486	-5
838	486	-1
870	486	0
902	486	-2
934	486	-2
966	486	0
998	486	0
7	487	0
39	487	0
71	487	0
103	487	0
135	487	0
167	487	-1
199	487	0
231	487	-1
263	487	-1
295	487	-1
327	487	0
359	487	0
391	487	0
423	487	0
455	487	-1
487	487	0
519	487	-1
551	487	0
583	487	0
615	487	-1
647	487	0
679	487	0
711	487	0
743	487	0
775	487	-1
807	487	0
839	487	-1
871	487	-1
903	487	0
935	487	0
967	487	0
999	487	0
8	488	0
40	488	1
72	488	0
104	488	0
136	488	0
168	488	-1
200	488	3
232	488	2
264	488	3
296	488	3
328	488	-3
360	488	0
392	488	-6
424	488	-3
456	488	2
488	488	-2
520	488	-2
552	488	2
584	488	3
616	488	2
648	488	3
680	488	3
712	488	2
744	488	2
776	488	2
808	488	1
840	488	-2
872	488	-2
904	488	0
936	488	-3
968	488	-2
1000	488	0
9	489	0
41	489	2
73	489	0
105	489	0
137	489	0
169	489	-1
201	489	1
233	489	0
265	489	0
297	489	-3
329	489	-2
361	489	3
393	489	1
425	489	2
457	489	3
489	489	-5
521	489	5
553	489	-2
585	489	-3
617	489	3
649	489	-3
681	489	-2
713	489	0
745	489	2
777	489	0
809	489	1
841	489	1
873	489	0
905	489	1
937	489	-2
969	489	2
1001	489	0
10	490	0
42	490	0
74	490	1
106	490	0
138	490	0
170	490	-3
202	490	-2
234	490	-1
266	490	-6
298	490	-1
330	490	3
362	490	1
394	490	3
426	490	1
458	490	2
490	490	-2
522	490	-1
554	490	1
586	490	1
618	490	-3
650	490	1
682	490	-4
714	490	-3
746	490	-2
778	490	0
810	490	0
842	490	1
874	490	3
906	490	5
938	490	2
970	490	1
1002	490	0
11	491	0
43	491	0
75	491	0
107	491	0
139	491	3
171	491	3
203	491	-1
235	491	1
267	491	-1
299	491	2
331	491	3
363	491	1
395	491	2
427	491	-1
459	491	-1
491	491	-1
523	491	6
555	491	-1
587	491	-1
619	491	0
651	491	-7
683	491	-5
715	491	2
747	491	2
779	491	2
811	491	3
843	491	1
875	491	0
907	491	0
939	491	2
971	491	0
1003	491	0
12	492	0
44	492	0
76	492	1
108	492	1
140	492	0
172	492	0
204	492	-4
236	492	-1
268	492	3
300	492	-4
332	492	2
364	492	4
396	492	-5
428	492	4
460	492	-2
492	492	0
524	492	4
556	492	-2
588	492	-2
620	492	2
652	492	2
684	492	1
716	492	-2
748	492	2
780	492	0
812	492	1
844	492	2
876	492	1
908	492	-3
940	492	3
972	492	4
1004	492	0
13	493	0
45	493	0
77	493	0
109	493	1
141	493	0
173	493	0
205	493	0
237	493	4
269	493	2
301	493	2
333	493	1
365	493	-1
397	493	0
429	493	0
461	493	-1
493	493	-2
525	493	-3
557	493	-4
589	493	-5
621	493	1
653	493	-1
685	493	-1
717	493	1
749	493	3
781	493	2
813	493	-3
845	493	1
877	493	3
909	493	4
941	493	-1
973	493	-2
1005	493	0
14	494	1
46	494	1
78	494	0
110	494	-1
142	494	0
174	494	-1
206	494	-3
238	494	-1
270	494	0
302	494	3
334	494	2
366	494	1
398	494	2
430	494	1
462	494	-1
494	494	3
526	494	4
558	494	-1
590	494	0
622	494	-1
654	494	-3
686	494	-3
718	494	-3
750	494	2
782	494	-1
814	494	-2
846	494	0
878	494	0
910	494	2
942	494	2
974	494	1
1006	494	0
15	495	0
47	495	0
79	495	0
111	495	0
143	495	1
175	495	1
207	495	1
239	495	0
271	495	0
303	495	4
335	495	0
367	495	3
399	495	1
431	495	-4
463	495	-6
495	495	-3
527	495	0
559	495	1
591	495	0
623	495	2
655	495	-2
687	495	2
719	495	2
751	495	0
783	495	0
815	495	1
847	495	0
879	495	3
911	495	2
943	495	1
975	495	2
1007	495	1
16	496	0
48	496	0
80	496	0
112	496	0
144	496	-1
176	496	0
208	496	0
240	496	0
272	496	1
304	496	2
336	496	2
368	496	2
400	496	1
432	496	0
464	496	-1
496	496	-1
528	496	1
560	496	-1
592	496	-1
624	496	-1
656	496	-4
688	496	-2
720	496	1
752	496	0
784	496	1
816	496	1
848	496	1
880	496	2
912	496	4
944	496	0
976	496	0
1008	496	0
17	497	1
49	497	1
81	497	0
113	497	0
145	497	-1
177	497	0
209	497	0
241	497	0
273	497	0
305	497	-1
337	497	1
369	497	-1
401	497	0
433	497	1
465	497	0
497	497	-1
529	497	0
561	497	-1
593	497	-1
625	497	0
657	497	1
689	497	1
721	497	0
753	497	0
785	497	1
817	497	0
849	497	-1
881	497	0
913	497	0
945	497	0
977	497	-1
1009	497	0
18	498	-1
50	498	0
82	498	0
114	498	0
146	498	4
178	498	4
210	498	3
242	498	1
274	498	1
306	498	-1
338	498	1
370	498	-2
402	498	-2
434	498	0
466	498	-1
498	498	-1
530	498	1
562	498	-1
594	498	3
626	498	3
658	498	0
690	498	1
722	498	2
754	498	2
786	498	1
818	498	-6
850	498	-3
882	498	-3
914	498	-1
946	498	-1
978	498	0
1010	498	0
19	499	0
51	499	0
83	499	0
115	499	0
147	499	-1
179	499	-1
211	499	0
243	499	0
275	499	1
307	499	1
339	499	3
371	499	0
403	499	2
435	499	1
467	499	2
499	499	1
531	499	3
563	499	0
595	499	-1
627	499	0
659	499	0
691	499	-1
723	499	-2
755	499	0
787	499	1
819	499	0
851	499	-1
883	499	0
915	499	0
947	499	0
979	499	0
1011	499	0
20	500	0
52	500	0
84	500	0
116	500	1
148	500	0
180	500	1
212	500	1
244	500	-2
276	500	2
308	500	-1
340	500	2
372	500	-2
404	500	5
436	500	0
468	500	1
500	500	2
532	500	-3
564	500	2
596	500	3
628	500	3
660	500	-3
692	500	1
724	500	2
756	500	0
788	500	-3
820	500	-1
852	500	-4
884	500	3
916	500	-1
948	500	0
980	500	0
1012	500	0
21	501	0
53	501	0
85	501	0
117	501	-1
149	501	-1
181	501	1
213	501	0
245	501	0
277	501	1
309	501	2
341	501	2
373	501	2
405	501	0
437	501	0
469	501	2
501	501	0
533	501	-1
565	501	-1
597	501	-2
629	501	0
661	501	-1
693	501	2
725	501	0
757	501	0
789	501	1
821	501	1
853	501	2
885	501	3
917	501	-2
949	501	0
981	501	0
1013	501	-1
22	502	0
54	502	0
86	502	0
118	502	0
150	502	2
182	502	-1
214	502	-3
246	502	3
278	502	-2
310	502	2
342	502	-2
374	502	-2
406	502	-1
438	502	0
470	502	2
502	502	4
534	502	-1
566	502	-1
598	502	3
630	502	3
662	502	-5
694	502	2
726	502	-1
758	502	-1
790	502	3
822	502	1
854	502	-2
886	502	1
918	502	0
950	502	1
982	502	0
1014	502	0
23	503	0
55	503	0
87	503	1
119	503	3
151	503	1
183	503	3
215	503	0
247	503	2
279	503	1
311	503	2
343	503	1
375	503	1
407	503	0
439	503	2
471	503	4
503	503	-1
535	503	-1
567	503	2
599	503	2
631	503	4
663	503	1
695	503	-6
727	503	0
759	503	2
791	503	2
823	503	-1
855	503	1
887	503	0
919	503	-1
951	503	0
983	503	0
1015	503	0
24	504	0
56	504	0
88	504	0
120	504	0
152	504	2
184	504	-1
216	504	-1
248	504	0
280	504	-1
312	504	1
344	504	3
376	504	2
408	504	3
440	504	3
472	504	2
504	504	1
536	504	2
568	504	2
600	504	2
632	504	-1
664	504	-1
696	504	-1
728	504	0
760	504	1
792	504	1
824	504	2
856	504	-2
888	504	3
920	504	1
952	504	0
984	504	0
1016	504	1
25	505	-1
57	505	-1
89	505	0
121	505	1
153	505	0
185	505	0
217	505	-1
249	505	-1
281	505	-1
313	505	1
345	505	-4
377	505	1
409	505	0
441	505	-1
473	505	-1
505	505	-2
537	505	-4
569	505	0
601	505	2
633	505	1
665	505	2
697	505	2
729	505	1
761	505	1
793	505	0
825	505	2
857	505	2
889	505	-2
921	505	0
953	505	0
985	505	1
1017	505	0
26	506	0
58	506	0
90	506	0
122	506	0
154	506	0
186	506	-2
218	506	-3
250	506	1
282	506	1
314	506	3
346	506	-3
378	506	2
410	506	1
442	506	2
474	506	-4
506	506	2
538	506	-2
570	506	2
602	506	2
634	506	3
666	506	3
698	506	1
730	506	-1
762	506	-1
794	506	-1
826	506	-1
858	506	0
890	506	4
922	506	-2
954	506	0
986	506	0
1018	506	-1
27	507	0
59	507	1
91	507	0
123	507	1
155	507	-1
187	507	0
219	507	-3
251	507	-1
283	507	2
315	507	3
347	507	2
379	507	3
411	507	4
443	507	0
475	507	-1
507	507	-1
539	507	-2
571	507	-2
603	507	3
635	507	0
667	507	-2
699	507	0
731	507	-1
763	507	0
795	507	1
827	507	2
859	507	0
891	507	1
923	507	1
955	507	-1
987	507	0
1019	507	0
28	508	0
60	508	0
92	508	1
124	508	1
156	508	4
188	508	0
220	508	2
252	508	1
284	508	-3
316	508	-1
348	508	0
380	508	-5
412	508	1
444	508	-2
476	508	1
508	508	2
540	508	0
572	508	4
604	508	-3
636	508	3
668	508	5
700	508	-2
732	508	2
764	508	3
796	508	0
828	508	0
860	508	0
892	508	1
924	508	0
956	508	1
988	508	1
1020	508	0
29	509	2
61	509	1
93	509	0
125	509	1
157	509	1
189	509	1
221	509	-1
253	509	1
285	509	2
317	509	3
349	509	1
381	509	1
413	509	1
445	509	2
477	509	2
509	509	5
541	509	-3
573	509	1
605	509	-1
637	509	0
669	509	-1
701	509	-1
733	509	-2
765	509	-2
797	509	-1
829	509	1
861	509	1
893	509	2
925	509	-1
957	509	5
989	509	0
1021	509	0
30	510	1
62	510	-1
94	510	0
126	510	1
158	510	-4
190	510	-1
222	510	3
254	510	-2
286	510	0
318	510	-2
350	510	1
382	510	0
414	510	2
446	510	-1
478	510	1
510	510	1
542	510	-2
574	510	2
606	510	2
638	510	1
670	510	0
702	510	0
734	510	-1
766	510	-2
798	510	0
830	510	1
862	510	2
894	510	-2
926	510	-4
958	510	0
990	510	0
1022	510	0
31	511	1
63	511	1
95	511	1
127	511	3
159	511	4
191	511	2
223	511	2
255	511	3
287	511	-1
319	511	-1
351	511	-1
383	511	-2
415	511	-3
447	511	-2
479	511	-2
511	511	2
543	511	2
575	511	4
607	511	3
639	511	2
671	511	1
703	511	2
735	511	0
767	511	3
799	511	2
831	511	-1
863	511	-3
895	511	3
927	511	-7
959	511	0
991	511	0
1023	511	0
32	512	1
64	512	0
96	512	1
128	512	0
160	512	0
192	512	3
224	512	3
256	512	2
288	512	1
320	512	1
352	512	-1
384	512	-1
416	512	0
448	512	-2
480	512	3
512	512	2
544	512	-1
576	512	-1
608	512	0
640	512	1
672	512	1
704	512	-3
736	512	2
768	512	2
800	512	-2
832	512	2
864	512	-3
896	512	5
928	512	-2
960	512	0
992	512	1
1024	512	0
1	513	0
33	513	1
65	513	0
97	513	1
129	513	0
161	513	2
193	513	0
225	513	0
257	513	-3
289	513	3
321	513	3
353	513	2
385	513	2
417	513	3
449	513	-5
481	513	-4
513	513	-3
545	513	-3
577	513	-2
609	513	1
641	513	1
673	513	2
705	513	2
737	513	-4
769	513	3
801	513	0
833	513	-2
865	513	-2
897	513	0
929	513	0
961	513	2
993	513	0
2	514	0
34	514	0
66	514	0
98	514	1
130	514	1
162	514	0
194	514	1
226	514	0
258	514	0
290	514	-1
322	514	0
354	514	0
386	514	0
418	514	0
450	514	0
482	514	-1
514	514	0
546	514	-1
578	514	0
610	514	0
642	514	-1
674	514	0
706	514	0
738	514	0
770	514	0
802	514	-1
834	514	0
866	514	0
898	514	0
930	514	0
962	514	0
994	514	0
3	515	-1
35	515	-1
67	515	0
99	515	0
131	515	0
163	515	0
195	515	0
227	515	0
259	515	0
291	515	-1
323	515	0
355	515	0
387	515	0
419	515	0
451	515	0
483	515	0
515	515	0
547	515	-1
579	515	0
611	515	0
643	515	0
675	515	0
707	515	0
739	515	0
771	515	0
803	515	-1
835	515	0
867	515	0
899	515	0
931	515	0
963	515	0
995	515	-1
4	516	0
36	516	-1
68	516	0
100	516	0
132	516	0
164	516	0
196	516	0
228	516	2
260	516	0
292	516	-6
324	516	0
356	516	1
388	516	2
420	516	3
452	516	1
484	516	1
516	516	0
548	516	1
580	516	0
612	516	0
644	516	0
676	516	-2
708	516	-1
740	516	0
772	516	1
804	516	2
836	516	-2
868	516	1
900	516	1
932	516	-4
964	516	0
996	516	0
5	517	-1
37	517	2
69	517	2
101	517	1
133	517	1
165	517	-1
197	517	1
229	517	1
261	517	2
293	517	-2
325	517	3
357	517	5
389	517	-2
421	517	-2
453	517	-4
485	517	0
517	517	1
549	517	-2
581	517	0
613	517	-1
645	517	-2
677	517	-1
709	517	0
741	517	1
773	517	-1
805	517	0
837	517	2
869	517	3
901	517	-3
933	517	2
965	517	0
997	517	0
6	518	1
38	518	0
70	518	0
102	518	0
134	518	-3
166	518	-3
198	518	2
230	518	2
262	518	0
294	518	4
326	518	4
358	518	1
390	518	1
422	518	2
454	518	0
486	518	3
518	518	3
550	518	2
582	518	2
614	518	4
646	518	-3
678	518	-3
710	518	-3
742	518	1
774	518	-2
806	518	-3
838	518	2
870	518	3
902	518	0
934	518	1
966	518	0
998	518	-1
7	519	0
39	519	0
71	519	1
103	519	1
135	519	-1
167	519	-4
199	519	1
231	519	3
263	519	0
295	519	0
327	519	-3
359	519	1
391	519	5
423	519	4
455	519	3
487	519	2
519	519	-5
551	519	2
583	519	2
615	519	2
647	519	-3
679	519	3
711	519	4
743	519	5
775	519	-3
807	519	-2
839	519	-7
871	519	0
903	519	0
935	519	0
967	519	2
999	519	0
8	520	0
40	520	1
72	520	1
104	520	0
136	520	0
168	520	0
200	520	2
232	520	1
264	520	-1
296	520	0
328	520	-3
360	520	0
392	520	0
424	520	-3
456	520	1
488	520	0
520	520	0
552	520	-1
584	520	2
616	520	-1
648	520	1
680	520	1
712	520	0
744	520	0
776	520	2
808	520	0
840	520	2
872	520	1
904	520	2
936	520	2
968	520	0
1000	520	0
9	521	0
41	521	-1
73	521	0
105	521	0
137	521	0
169	521	-1
201	521	0
233	521	1
265	521	1
297	521	2
329	521	1
361	521	-1
393	521	0
425	521	-1
457	521	-1
489	521	-1
521	521	0
553	521	0
585	521	0
617	521	0
649	521	0
681	521	0
713	521	-2
745	521	0
777	521	0
809	521	-1
841	521	2
873	521	2
905	521	0
937	521	1
969	521	0
1001	521	0
10	522	0
42	522	-1
74	522	0
106	522	0
138	522	0
170	522	0
202	522	0
234	522	0
266	522	0
298	522	-1
330	522	-1
362	522	0
394	522	-1
426	522	0
458	522	0
490	522	0
522	522	0
554	522	-1
586	522	-1
618	522	0
650	522	0
682	522	0
714	522	-1
746	522	0
778	522	0
810	522	0
842	522	0
874	522	-1
906	522	0
938	522	0
970	522	0
1002	522	0
11	523	0
43	523	0
75	523	0
107	523	1
139	523	1
171	523	0
203	523	0
235	523	0
267	523	-1
299	523	0
331	523	0
363	523	-1
395	523	0
427	523	0
459	523	0
491	523	0
523	523	0
555	523	0
587	523	0
619	523	0
651	523	-1
683	523	0
715	523	0
747	523	0
779	523	0
811	523	0
843	523	-1
875	523	0
907	523	-1
939	523	0
971	523	0
1003	523	0
12	524	0
44	524	-1
76	524	1
108	524	1
140	524	1
172	524	-1
204	524	1
236	524	1
268	524	-1
300	524	-1
332	524	-2
364	524	-2
396	524	3
428	524	-2
460	524	0
492	524	0
524	524	-2
556	524	1
588	524	2
620	524	4
652	524	3
684	524	2
716	524	0
748	524	-2
780	524	0
812	524	0
844	524	0
876	524	3
908	524	1
940	524	-1
972	524	-4
1004	524	0
13	525	1
45	525	1
77	525	1
109	525	1
141	525	0
173	525	-1
205	525	0
237	525	0
269	525	1
301	525	-2
333	525	-2
365	525	-2
397	525	0
429	525	2
461	525	4
493	525	0
525	525	0
557	525	-1
589	525	-3
621	525	5
653	525	0
685	525	-1
717	525	-1
749	525	-1
781	525	-1
813	525	2
845	525	2
877	525	1
909	525	-1
941	525	-5
973	525	-5
1005	525	0
14	526	1
46	526	1
78	526	0
110	526	-1
142	526	0
174	526	1
206	526	2
238	526	3
270	526	-1
302	526	2
334	526	2
366	526	2
398	526	1
430	526	-1
462	526	5
494	526	2
526	526	2
558	526	-3
590	526	-4
622	526	-3
654	526	-1
686	526	-1
718	526	2
750	526	3
782	526	0
814	526	-1
846	526	0
878	526	0
910	526	4
942	526	3
974	526	1
1006	526	0
15	527	1
47	527	0
79	527	-1
111	527	0
143	527	0
175	527	-2
207	527	-1
239	527	0
271	527	-1
303	527	2
335	527	0
367	527	2
399	527	1
431	527	2
463	527	3
495	527	2
527	527	3
559	527	-1
591	527	4
623	527	-1
655	527	4
687	527	-1
719	527	-1
751	527	0
783	527	-3
815	527	-3
847	527	-3
879	527	1
911	527	1
943	527	0
975	527	4
1007	527	0
16	528	0
48	528	-1
80	528	-1
112	528	0
144	528	0
176	528	0
208	528	-2
240	528	-1
272	528	0
304	528	-1
336	528	0
368	528	0
400	528	0
432	528	1
464	528	-1
496	528	3
528	528	-4
560	528	3
592	528	3
624	528	4
656	528	1
688	528	0
720	528	-3
752	528	-3
784	528	4
816	528	-3
848	528	-2
880	528	-1
912	528	0
944	528	1
976	528	0
1008	528	1
17	529	0
49	529	0
81	529	0
113	529	1
145	529	0
177	529	0
209	529	1
241	529	0
273	529	0
305	529	1
337	529	-1
369	529	2
401	529	0
433	529	1
465	529	3
497	529	-1
529	529	-2
561	529	1
593	529	0
625	529	2
657	529	1
689	529	2
721	529	-2
753	529	2
785	529	-1
817	529	3
849	529	2
881	529	5
913	529	-1
945	529	0
977	529	-1
1009	529	0
18	530	0
50	530	0
82	530	0
114	530	-1
146	530	5
178	530	5
210	530	2
242	530	2
274	530	1
306	530	-3
338	530	3
370	530	-3
402	530	-2
434	530	1
466	530	2
498	530	-3
530	530	4
562	530	-3
594	530	2
626	530	2
658	530	1
690	530	1
722	530	1
754	530	1
786	530	0
818	530	-3
850	530	2
882	530	3
914	530	3
946	530	5
978	530	0
1010	530	0
19	531	1
51	531	0
83	531	0
115	531	1
147	531	1
179	531	-1
211	531	0
243	531	0
275	531	1
307	531	0
339	531	-2
371	531	1
403	531	1
435	531	-1
467	531	-3
499	531	-2
531	531	3
563	531	-4
595	531	-5
627	531	1
659	531	1
691	531	2
723	531	0
755	531	2
787	531	1
819	531	3
851	531	-2
883	531	0
915	531	0
947	531	0
979	531	0
1011	531	0
20	532	1
52	532	1
84	532	0
116	532	0
148	532	2
180	532	1
212	532	-2
244	532	-1
276	532	4
308	532	-2
340	532	-3
372	532	0
404	532	3
436	532	-2
468	532	0
500	532	1
532	532	2
564	532	0
596	532	-4
628	532	-1
660	532	1
692	532	1
724	532	0
756	532	1
788	532	3
820	532	-3
852	532	-2
884	532	-4
916	532	2
948	532	0
980	532	1
1012	532	1
21	533	0
53	533	0
85	533	0
117	533	0
149	533	1
181	533	0
213	533	0
245	533	0
277	533	0
309	533	0
341	533	0
373	533	0
405	533	-1
437	533	0
469	533	0
501	533	-1
533	533	0
565	533	0
597	533	0
629	533	-1
661	533	0
693	533	0
725	533	0
757	533	0
789	533	0
821	533	-1
853	533	0
885	533	0
917	533	0
949	533	0
981	533	0
1013	533	0
22	534	0
54	534	0
86	534	0
118	534	0
150	534	2
182	534	-1
214	534	1
246	534	-1
278	534	0
310	534	1
342	534	1
374	534	0
406	534	-1
438	534	-1
470	534	-2
502	534	2
534	534	-3
566	534	-3
598	534	3
630	534	2
662	534	3
694	534	2
726	534	3
758	534	3
790	534	-2
822	534	-6
854	534	0
886	534	1
918	534	1
950	534	0
982	534	0
1014	534	0
23	535	0
55	535	-1
87	535	0
119	535	-2
151	535	1
183	535	-3
215	535	2
247	535	-2
279	535	2
311	535	4
343	535	0
375	535	0
407	535	-1
439	535	5
471	535	5
503	535	-2
535	535	3
567	535	2
599	535	0
631	535	-2
663	535	-2
695	535	1
727	535	0
759	535	-2
791	535	0
823	535	3
855	535	3
887	535	3
919	535	3
951	535	4
983	535	1
1015	535	0
24	536	0
56	536	0
88	536	0
120	536	-1
152	536	1
184	536	2
216	536	1
248	536	0
280	536	-3
312	536	2
344	536	3
376	536	1
408	536	7
440	536	3
472	536	3
504	536	-2
536	536	-2
568	536	-3
600	536	6
632	536	-1
664	536	-2
696	536	-1
728	536	0
760	536	0
792	536	0
824	536	1
856	536	-3
888	536	4
920	536	3
952	536	-1
984	536	0
1016	536	1
25	537	0
57	537	0
89	537	0
121	537	0
153	537	0
185	537	0
217	537	-1
249	537	-1
281	537	-1
313	537	0
345	537	-1
377	537	-1
409	537	0
441	537	-1
473	537	0
505	537	0
537	537	0
569	537	0
601	537	0
633	537	0
665	537	0
697	537	0
729	537	0
761	537	0
793	537	-1
825	537	0
857	537	0
889	537	0
921	537	0
953	537	0
985	537	-1
1017	537	0
26	538	0
58	538	0
90	538	0
122	538	0
154	538	4
186	538	3
218	538	2
250	538	-1
282	538	0
314	538	1
346	538	-5
378	538	-3
410	538	3
442	538	-3
474	538	2
506	538	0
538	538	2
570	538	0
602	538	0
634	538	2
666	538	0
698	538	0
730	538	3
762	538	1
794	538	0
826	538	-4
858	538	0
890	538	-1
922	538	1
954	538	0
986	538	0
1018	538	0
27	539	0
59	539	0
91	539	0
123	539	-1
155	539	1
187	539	2
219	539	2
251	539	-1
283	539	-1
315	539	0
347	539	-3
379	539	-1
411	539	3
443	539	2
475	539	3
507	539	0
539	539	1
571	539	-2
603	539	2
635	539	0
667	539	-2
699	539	0
731	539	0
763	539	1
795	539	-1
827	539	-1
859	539	0
891	539	1
923	539	0
955	539	0
987	539	-1
1019	539	1
28	540	1
60	540	-1
92	540	1
124	540	0
156	540	0
188	540	0
220	540	0
252	540	0
284	540	0
316	540	0
348	540	0
380	540	0
412	540	0
444	540	0
476	540	0
508	540	0
540	540	0
572	540	0
604	540	0
636	540	0
668	540	0
700	540	-1
732	540	0
764	540	0
796	540	0
828	540	0
860	540	0
892	540	0
924	540	-1
956	540	-1
988	540	0
1020	540	0
29	541	0
61	541	0
93	541	1
125	541	-1
157	541	-1
189	541	3
221	541	-1
253	541	1
285	541	0
317	541	3
349	541	-1
381	541	4
413	541	3
445	541	1
477	541	1
509	541	-3
541	541	2
573	541	0
605	541	-2
637	541	-2
669	541	2
701	541	2
733	541	2
765	541	2
797	541	2
829	541	3
861	541	4
893	541	2
925	541	0
957	541	1
989	541	0
1021	541	0
30	542	-1
62	542	0
94	542	0
126	542	-1
158	542	0
190	542	0
222	542	-1
254	542	0
286	542	-1
318	542	0
350	542	0
382	542	0
414	542	0
446	542	0
478	542	-2
510	542	0
542	542	-1
574	542	-1
606	542	0
638	542	0
670	542	-1
702	542	0
734	542	0
766	542	-1
798	542	0
830	542	0
862	542	-1
894	542	-1
926	542	0
958	542	0
990	542	0
1022	542	0
31	543	0
63	543	0
95	543	0
127	543	0
159	543	-2
191	543	-1
223	543	-1
255	543	-1
287	543	-1
319	543	2
351	543	0
383	543	-1
415	543	-2
447	543	-2
479	543	-2
511	543	1
543	543	2
575	543	3
607	543	3
639	543	-1
671	543	-5
703	543	-4
735	543	7
767	543	2
799	543	1
831	543	0
863	543	3
895	543	0
927	543	-6
959	543	0
991	543	0
1023	543	-1
32	544	1
64	544	0
96	544	0
128	544	0
160	544	-2
192	544	-1
224	544	-4
256	544	2
288	544	1
320	544	-1
352	544	1
384	544	1
416	544	0
448	544	5
480	544	2
512	544	-3
544	544	-4
576	544	-3
608	544	-4
640	544	0
672	544	1
704	544	-2
736	544	3
768	544	3
800	544	-2
832	544	2
864	544	0
896	544	3
928	544	0
960	544	0
992	544	0
1024	544	0
1	545	0
33	545	0
65	545	0
97	545	0
129	545	0
161	545	-1
193	545	-1
225	545	5
257	545	-4
289	545	1
321	545	2
353	545	1
385	545	1
417	545	0
449	545	-3
481	545	0
513	545	2
545	545	2
577	545	0
609	545	-1
641	545	-1
673	545	-1
705	545	1
737	545	-1
769	545	-3
801	545	1
833	545	1
865	545	2
897	545	1
929	545	0
961	545	0
993	545	-1
2	546	-1
34	546	0
66	546	0
98	546	1
130	546	1
162	546	-5
194	546	-3
226	546	0
258	546	2
290	546	3
322	546	1
354	546	2
386	546	0
418	546	2
450	546	-1
482	546	-1
514	546	-1
546	546	-1
578	546	-2
610	546	0
642	546	0
674	546	1
706	546	2
738	546	0
770	546	1
802	546	0
834	546	0
866	546	-1
898	546	-3
930	546	-5
962	546	0
994	546	0
3	547	0
35	547	0
67	547	-1
99	547	0
131	547	0
163	547	1
195	547	2
227	547	0
259	547	2
291	547	2
323	547	-1
355	547	3
387	547	-1
419	547	2
451	547	0
483	547	3
515	547	3
547	547	4
579	547	3
611	547	3
643	547	-1
675	547	0
707	547	1
739	547	0
771	547	1
803	547	-1
835	547	-2
867	547	3
899	547	-2
931	547	-1
963	547	0
995	547	-1
4	548	0
36	548	0
68	548	0
100	548	0
132	548	-1
164	548	0
196	548	2
228	548	2
260	548	2
292	548	-7
324	548	-1
356	548	-2
388	548	-3
420	548	-6
452	548	-7
484	548	0
516	548	4
548	548	2
580	548	3
612	548	0
644	548	0
676	548	-2
708	548	-2
740	548	2
772	548	2
804	548	3
836	548	3
868	548	1
900	548	0
932	548	0
964	548	-1
996	548	0
5	549	0
37	549	1
69	549	0
101	549	0
133	549	0
165	549	-1
197	549	0
229	549	0
261	549	-1
293	549	0
325	549	3
357	549	-1
389	549	0
421	549	3
453	549	2
485	549	2
517	549	1
549	549	0
581	549	1
613	549	1
645	549	2
677	549	2
709	549	1
741	549	0
773	549	-1
805	549	0
837	549	-2
869	549	-2
901	549	1
933	549	-1
965	549	0
997	549	0
6	550	2
38	550	0
70	550	2
102	550	0
134	550	-4
166	550	-2
198	550	2
230	550	3
262	550	2
294	550	4
326	550	4
358	550	2
390	550	1
422	550	2
454	550	0
486	550	2
518	550	1
550	550	3
582	550	2
614	550	2
646	550	-3
678	550	-3
710	550	-3
742	550	0
774	550	-3
806	550	-3
838	550	4
870	550	5
902	550	0
934	550	2
966	550	-1
998	550	0
7	551	0
39	551	0
71	551	0
103	551	0
135	551	-1
167	551	-4
199	551	3
231	551	0
263	551	-1
295	551	-1
327	551	-2
359	551	3
391	551	3
423	551	3
455	551	2
487	551	2
519	551	-5
551	551	4
583	551	2
615	551	2
647	551	-3
679	551	4
711	551	3
743	551	3
775	551	-3
807	551	-2
839	551	-6
871	551	0
903	551	-2
935	551	1
967	551	-2
999	551	0
8	552	0
40	552	0
72	552	1
104	552	1
136	552	0
168	552	0
200	552	1
232	552	1
264	552	0
296	552	-2
328	552	1
360	552	-2
392	552	7
424	552	-2
456	552	0
488	552	0
520	552	2
552	552	-3
584	552	1
616	552	-2
648	552	1
680	552	0
712	552	2
744	552	3
776	552	2
808	552	3
840	552	0
872	552	0
904	552	-1
936	552	1
968	552	-1
1000	552	1
9	553	0
41	553	1
73	553	0
105	553	0
137	553	1
169	553	2
201	553	-1
233	553	0
265	553	-2
297	553	-3
329	553	1
361	553	-3
393	553	-2
425	553	3
457	553	4
489	553	6
521	553	-1
553	553	2
585	553	2
617	553	-3
649	553	2
681	553	2
713	553	-1
745	553	-1
777	553	0
809	553	0
841	553	2
873	553	0
905	553	0
937	553	2
969	553	0
1001	553	0
10	554	0
42	554	0
74	554	0
106	554	0
138	554	0
170	554	-1
202	554	0
234	554	-1
266	554	-1
298	554	-2
330	554	3
362	554	4
394	554	6
426	554	-3
458	554	-4
490	554	-1
522	554	-2
554	554	-1
586	554	-1
618	554	0
650	554	1
682	554	-3
714	554	-3
746	554	0
778	554	2
810	554	4
842	554	4
874	554	3
906	554	4
938	554	0
970	554	1
1002	554	0
11	555	0
43	555	0
75	555	0
107	555	1
139	555	3
171	555	3
203	555	0
235	555	2
267	555	2
299	555	1
331	555	1
363	555	-2
395	555	-7
427	555	1
459	555	6
491	555	2
523	555	-4
555	555	-1
587	555	0
619	555	0
651	555	1
683	555	1
715	555	0
747	555	2
779	555	0
811	555	3
843	555	1
875	555	1
907	555	0
939	555	1
971	555	0
1003	555	1
12	556	1
44	556	0
76	556	1
108	556	1
140	556	0
172	556	0
204	556	0
236	556	2
268	556	3
300	556	2
332	556	2
364	556	1
396	556	-1
428	556	2
460	556	-1
492	556	0
524	556	3
556	556	-4
588	556	-2
620	556	1
652	556	1
684	556	-1
716	556	-2
748	556	3
780	556	-1
812	556	1
844	556	2
876	556	2
908	556	-2
940	556	3
972	556	5
1004	556	0
13	557	1
45	557	0
77	557	1
109	557	1
141	557	0
173	557	1
205	557	-1
237	557	-1
269	557	-1
301	557	-4
333	557	-2
365	557	0
397	557	0
429	557	0
461	557	4
493	557	5
525	557	3
557	557	2
589	557	3
621	557	-3
653	557	0
685	557	1
717	557	2
749	557	0
781	557	0
813	557	2
845	557	-1
877	557	-2
909	557	-4
941	557	-6
973	557	-3
1005	557	0
14	558	1
46	558	1
78	558	0
110	558	3
142	558	0
174	558	2
206	558	1
238	558	2
270	558	0
302	558	-1
334	558	1
366	558	1
398	558	0
430	558	1
462	558	1
494	558	-3
526	558	-2
558	558	1
590	558	1
622	558	1
654	558	1
686	558	1
718	558	2
750	558	-3
782	558	1
814	558	3
846	558	0
878	558	0
910	558	1
942	558	0
974	558	1
1006	558	1
15	559	1
47	559	0
79	559	-1
111	559	0
143	559	-3
175	559	-3
207	559	-1
239	559	0
271	559	2
303	559	0
335	559	0
367	559	2
399	559	2
431	559	2
463	559	2
495	559	2
527	559	1
559	559	-1
591	559	2
623	559	-1
655	559	2
687	559	-1
719	559	0
751	559	1
783	559	-2
815	559	-1
847	559	-1
879	559	1
911	559	1
943	559	0
975	559	4
1007	559	0
16	560	0
48	560	0
80	560	0
112	560	0
144	560	4
176	560	3
208	560	1
240	560	1
272	560	0
304	560	0
336	560	0
368	560	-1
400	560	0
432	560	0
464	560	-2
496	560	0
528	560	-2
560	560	1
592	560	1
624	560	1
656	560	-1
688	560	3
720	560	2
752	560	2
784	560	0
816	560	-3
848	560	-4
880	560	-5
912	560	-3
944	560	-1
976	560	0
1008	560	0
17	561	-1
49	561	-1
81	561	0
113	561	0
145	561	-1
177	561	0
209	561	0
241	561	0
273	561	1
305	561	-1
337	561	0
369	561	1
401	561	2
433	561	1
465	561	-2
497	561	3
529	561	0
561	561	3
593	561	3
625	561	-2
657	561	0
689	561	1
721	561	1
753	561	-1
785	561	1
817	561	-2
849	561	0
881	561	-3
913	561	1
945	561	0
977	561	2
1009	561	-1
18	562	0
50	562	0
82	562	1
114	562	0
146	562	0
178	562	0
210	562	-1
242	562	0
274	562	0
306	562	0
338	562	0
370	562	0
402	562	-1
434	562	0
466	562	0
498	562	0
530	562	0
562	562	0
594	562	0
626	562	0
658	562	0
690	562	-1
722	562	0
754	562	-1
786	562	0
818	562	0
850	562	0
882	562	0
914	562	0
946	562	0
978	562	0
1010	562	1
19	563	1
51	563	0
83	563	0
115	563	1
147	563	1
179	563	-1
211	563	0
243	563	-4
275	563	2
307	563	5
339	563	3
371	563	1
403	563	1
435	563	-1
467	563	-3
499	563	-4
531	563	3
563	563	-2
595	563	-1
627	563	0
659	563	0
691	563	1
723	563	1
755	563	-2
787	563	0
819	563	-4
851	563	4
883	563	2
915	563	3
947	563	0
979	563	0
1011	563	0
20	564	0
52	564	0
84	564	0
116	564	1
148	564	1
180	564	0
212	564	1
244	564	1
276	564	0
308	564	-1
340	564	1
372	564	1
404	564	7
436	564	-1
468	564	0
500	564	0
532	564	-1
564	564	0
596	564	1
628	564	0
660	564	-3
692	564	-1
724	564	0
756	564	2
788	564	1
820	564	1
852	564	-1
884	564	2
916	564	0
948	564	0
980	564	0
1012	564	0
21	565	1
53	565	1
85	565	1
117	565	0
149	565	3
181	565	0
213	565	0
245	565	-1
277	565	-1
309	565	-4
341	565	3
373	565	4
405	565	5
437	565	2
469	565	-1
501	565	1
533	565	-3
565	565	0
597	565	0
629	565	-1
661	565	0
693	565	-3
725	565	1
757	565	-2
789	565	0
821	565	0
853	565	1
885	565	3
917	565	-3
949	565	1
981	565	0
1013	565	1
22	566	0
54	566	0
86	566	0
118	566	1
150	566	-1
182	566	2
214	566	5
246	566	-1
278	566	2
310	566	-3
342	566	-4
374	566	1
406	566	3
438	566	2
470	566	-3
502	566	0
534	566	-3
566	566	-4
598	566	1
630	566	-2
662	566	1
694	566	1
726	566	2
758	566	1
790	566	-2
822	566	-3
854	566	3
886	566	3
918	566	1
950	566	0
982	566	0
1014	566	-1
23	567	0
55	567	-1
87	567	0
119	567	-2
151	567	2
183	567	-2
215	567	2
247	567	0
279	567	2
311	567	-2
343	567	1
375	567	2
407	567	2
439	567	-5
471	567	-4
503	567	2
535	567	-3
567	567	-3
599	567	-1
631	567	2
663	567	1
695	567	0
727	567	0
759	567	1
791	567	2
823	567	-1
855	567	1
887	567	-2
919	567	-1
951	567	-2
983	567	0
1015	567	0
24	568	0
56	568	0
88	568	0
120	568	-1
152	568	1
184	568	1
216	568	1
248	568	1
280	568	0
312	568	1
344	568	1
376	568	-2
408	568	7
440	568	0
472	568	3
504	568	-1
536	568	-1
568	568	-3
600	568	6
632	568	-6
664	568	-6
696	568	-2
728	568	1
760	568	1
792	568	1
824	568	0
856	568	0
888	568	3
920	568	1
952	568	0
984	568	0
1016	568	1
25	569	0
57	569	0
89	569	0
121	569	0
153	569	0
185	569	0
217	569	-1
249	569	-1
281	569	0
313	569	0
345	569	0
377	569	0
409	569	0
441	569	0
473	569	0
505	569	0
537	569	0
569	569	0
601	569	-1
633	569	0
665	569	0
697	569	-1
729	569	0
761	569	0
793	569	0
825	569	0
857	569	0
889	569	0
921	569	0
953	569	0
985	569	0
1017	569	0
26	570	1
58	570	0
90	570	0
122	570	0
154	570	-4
186	570	-3
218	570	-3
250	570	1
282	570	0
314	570	-3
346	570	3
378	570	2
410	570	-1
442	570	2
474	570	1
506	570	-1
538	570	3
570	570	-3
602	570	2
634	570	1
666	570	0
698	570	1
730	570	-3
762	570	-3
794	570	2
826	570	2
858	570	-1
890	570	1
922	570	-1
954	570	0
986	570	-1
1018	570	0
27	571	-1
59	571	0
91	571	0
123	571	1
155	571	1
187	571	4
219	571	1
251	571	1
283	571	-2
315	571	-3
347	571	-1
379	571	-1
411	571	-1
443	571	0
475	571	-1
507	571	2
539	571	1
571	571	1
603	571	-2
635	571	1
667	571	-7
699	571	2
731	571	1
763	571	1
795	571	0
827	571	-1
859	571	0
891	571	4
923	571	1
955	571	0
987	571	1
1019	571	0
28	572	0
60	572	0
92	572	1
124	572	1
156	572	3
188	572	1
220	572	1
252	572	1
284	572	-3
316	572	-4
348	572	0
380	572	-4
412	572	3
444	572	-5
476	572	2
508	572	4
540	572	0
572	572	0
604	572	-2
636	572	3
668	572	5
700	572	-2
732	572	2
764	572	0
796	572	0
828	572	-1
860	572	0
892	572	0
924	572	-1
956	572	0
988	572	1
1020	572	0
29	573	1
61	573	-1
93	573	0
125	573	0
157	573	2
189	573	-1
221	573	2
253	573	-3
285	573	2
317	573	0
349	573	0
381	573	-2
413	573	0
445	573	1
477	573	-3
509	573	3
541	573	-4
573	573	-1
605	573	2
637	573	2
669	573	0
701	573	0
733	573	-1
765	573	-1
797	573	-2
829	573	-2
861	573	-1
893	573	2
925	573	0
957	573	4
989	573	0
1021	573	0
30	574	0
62	574	0
94	574	0
126	574	0
158	574	2
190	574	3
222	574	4
254	574	-3
286	574	3
318	574	3
350	574	2
382	574	-1
414	574	-3
446	574	-4
478	574	-2
510	574	2
542	574	0
574	574	-1
606	574	-2
638	574	-3
670	574	0
702	574	-4
734	574	2
766	574	2
798	574	1
830	574	5
862	574	3
894	574	1
926	574	0
958	574	-1
990	574	0
1022	574	0
31	575	1
63	575	0
95	575	1
127	575	0
159	575	-1
191	575	2
223	575	1
255	575	-1
287	575	1
319	575	1
351	575	1
383	575	-1
415	575	0
447	575	-1
479	575	0
511	575	1
543	575	2
575	575	1
607	575	1
639	575	-5
671	575	-6
703	575	-2
735	575	7
767	575	0
799	575	1
831	575	-1
863	575	3
895	575	-1
927	575	2
959	575	1
991	575	0
1023	575	-1
32	576	1
64	576	0
96	576	0
128	576	1
160	576	0
192	576	2
224	576	4
256	576	0
288	576	0
320	576	1
352	576	1
384	576	2
416	576	2
448	576	-5
480	576	0
512	576	2
544	576	1
576	576	0
608	576	3
640	576	0
672	576	-2
704	576	2
736	576	-1
768	576	-2
800	576	2
832	576	1
864	576	1
896	576	-3
928	576	1
960	576	0
992	576	0
1024	576	0
1	577	0
33	577	0
65	577	1
97	577	1
129	577	0
161	577	3
193	577	-1
225	577	2
257	577	-2
289	577	2
321	577	2
353	577	0
385	577	-1
417	577	-2
449	577	-4
481	577	0
513	577	2
545	577	3
577	577	1
609	577	-2
641	577	-1
673	577	1
705	577	2
737	577	-2
769	577	-2
801	577	2
833	577	1
865	577	0
897	577	3
929	577	-1
961	577	1
993	577	0
2	578	-1
34	578	0
66	578	0
98	578	0
130	578	0
162	578	-3
194	578	-2
226	578	-5
258	578	-2
290	578	0
322	578	0
354	578	4
386	578	0
418	578	1
450	578	-1
482	578	0
514	578	0
546	578	1
578	578	1
610	578	-2
642	578	3
674	578	-1
706	578	-1
738	578	-2
770	578	2
802	578	0
834	578	-1
866	578	2
898	578	4
930	578	2
962	578	0
994	578	0
3	579	1
35	579	1
67	579	0
99	579	1
131	579	1
163	579	-3
195	579	-2
227	579	-1
259	579	0
291	579	2
323	579	-1
355	579	2
387	579	-1
419	579	0
451	579	-2
483	579	4
515	579	4
547	579	3
579	579	3
611	579	2
643	579	-4
675	579	0
707	579	0
739	579	2
771	579	1
803	579	-2
835	579	2
867	579	2
899	579	-2
931	579	-2
963	579	0
995	579	0
4	580	0
36	580	0
68	580	-1
100	580	0
132	580	0
164	580	0
196	580	2
228	580	2
260	580	1
292	580	-6
324	580	0
356	580	1
388	580	1
420	580	3
452	580	2
484	580	2
516	580	1
548	580	0
580	580	0
612	580	0
644	580	-1
676	580	-3
708	580	1
740	580	-2
772	580	0
804	580	2
836	580	0
868	580	0
900	580	1
932	580	0
964	580	0
996	580	0
5	581	1
37	581	1
69	581	0
101	581	1
133	581	1
165	581	1
197	581	0
229	581	2
261	581	-2
293	581	0
325	581	-2
357	581	0
389	581	0
421	581	2
453	581	0
485	581	0
517	581	2
549	581	-1
581	581	0
613	581	2
645	581	2
677	581	2
709	581	2
741	581	2
773	581	0
805	581	1
837	581	-4
869	581	5
901	581	-1
933	581	2
965	581	1
997	581	0
6	582	1
38	582	0
70	582	1
102	582	-1
134	582	0
166	582	1
198	582	0
230	582	2
262	582	1
294	582	3
326	582	1
358	582	4
390	582	1
422	582	-1
454	582	2
486	582	3
518	582	3
550	582	2
582	582	-2
614	582	2
646	582	0
678	582	-1
710	582	-1
742	582	0
774	582	-1
806	582	-2
838	582	1
870	582	3
902	582	2
934	582	2
966	582	1
998	582	0
7	583	0
39	583	0
71	583	3
103	583	0
135	583	1
167	583	4
199	583	0
231	583	0
263	583	1
295	583	2
327	583	2
359	583	0
391	583	0
423	583	0
455	583	-2
487	583	-2
519	583	4
551	583	-3
583	583	0
615	583	-1
647	583	2
679	583	-2
711	583	-1
743	583	1
775	583	3
807	583	3
839	583	7
871	583	1
903	583	1
935	583	0
967	583	-2
999	583	0
8	584	0
40	584	0
72	584	0
104	584	0
136	584	0
168	584	-2
200	584	4
232	584	2
264	584	2
296	584	3
328	584	-5
360	584	0
392	584	-3
424	584	-2
456	584	-1
488	584	-1
520	584	0
552	584	-1
584	584	0
616	584	3
648	584	3
680	584	1
712	584	2
744	584	2
776	584	0
808	584	0
840	584	-3
872	584	0
904	584	2
936	584	3
968	584	1
1000	584	0
9	585	0
41	585	-1
73	585	-1
105	585	-1
137	585	0
169	585	0
201	585	-1
233	585	0
265	585	0
297	585	0
329	585	0
361	585	0
393	585	-1
425	585	0
457	585	-1
489	585	0
521	585	-1
553	585	-1
585	585	0
617	585	0
649	585	0
681	585	0
713	585	0
745	585	-1
777	585	0
809	585	0
841	585	0
873	585	-1
905	585	0
937	585	0
969	585	0
1001	585	0
10	586	0
42	586	0
74	586	1
106	586	0
138	586	0
170	586	3
202	586	1
234	586	1
266	586	-1
298	586	3
330	586	-2
362	586	-1
394	586	4
426	586	4
458	586	-1
490	586	1
522	586	-1
554	586	-2
586	586	-2
618	586	1
650	586	1
682	586	2
714	586	4
746	586	4
778	586	3
810	586	2
842	586	-3
874	586	-4
906	586	-3
938	586	0
970	586	0
1002	586	0
11	587	0
43	587	0
75	587	0
107	587	1
139	587	2
171	587	3
203	587	-1
235	587	2
267	587	0
299	587	3
331	587	3
363	587	-2
395	587	1
427	587	1
459	587	3
491	587	2
523	587	0
555	587	1
587	587	1
619	587	1
651	587	-3
683	587	-3
715	587	0
747	587	3
779	587	-1
811	587	4
843	587	0
875	587	-1
907	587	-4
939	587	2
971	587	0
1003	587	0
12	588	0
44	588	0
76	588	1
108	588	0
140	588	1
172	588	0
204	588	5
236	588	3
268	588	1
300	588	2
332	588	-1
364	588	-2
396	588	4
428	588	-4
460	588	1
492	588	0
524	588	-2
556	588	3
588	588	3
620	588	3
652	588	1
684	588	-1
716	588	-1
748	588	-2
780	588	2
812	588	0
844	588	0
876	588	2
908	588	-2
940	588	1
972	588	-1
1004	588	0
13	589	0
45	589	-1
77	589	0
109	589	-1
141	589	0
173	589	1
205	589	1
237	589	0
269	589	0
301	589	0
333	589	0
365	589	0
397	589	0
429	589	0
461	589	0
493	589	0
525	589	-1
557	589	0
589	589	0
621	589	0
653	589	-1
685	589	-1
717	589	0
749	589	0
781	589	0
813	589	-1
845	589	0
877	589	0
909	589	0
941	589	0
973	589	0
1005	589	1
14	590	1
46	590	1
78	590	-1
110	590	-2
142	590	0
174	590	-1
206	590	-1
238	590	-1
270	590	0
302	590	1
334	590	0
366	590	2
398	590	2
430	590	2
462	590	3
494	590	3
526	590	3
558	590	-3
590	590	-3
622	590	-2
654	590	-1
686	590	0
718	590	-1
750	590	1
782	590	-1
814	590	-3
846	590	0
878	590	1
910	590	4
942	590	2
974	590	2
1006	590	0
15	591	1
47	591	1
79	591	0
111	591	1
143	591	4
175	591	1
207	591	2
239	591	0
271	591	2
303	591	2
335	591	0
367	591	-1
399	591	-1
431	591	-2
463	591	0
495	591	1
527	591	1
559	591	2
591	591	-4
623	591	2
655	591	-1
687	591	3
719	591	1
751	591	0
783	591	3
815	591	3
847	591	4
879	591	-1
911	591	1
943	591	1
975	591	-1
1007	591	0
16	592	0
48	592	0
80	592	1
112	592	0
144	592	3
176	592	3
208	592	1
240	592	2
272	592	0
304	592	3
336	592	3
368	592	3
400	592	2
432	592	2
464	592	-3
496	592	3
528	592	-4
560	592	2
592	592	3
624	592	4
656	592	-2
688	592	3
720	592	2
752	592	3
784	592	0
816	592	2
848	592	1
880	592	-2
912	592	0
944	592	2
976	592	0
1008	592	2
17	593	0
49	593	0
81	593	1
113	593	0
145	593	2
177	593	1
209	593	1
241	593	0
273	593	-1
305	593	-1
337	593	4
369	593	0
401	593	0
433	593	0
465	593	1
497	593	-1
529	593	0
561	593	-2
593	593	-1
625	593	1
657	593	1
689	593	3
721	593	4
753	593	2
785	593	6
817	593	-2
849	593	-4
881	593	4
913	593	-2
945	593	0
977	593	1
1009	593	0
18	594	0
50	594	0
82	594	0
114	594	1
146	594	0
178	594	0
210	594	0
242	594	0
274	594	0
306	594	0
338	594	0
370	594	0
402	594	0
434	594	0
466	594	-1
498	594	0
530	594	0
562	594	0
594	594	0
626	594	0
658	594	0
690	594	0
722	594	0
754	594	-1
786	594	0
818	594	0
850	594	0
882	594	0
914	594	-1
946	594	0
978	594	-1
1010	594	0
19	595	1
51	595	1
83	595	0
115	595	0
147	595	0
179	595	-1
211	595	0
243	595	0
275	595	1
307	595	0
339	595	-1
371	595	4
403	595	2
435	595	-1
467	595	-5
499	595	-5
531	595	1
563	595	-5
595	595	-5
627	595	1
659	595	2
691	595	2
723	595	0
755	595	2
787	595	2
819	595	0
851	595	1
883	595	4
915	595	1
947	595	0
979	595	0
1011	595	0
20	596	0
52	596	0
84	596	0
116	596	0
148	596	0
180	596	0
212	596	0
244	596	-1
276	596	0
308	596	0
340	596	0
372	596	0
404	596	-1
436	596	0
468	596	0
500	596	-1
532	596	0
564	596	0
596	596	-1
628	596	0
660	596	0
692	596	-1
724	596	0
756	596	-1
788	596	-1
820	596	-1
852	596	0
884	596	-1
916	596	0
948	596	0
980	596	-1
1012	596	-1
21	597	2
53	597	1
85	597	1
117	597	1
149	597	-4
181	597	3
213	597	-1
245	597	0
277	597	1
309	597	0
341	597	2
373	597	-6
405	597	-4
437	597	-1
469	597	2
501	597	3
533	597	0
565	597	1
597	597	-1
629	597	3
661	597	-1
693	597	0
725	597	0
757	597	-2
789	597	0
821	597	1
853	597	0
885	597	1
917	597	-1
949	597	1
981	597	0
1013	597	1
22	598	0
54	598	0
86	598	0
118	598	0
150	598	1
182	598	1
214	598	-1
246	598	0
278	598	-1
310	598	3
342	598	-3
374	598	0
406	598	-1
438	598	-2
470	598	0
502	598	-2
534	598	1
566	598	3
598	598	1
630	598	1
662	598	4
694	598	0
726	598	1
758	598	0
790	598	-1
822	598	-1
854	598	-2
886	598	-3
918	598	1
950	598	1
982	598	0
1014	598	0
23	599	0
55	599	0
87	599	0
119	599	1
151	599	0
183	599	0
215	599	-5
247	599	1
279	599	0
311	599	-2
343	599	-1
375	599	0
407	599	0
439	599	-4
471	599	-4
503	599	2
535	599	2
567	599	5
599	599	3
631	599	1
663	599	0
695	599	0
727	599	0
759	599	0
791	599	-1
823	599	-1
855	599	-3
887	599	-1
919	599	-2
951	599	-4
983	599	0
1015	599	0
24	600	0
56	600	0
88	600	0
120	600	2
152	600	-1
184	600	2
216	600	2
248	600	1
280	600	3
312	600	-2
344	600	0
376	600	2
408	600	-2
440	600	2
472	600	-2
504	600	3
536	600	3
568	600	2
600	600	-6
632	600	2
664	600	3
696	600	2
728	600	2
760	600	0
792	600	0
824	600	2
856	600	4
888	600	-4
920	600	-3
952	600	0
984	600	0
1016	600	1
25	601	0
57	601	0
89	601	0
121	601	-3
153	601	0
185	601	0
217	601	5
249	601	7
281	601	-1
313	601	3
345	601	-4
377	601	2
409	601	2
441	601	-1
473	601	-1
505	601	-2
537	601	-7
569	601	-1
601	601	-1
633	601	1
665	601	2
697	601	0
729	601	0
761	601	1
793	601	1
825	601	-2
857	601	1
889	601	2
921	601	3
953	601	1
985	601	0
1017	601	1
26	602	0
58	602	1
90	602	0
122	602	0
154	602	1
186	602	0
218	602	0
250	602	0
282	602	-1
314	602	-1
346	602	0
378	602	0
410	602	1
442	602	-1
474	602	0
506	602	0
538	602	0
570	602	0
602	602	0
634	602	0
666	602	0
698	602	0
730	602	0
762	602	0
794	602	0
826	602	0
858	602	0
890	602	0
922	602	0
954	602	0
986	602	0
1018	602	0
27	603	0
59	603	1
91	603	0
123	603	1
155	603	-4
187	603	-5
219	603	0
251	603	3
283	603	3
315	603	3
347	603	0
379	603	2
411	603	2
443	603	3
475	603	2
507	603	1
539	603	0
571	603	1
603	603	-1
635	603	-2
667	603	6
699	603	-2
731	603	-3
763	603	-4
795	603	-2
827	603	0
859	603	0
891	603	0
923	603	1
955	603	0
987	603	2
1019	603	0
28	604	0
60	604	0
92	604	1
124	604	0
156	604	-2
188	604	-2
220	604	-2
252	604	-1
284	604	1
316	604	1
348	604	3
380	604	3
412	604	1
444	604	4
476	604	-2
508	604	-4
540	604	0
572	604	0
604	604	3
636	604	-3
668	604	-4
700	604	2
732	604	1
764	604	2
796	604	1
828	604	2
860	604	0
892	604	3
924	604	2
956	604	1
988	604	0
1020	604	0
29	605	1
61	605	0
93	605	0
125	605	1
157	605	-1
189	605	1
221	605	1
253	605	-3
285	605	4
317	605	0
349	605	-7
381	605	0
413	605	3
445	605	3
477	605	-2
509	605	4
541	605	-4
573	605	-2
605	605	2
637	605	3
669	605	2
701	605	-1
733	605	-1
765	605	-2
797	605	1
829	605	1
861	605	2
893	605	3
925	605	0
957	605	3
989	605	0
1021	605	1
30	606	0
62	606	0
94	606	0
126	606	0
158	606	-3
190	606	0
222	606	1
254	606	1
286	606	5
318	606	4
350	606	1
382	606	-2
414	606	-4
446	606	-3
478	606	1
510	606	-1
542	606	-3
574	606	-1
606	606	-1
638	606	1
670	606	-3
702	606	3
734	606	2
766	606	2
798	606	-1
830	606	1
862	606	1
894	606	0
926	606	2
958	606	0
990	606	0
1022	606	-1
31	607	0
63	607	1
95	607	-1
127	607	1
159	607	3
191	607	1
223	607	2
255	607	0
287	607	-2
319	607	0
351	607	1
383	607	0
415	607	1
447	607	1
479	607	0
511	607	1
543	607	2
575	607	3
607	607	2
639	607	2
671	607	2
703	607	2
735	607	-7
767	607	-1
799	607	1
831	607	1
863	607	0
895	607	2
927	607	-3
959	607	0
991	607	-1
1023	607	0
32	608	1
64	608	0
96	608	0
128	608	0
160	608	-2
192	608	0
224	608	-4
256	608	2
288	608	2
320	608	0
352	608	2
384	608	1
416	608	-1
448	608	5
480	608	2
512	608	-3
544	608	-4
576	608	-3
608	608	-5
640	608	3
672	608	1
704	608	-2
736	608	3
768	608	3
800	608	-1
832	608	2
864	608	0
896	608	1
928	608	0
960	608	0
992	608	0
1024	608	0
1	609	0
33	609	-1
65	609	0
97	609	1
129	609	0
161	609	2
193	609	2
225	609	-3
257	609	2
289	609	0
321	609	1
353	609	2
385	609	1
417	609	2
449	609	2
481	609	-3
513	609	-3
545	609	-3
577	609	-2
609	609	1
641	609	1
673	609	1
705	609	1
737	609	-1
769	609	4
801	609	0
833	609	0
865	609	0
897	609	-1
929	609	0
961	609	0
993	609	0
2	610	0
34	610	0
66	610	0
98	610	0
130	610	0
162	610	1
194	610	-3
226	610	-2
258	610	-2
290	610	-2
322	610	4
354	610	3
386	610	0
418	610	1
450	610	-1
482	610	-1
514	610	-1
546	610	-1
578	610	1
610	610	-3
642	610	0
674	610	-3
706	610	2
738	610	1
770	610	-4
802	610	1
834	610	0
866	610	-2
898	610	-1
930	610	-1
962	610	0
994	610	0
3	611	0
35	611	-1
67	611	0
99	611	1
131	611	0
163	611	-6
195	611	-3
227	611	1
259	611	-2
291	611	2
323	611	3
355	611	3
387	611	2
419	611	3
451	611	2
483	611	-2
515	611	-1
547	611	-2
579	611	0
611	611	0
643	611	2
675	611	-1
707	611	-3
739	611	2
771	611	1
803	611	1
835	611	3
867	611	2
899	611	1
931	611	1
963	611	0
995	611	0
4	612	0
36	612	0
68	612	0
100	612	1
132	612	0
164	612	0
196	612	0
228	612	3
260	612	0
292	612	-6
324	612	-1
356	612	-2
388	612	-2
420	612	-2
452	612	-1
484	612	2
516	612	2
548	612	3
580	612	3
612	612	0
644	612	-1
676	612	-1
708	612	2
740	612	-1
772	612	1
804	612	3
836	612	4
868	612	1
900	612	-1
932	612	-1
964	612	0
996	612	-1
5	613	0
37	613	1
69	613	2
101	613	2
133	613	1
165	613	0
197	613	0
229	613	1
261	613	2
293	613	1
325	613	3
357	613	0
389	613	-2
421	613	-5
453	613	-1
485	613	0
517	613	1
549	613	2
581	613	0
613	613	1
645	613	0
677	613	-2
709	613	-2
741	613	-4
773	613	0
805	613	-2
837	613	3
869	613	-2
901	613	1
933	613	1
965	613	0
997	613	0
6	614	1
38	614	0
70	614	1
102	614	0
134	614	-5
166	614	-5
198	614	3
230	614	2
262	614	-1
294	614	3
326	614	4
358	614	-3
390	614	2
422	614	2
454	614	-3
486	614	0
518	614	2
550	614	3
582	614	3
614	614	5
646	614	-2
678	614	-1
710	614	0
742	614	0
774	614	-3
806	614	-3
838	614	4
870	614	5
902	614	2
934	614	2
966	614	0
998	614	0
7	615	0
39	615	0
71	615	0
103	615	0
135	615	0
167	615	-2
199	615	0
231	615	2
263	615	2
295	615	0
327	615	1
359	615	2
391	615	4
423	615	1
455	615	0
487	615	0
519	615	1
551	615	-1
583	615	-1
615	615	2
647	615	2
679	615	0
711	615	1
743	615	3
775	615	0
807	615	0
839	615	0
871	615	0
903	615	-2
935	615	0
967	615	-2
999	615	0
8	616	1
40	616	0
72	616	0
104	616	0
136	616	1
168	616	-1
200	616	3
232	616	1
264	616	2
296	616	2
328	616	-2
360	616	1
392	616	1
424	616	2
456	616	-1
488	616	-3
520	616	-2
552	616	3
584	616	5
616	616	3
648	616	1
680	616	2
712	616	2
744	616	3
776	616	4
808	616	1
840	616	-3
872	616	-3
904	616	0
936	616	0
968	616	0
1000	616	0
9	617	1
41	617	2
73	617	-1
105	617	0
137	617	2
169	617	2
201	617	-1
233	617	-1
265	617	-3
297	617	-4
329	617	-2
361	617	-2
393	617	-2
425	617	2
457	617	4
489	617	0
521	617	0
553	617	2
585	617	2
617	617	-4
649	617	2
681	617	3
713	617	-1
745	617	-2
777	617	0
809	617	-2
841	617	1
873	617	-4
905	617	-2
937	617	3
969	617	0
1001	617	0
10	618	0
42	618	1
74	618	1
106	618	0
138	618	0
170	618	2
202	618	2
234	618	-2
266	618	2
298	618	1
330	618	0
362	618	0
394	618	6
426	618	1
458	618	4
490	618	-4
522	618	4
554	618	3
586	618	2
618	618	-2
650	618	-1
682	618	-2
714	618	0
746	618	0
778	618	2
810	618	-2
842	618	0
874	618	2
906	618	1
938	618	2
970	618	1
1002	618	0
11	619	0
43	619	0
75	619	1
107	619	0
139	619	-1
171	619	-3
203	619	-1
235	619	-2
267	619	1
299	619	-4
331	619	0
363	619	2
395	619	-5
427	619	4
459	619	3
491	619	1
523	619	5
555	619	-2
587	619	-2
619	619	-1
651	619	1
683	619	1
715	619	2
747	619	-2
779	619	2
811	619	-1
843	619	1
875	619	2
907	619	4
939	619	-1
971	619	0
1003	619	0
12	620	0
44	620	0
76	620	0
108	620	0
140	620	0
172	620	1
204	620	0
236	620	0
268	620	0
300	620	0
332	620	0
364	620	-1
396	620	-1
428	620	-1
460	620	0
492	620	0
524	620	0
556	620	0
588	620	0
620	620	1
652	620	-1
684	620	0
716	620	0
748	620	0
780	620	0
812	620	0
844	620	0
876	620	0
908	620	1
940	620	1
972	620	-1
1004	620	0
13	621	-1
45	621	0
77	621	0
109	621	0
141	621	0
173	621	0
205	621	-1
237	621	0
269	621	0
301	621	0
333	621	0
365	621	0
397	621	0
429	621	0
461	621	-1
493	621	-1
525	621	0
557	621	0
589	621	0
621	621	0
653	621	-1
685	621	-1
717	621	0
749	621	0
781	621	0
813	621	0
845	621	-1
877	621	0
909	621	0
941	621	0
973	621	-1
1005	621	0
14	622	0
46	622	0
78	622	0
110	622	2
142	622	0
174	622	2
206	622	5
238	622	2
270	622	-2
302	622	-1
334	622	1
366	622	0
398	622	0
430	622	-2
462	622	2
494	622	1
526	622	2
558	622	-1
590	622	1
622	622	0
654	622	2
686	622	1
718	622	2
750	622	-4
782	622	0
814	622	0
846	622	0
878	622	1
910	622	3
942	622	0
974	622	1
1006	622	0
15	623	2
47	623	0
79	623	0
111	623	1
143	623	-4
175	623	-1
207	623	-1
239	623	0
271	623	4
303	623	2
335	623	0
367	623	2
399	623	2
431	623	3
463	623	2
495	623	2
527	623	0
559	623	-1
591	623	3
623	623	-3
655	623	0
687	623	-1
719	623	0
751	623	-1
783	623	-2
815	623	0
847	623	1
879	623	3
911	623	2
943	623	-1
975	623	3
1007	623	-1
16	624	0
48	624	0
80	624	-1
112	624	-1
144	624	1
176	624	0
208	624	1
240	624	1
272	624	0
304	624	1
336	624	2
368	624	1
400	624	-2
432	624	-3
464	624	0
496	624	0
528	624	0
560	624	0
592	624	1
624	624	0
656	624	-2
688	624	-1
720	624	0
752	624	1
784	624	0
816	624	1
848	624	1
880	624	2
912	624	1
944	624	0
976	624	0
1008	624	0
17	625	0
49	625	0
81	625	-1
113	625	-1
145	625	1
177	625	2
209	625	1
241	625	0
273	625	0
305	625	-1
337	625	2
369	625	-2
401	625	-2
433	625	-1
465	625	4
497	625	3
529	625	0
561	625	3
593	625	2
625	625	-2
657	625	0
689	625	-1
721	625	1
753	625	1
785	625	0
817	625	1
849	625	0
881	625	1
913	625	1
945	625	0
977	625	0
1009	625	1
18	626	0
50	626	0
82	626	0
114	626	0
146	626	0
178	626	0
210	626	0
242	626	0
274	626	-1
306	626	2
338	626	0
370	626	0
402	626	0
434	626	-1
466	626	-1
498	626	1
530	626	0
562	626	0
594	626	1
626	626	-1
658	626	-2
690	626	0
722	626	0
754	626	0
786	626	1
818	626	1
850	626	1
882	626	0
914	626	0
946	626	0
978	626	0
1010	626	0
19	627	0
51	627	0
83	627	0
115	627	1
147	627	2
179	627	3
211	627	0
243	627	-1
275	627	-2
307	627	-2
339	627	-2
371	627	-2
403	627	-3
435	627	0
467	627	3
499	627	1
531	627	-2
563	627	3
595	627	2
627	627	3
659	627	2
691	627	3
723	627	3
755	627	-2
787	627	-3
819	627	1
851	627	2
883	627	0
915	627	1
947	627	-1
979	627	0
1011	627	0
20	628	0
52	628	0
84	628	-1
116	628	0
148	628	1
180	628	2
212	628	-3
244	628	0
276	628	0
308	628	3
340	628	-1
372	628	-2
404	628	2
436	628	-3
468	628	3
500	628	4
532	628	1
564	628	2
596	628	2
628	628	3
660	628	-3
692	628	2
724	628	1
756	628	1
788	628	-4
820	628	-2
852	628	-5
884	628	-3
916	628	2
948	628	-1
980	628	0
1012	628	0
21	629	2
53	629	1
85	629	1
117	629	1
149	629	-4
181	629	2
213	629	-3
245	629	-2
277	629	-2
309	629	0
341	629	-1
373	629	-3
405	629	-2
437	629	-3
469	629	1
501	629	3
533	629	5
565	629	1
597	629	0
629	629	4
661	629	1
693	629	0
725	629	-1
757	629	-4
789	629	-3
821	629	-1
853	629	-1
885	629	0
917	629	1
949	629	1
981	629	0
1013	629	1
22	630	0
54	630	0
86	630	0
118	630	0
150	630	0
182	630	-1
214	630	0
246	630	0
278	630	0
310	630	0
342	630	0
374	630	0
406	630	-1
438	630	0
470	630	-1
502	630	-1
534	630	0
566	630	-1
598	630	0
630	630	-1
662	630	-1
694	630	0
726	630	0
758	630	0
790	630	0
822	630	0
854	630	0
886	630	0
918	630	0
950	630	-1
982	630	0
1014	630	-1
23	631	0
55	631	0
87	631	0
119	631	1
151	631	0
183	631	-1
215	631	0
247	631	0
279	631	-1
311	631	0
343	631	0
375	631	-1
407	631	0
439	631	0
471	631	0
503	631	0
535	631	0
567	631	0
599	631	0
631	631	0
663	631	0
695	631	0
727	631	0
759	631	0
791	631	0
823	631	0
855	631	0
887	631	0
919	631	0
951	631	0
983	631	0
1015	631	-1
24	632	0
56	632	-1
88	632	0
120	632	0
152	632	2
184	632	1
216	632	0
248	632	1
280	632	-3
312	632	3
344	632	2
376	632	1
408	632	1
440	632	1
472	632	3
504	632	-3
536	632	-3
568	632	-1
600	632	6
632	632	-2
664	632	-2
696	632	-1
728	632	0
760	632	1
792	632	1
824	632	0
856	632	-4
888	632	5
920	632	4
952	632	0
984	632	0
1016	632	1
25	633	0
57	633	0
89	633	0
121	633	0
153	633	0
185	633	0
217	633	5
249	633	7
281	633	1
313	633	2
345	633	0
377	633	1
409	633	2
441	633	5
473	633	1
505	633	-4
537	633	-6
569	633	0
601	633	1
633	633	0
665	633	-1
697	633	0
729	633	0
761	633	0
793	633	-1
825	633	0
857	633	0
889	633	2
921	633	4
953	633	0
985	633	1
1017	633	1
26	634	0
58	634	0
90	634	0
122	634	0
154	634	1
186	634	0
218	634	-1
250	634	1
282	634	0
314	634	2
346	634	-2
378	634	-2
410	634	1
442	634	-2
474	634	0
506	634	0
538	634	0
570	634	1
602	634	-1
634	634	0
666	634	0
698	634	1
730	634	1
762	634	0
794	634	0
826	634	0
858	634	0
890	634	-1
922	634	1
954	634	-1
986	634	0
1018	634	0
27	635	0
59	635	0
91	635	-1
123	635	-1
155	635	0
187	635	0
219	635	0
251	635	0
283	635	0
315	635	0
347	635	0
379	635	0
411	635	0
443	635	-1
475	635	0
507	635	0
539	635	-1
571	635	-1
603	635	0
635	635	0
667	635	0
699	635	0
731	635	0
763	635	0
795	635	0
827	635	0
859	635	-1
891	635	0
923	635	0
955	635	0
987	635	-1
1019	635	0
28	636	1
60	636	0
92	636	1
124	636	1
156	636	2
188	636	1
220	636	2
252	636	0
284	636	2
316	636	4
348	636	-2
380	636	2
412	636	-3
444	636	3
476	636	-2
508	636	-1
540	636	0
572	636	2
604	636	-1
636	636	2
668	636	-1
700	636	2
732	636	2
764	636	1
796	636	-1
828	636	0
860	636	0
892	636	-5
924	636	-6
956	636	1
988	636	1
1020	636	-1
29	637	1
61	637	0
93	637	0
125	637	1
157	637	2
189	637	-1
221	637	1
253	637	0
285	637	-1
317	637	-2
349	637	1
381	637	-3
413	637	-1
445	637	1
477	637	2
509	637	2
541	637	0
573	637	4
605	637	2
637	637	1
669	637	-2
701	637	-4
733	637	-3
765	637	-3
797	637	-2
829	637	-2
861	637	0
893	637	1
925	637	0
957	637	1
989	637	-1
1021	637	0
30	638	0
62	638	0
94	638	1
126	638	0
158	638	4
190	638	1
222	638	1
254	638	-1
286	638	3
318	638	3
350	638	1
382	638	-2
414	638	-3
446	638	-1
478	638	2
510	638	-1
542	638	1
574	638	0
606	638	-1
638	638	-1
670	638	1
702	638	1
734	638	-1
766	638	1
798	638	0
830	638	1
862	638	2
894	638	1
926	638	2
958	638	0
990	638	0
1022	638	0
31	639	2
63	639	0
95	639	1
127	639	3
159	639	4
191	639	2
223	639	2
255	639	1
287	639	-2
319	639	-2
351	639	-2
383	639	-2
415	639	-3
447	639	-3
479	639	-1
511	639	1
543	639	3
575	639	3
607	639	2
639	639	2
671	639	2
703	639	1
735	639	2
767	639	1
799	639	-1
831	639	0
863	639	-4
895	639	2
927	639	-6
959	639	0
991	639	0
1023	639	0
32	640	1
64	640	0
96	640	0
128	640	-2
160	640	-2
192	640	-2
224	640	-6
256	640	-1
288	640	3
320	640	-4
352	640	3
384	640	3
416	640	-1
448	640	5
480	640	-1
512	640	-2
544	640	0
576	640	0
608	640	-1
640	640	3
672	640	1
704	640	0
736	640	1
768	640	0
800	640	-2
832	640	-1
864	640	1
896	640	-2
928	640	3
960	640	1
992	640	0
1024	640	-1
1	641	-1
33	641	0
65	641	0
97	641	-1
129	641	0
161	641	-1
193	641	-1
225	641	0
257	641	0
289	641	0
321	641	0
353	641	0
385	641	0
417	641	-1
449	641	0
481	641	-1
513	641	0
545	641	0
577	641	0
609	641	0
641	641	0
673	641	0
705	641	0
737	641	0
769	641	-1
801	641	0
833	641	-1
865	641	0
897	641	-1
929	641	0
961	641	0
993	641	0
2	642	-1
34	642	1
66	642	0
98	642	2
130	642	1
162	642	-2
194	642	-2
226	642	0
258	642	1
290	642	0
322	642	1
354	642	1
386	642	0
418	642	1
450	642	-4
482	642	1
514	642	-1
546	642	-1
578	642	-1
610	642	2
642	642	2
674	642	3
706	642	0
738	642	1
770	642	1
802	642	1
834	642	-1
866	642	-1
898	642	-2
930	642	-3
962	642	1
994	642	0
3	643	0
35	643	0
67	643	0
99	643	-1
131	643	0
163	643	0
195	643	-1
227	643	0
259	643	0
291	643	0
323	643	0
355	643	0
387	643	0
419	643	0
451	643	0
483	643	-1
515	643	0
547	643	0
579	643	0
611	643	0
643	643	-1
675	643	0
707	643	0
739	643	0
771	643	-1
803	643	-1
835	643	0
867	643	0
899	643	0
931	643	1
963	643	0
995	643	0
4	644	0
36	644	0
68	644	0
100	644	1
132	644	0
164	644	0
196	644	1
228	644	-1
260	644	1
292	644	-2
324	644	3
356	644	0
388	644	-5
420	644	-4
452	644	-2
484	644	-1
516	644	0
548	644	0
580	644	0
612	644	1
644	644	0
676	644	-2
708	644	1
740	644	1
772	644	3
804	644	1
836	644	0
868	644	1
900	644	-2
932	644	0
964	644	0
996	644	0
5	645	1
37	645	1
69	645	0
101	645	0
133	645	1
165	645	-1
197	645	-1
229	645	0
261	645	-1
293	645	-1
325	645	3
357	645	-1
389	645	-2
421	645	1
453	645	1
485	645	2
517	645	2
549	645	2
581	645	0
613	645	3
645	645	3
677	645	3
709	645	2
741	645	2
773	645	0
805	645	1
837	645	-1
869	645	0
901	645	0
933	645	0
965	645	0
997	645	0
6	646	1
38	646	0
70	646	2
102	646	0
134	646	3
166	646	2
198	646	-1
230	646	-2
262	646	4
294	646	4
326	646	3
358	646	6
390	646	-1
422	646	-3
454	646	3
486	646	2
518	646	1
550	646	-2
582	646	1
614	646	-4
646	646	1
678	646	0
710	646	-3
742	646	0
774	646	2
806	646	0
838	646	-2
870	646	-4
902	646	-3
934	646	-2
966	646	1
998	646	0
7	647	1
39	647	-1
71	647	0
103	647	0
135	647	1
167	647	4
199	647	-3
231	647	2
263	647	0
295	647	1
327	647	-2
359	647	1
391	647	3
423	647	3
455	647	0
487	647	-2
519	647	-1
551	647	2
583	647	2
615	647	-1
647	647	0
679	647	2
711	647	2
743	647	3
775	647	0
807	647	0
839	647	3
871	647	0
903	647	0
935	647	-1
967	647	3
999	647	1
8	648	0
40	648	0
72	648	0
104	648	0
136	648	0
168	648	0
200	648	-1
232	648	0
264	648	0
296	648	-1
328	648	0
360	648	0
392	648	0
424	648	0
456	648	0
488	648	0
520	648	0
552	648	0
584	648	0
616	648	-1
648	648	0
680	648	0
712	648	0
744	648	-1
776	648	0
808	648	-1
840	648	0
872	648	0
904	648	0
936	648	0
968	648	-1
1000	648	0
9	649	0
41	649	1
73	649	0
105	649	0
137	649	-2
169	649	-3
201	649	-4
233	649	0
265	649	-2
297	649	-1
329	649	-1
361	649	-2
393	649	1
425	649	2
457	649	-1
489	649	7
521	649	1
553	649	2
585	649	2
617	649	-3
649	649	3
681	649	3
713	649	-3
745	649	-2
777	649	-1
809	649	0
841	649	2
873	649	1
905	649	0
937	649	2
969	649	0
1001	649	0
10	650	0
42	650	0
74	650	0
106	650	-1
138	650	-1
170	650	-2
202	650	2
234	650	3
266	650	-1
298	650	1
330	650	1
362	650	1
394	650	-1
426	650	-2
458	650	-3
490	650	0
522	650	-1
554	650	0
586	650	0
618	650	1
650	650	3
682	650	4
714	650	1
746	650	1
778	650	-2
810	650	-2
842	650	-2
874	650	-1
906	650	0
938	650	2
970	650	1
1002	650	0
11	651	0
43	651	0
75	651	0
107	651	1
139	651	-1
171	651	-3
203	651	-1
235	651	-2
267	651	2
299	651	-3
331	651	1
363	651	3
395	651	-3
427	651	3
459	651	3
491	651	-4
523	651	5
555	651	-3
587	651	-1
619	651	-2
651	651	1
683	651	1
715	651	3
747	651	-2
779	651	3
811	651	-3
843	651	2
875	651	0
907	651	-1
939	651	0
971	651	1
1003	651	0
12	652	0
44	652	0
76	652	1
108	652	1
140	652	1
172	652	0
204	652	3
236	652	3
268	652	-3
300	652	3
332	652	0
364	652	-2
396	652	4
428	652	-4
460	652	2
492	652	0
524	652	-3
556	652	2
588	652	2
620	652	-1
652	652	-1
684	652	-2
716	652	0
748	652	-3
780	652	2
812	652	3
844	652	2
876	652	0
908	652	2
940	652	-2
972	652	-2
1004	652	0
13	653	0
45	653	-1
77	653	0
109	653	-1
141	653	0
173	653	0
205	653	-1
237	653	0
269	653	0
301	653	0
333	653	0
365	653	-1
397	653	0
429	653	-1
461	653	0
493	653	0
525	653	0
557	653	0
589	653	0
621	653	0
653	653	0
685	653	0
717	653	0
749	653	0
781	653	0
813	653	0
845	653	0
877	653	0
909	653	0
941	653	1
973	653	0
1005	653	0
14	654	1
46	654	1
78	654	0
110	654	-1
142	654	0
174	654	1
206	654	5
238	654	3
270	654	-2
302	654	1
334	654	1
366	654	-1
398	654	2
430	654	3
462	654	7
494	654	0
526	654	-3
558	654	-1
590	654	-5
622	654	-2
654	654	-1
686	654	0
718	654	1
750	654	0
782	654	1
814	654	0
846	654	0
878	654	0
910	654	3
942	654	2
974	654	1
1006	654	1
15	655	1
47	655	-1
79	655	-1
111	655	2
143	655	3
175	655	1
207	655	2
239	655	-1
271	655	-1
303	655	1
335	655	1
367	655	-1
399	655	-2
431	655	-2
463	655	0
495	655	2
527	655	2
559	655	3
591	655	-1
623	655	1
655	655	-1
687	655	2
719	655	1
751	655	0
783	655	2
815	655	3
847	655	4
879	655	-1
911	655	0
943	655	2
975	655	-3
1007	655	0
16	656	0
48	656	-1
80	656	0
112	656	0
144	656	0
176	656	0
208	656	0
240	656	0
272	656	0
304	656	0
336	656	0
368	656	0
400	656	0
432	656	0
464	656	0
496	656	0
528	656	0
560	656	0
592	656	-1
624	656	-1
656	656	-1
688	656	0
720	656	0
752	656	0
784	656	0
816	656	0
848	656	0
880	656	0
912	656	0
944	656	-1
976	656	0
1008	656	0
17	657	0
49	657	0
81	657	0
113	657	0
145	657	-3
177	657	1
209	657	0
241	657	1
273	657	2
305	657	2
337	657	-2
369	657	2
401	657	1
433	657	2
465	657	0
497	657	-1
529	657	2
561	657	2
593	657	2
625	657	0
657	657	0
689	657	-1
721	657	-3
753	657	-1
785	657	-2
817	657	2
849	657	3
881	657	-2
913	657	2
945	657	0
977	657	-1
1009	657	0
18	658	0
50	658	1
82	658	0
114	658	1
146	658	0
178	658	3
210	658	3
242	658	2
274	658	1
306	658	0
338	658	3
370	658	0
402	658	-1
434	658	1
466	658	1
498	658	-3
530	658	2
562	658	-2
594	658	-1
626	658	-2
658	658	1
690	658	0
722	658	-1
754	658	0
786	658	1
818	658	1
850	658	0
882	658	0
914	658	3
946	658	4
978	658	0
1010	658	-1
19	659	0
51	659	0
83	659	0
115	659	1
147	659	1
179	659	3
211	659	0
243	659	-2
275	659	-2
307	659	-4
339	659	-2
371	659	0
403	659	1
435	659	1
467	659	2
499	659	-1
531	659	1
563	659	1
595	659	-2
627	659	2
659	659	3
691	659	3
723	659	4
755	659	-2
787	659	-2
819	659	1
851	659	-2
883	659	-1
915	659	-1
947	659	-1
979	659	0
1011	659	0
20	660	0
52	660	0
84	660	0
116	660	1
148	660	1
180	660	2
212	660	-1
244	660	0
276	660	1
308	660	-1
340	660	1
372	660	0
404	660	7
436	660	-3
468	660	2
500	660	3
532	660	-2
564	660	1
596	660	2
628	660	2
660	660	-4
692	660	1
724	660	1
756	660	2
788	660	-1
820	660	2
852	660	-4
884	660	1
916	660	1
948	660	0
980	660	1
1012	660	0
21	661	1
53	661	1
85	661	0
117	661	1
149	661	4
181	661	-1
213	661	0
245	661	-1
277	661	-2
309	661	0
341	661	0
373	661	4
405	661	4
437	661	1
469	661	-2
501	661	-3
533	661	-1
565	661	-2
597	661	4
629	661	1
661	661	2
693	661	-2
725	661	0
757	661	-2
789	661	-3
821	661	-2
853	661	-3
885	661	-5
917	661	2
949	661	1
981	661	0
1013	661	1
22	662	0
54	662	0
86	662	0
118	662	0
150	662	2
182	662	-1
214	662	-4
246	662	2
278	662	-1
310	662	4
342	662	-4
374	662	-2
406	662	0
438	662	2
470	662	-1
502	662	3
534	662	-3
566	662	-4
598	662	3
630	662	3
662	662	-3
694	662	2
726	662	1
758	662	1
790	662	3
822	662	-1
854	662	-1
886	662	0
918	662	2
950	662	1
982	662	0
1014	662	0
23	663	0
55	663	0
87	663	0
119	663	1
151	663	0
183	663	2
215	663	1
247	663	-1
279	663	1
311	663	2
343	663	0
375	663	0
407	663	1
439	663	4
471	663	4
503	663	0
535	663	1
567	663	-2
599	663	-1
631	663	-1
663	663	1
695	663	3
727	663	0
759	663	-1
791	663	-1
823	663	1
855	663	2
887	663	3
919	663	5
951	663	4
983	663	0
1015	663	0
24	664	0
56	664	0
88	664	0
120	664	-1
152	664	2
184	664	1
216	664	1
248	664	2
280	664	4
312	664	-1
344	664	-1
376	664	-2
408	664	5
440	664	2
472	664	4
504	664	-1
536	664	-1
568	664	-5
600	664	4
632	664	-2
664	664	-4
696	664	-3
728	664	0
760	664	2
792	664	2
824	664	1
856	664	1
888	664	-2
920	664	-4
952	664	-2
984	664	0
1016	664	1
25	665	-1
57	665	0
89	665	0
121	665	-2
153	665	0
185	665	0
217	665	0
249	665	-1
281	665	1
313	665	0
345	665	0
377	665	1
409	665	1
441	665	-3
473	665	1
505	665	2
537	665	2
569	665	1
601	665	1
633	665	3
665	665	2
697	665	-1
729	665	-1
761	665	-2
793	665	0
825	665	0
857	665	-1
889	665	0
921	665	2
953	665	0
985	665	2
1017	665	0
26	666	0
58	666	0
90	666	-1
122	666	-1
154	666	-1
186	666	-1
218	666	2
250	666	-2
282	666	0
314	666	-2
346	666	0
378	666	1
410	666	-4
442	666	-2
474	666	-1
506	666	2
538	666	-2
570	666	3
602	666	-4
634	666	-3
666	666	2
698	666	2
730	666	2
762	666	4
794	666	2
826	666	3
858	666	0
890	666	-1
922	666	1
954	666	0
986	666	0
1018	666	0
27	667	0
59	667	0
91	667	0
123	667	0
155	667	-3
187	667	-2
219	667	-4
251	667	-1
283	667	0
315	667	3
347	667	2
379	667	3
411	667	4
443	667	-2
475	667	0
507	667	-4
539	667	0
571	667	-2
603	667	4
635	667	2
667	667	-3
699	667	0
731	667	2
763	667	1
795	667	2
827	667	3
859	667	0
891	667	1
923	667	0
955	667	0
987	667	0
1019	667	0
28	668	1
60	668	0
92	668	1
124	668	1
156	668	-2
188	668	0
220	668	0
252	668	0
284	668	0
316	668	2
348	668	0
380	668	5
412	668	-2
444	668	4
476	668	-1
508	668	2
540	668	0
572	668	-2
604	668	2
636	668	-2
668	668	-6
700	668	3
732	668	0
764	668	0
796	668	0
828	668	2
860	668	0
892	668	-1
924	668	-4
956	668	0
988	668	1
1020	668	-1
29	669	1
61	669	0
93	669	1
125	669	1
157	669	0
189	669	0
221	669	3
253	669	-2
285	669	4
317	669	-1
349	669	-6
381	669	0
413	669	0
445	669	2
477	669	-3
509	669	3
541	669	-4
573	669	-4
605	669	3
637	669	2
669	669	4
701	669	0
733	669	-1
765	669	-2
797	669	-1
829	669	-1
861	669	2
893	669	2
925	669	1
957	669	2
989	669	0
1021	669	-1
30	670	0
62	670	0
94	670	0
126	670	0
158	670	-3
190	670	-2
222	670	-2
254	670	2
286	670	0
318	670	2
350	670	2
382	670	1
414	670	1
446	670	4
478	670	2
510	670	2
542	670	-3
574	670	-2
606	670	-1
638	670	2
670	670	1
702	670	1
734	670	-3
766	670	-3
798	670	1
830	670	0
862	670	2
894	670	3
926	670	3
958	670	0
990	670	0
1022	670	0
31	671	0
63	671	0
95	671	0
127	671	-1
159	671	-5
191	671	0
223	671	-1
255	671	-6
287	671	0
319	671	2
351	671	2
383	671	1
415	671	0
447	671	0
479	671	-1
511	671	2
543	671	1
575	671	0
607	671	-2
639	671	-2
671	671	-3
703	671	-1
735	671	7
767	671	0
799	671	2
831	671	-1
863	671	3
895	671	-4
927	671	5
959	671	0
991	671	1
1023	671	0
32	672	0
64	672	0
96	672	0
128	672	0
160	672	0
192	672	0
224	672	2
256	672	0
288	672	-2
320	672	3
352	672	0
384	672	0
416	672	1
448	672	-2
480	672	0
512	672	1
544	672	1
576	672	1
608	672	1
640	672	-3
672	672	0
704	672	1
736	672	-1
768	672	0
800	672	2
832	672	2
864	672	-2
896	672	3
928	672	-2
960	672	0
992	672	0
1024	672	0
1	673	0
33	673	0
65	673	0
97	673	1
129	673	-1
161	673	1
193	673	3
225	673	-1
257	673	2
289	673	0
321	673	2
353	673	0
385	673	0
417	673	1
449	673	4
481	673	4
513	673	0
545	673	1
577	673	3
609	673	0
641	673	-1
673	673	-2
705	673	-2
737	673	5
769	673	2
801	673	-2
833	673	1
865	673	1
897	673	-4
929	673	0
961	673	1
993	673	0
2	674	0
34	674	0
66	674	0
98	674	1
130	674	1
162	674	4
194	674	2
226	674	2
258	674	-1
290	674	-1
322	674	2
354	674	2
386	674	0
418	674	-2
450	674	3
482	674	-3
514	674	-3
546	674	4
578	674	1
610	674	-3
642	674	1
674	674	-3
706	674	2
738	674	3
770	674	0
802	674	0
834	674	0
866	674	-1
898	674	-3
930	674	-5
962	674	1
994	674	0
3	675	0
35	675	0
67	675	0
99	675	1
131	675	0
163	675	2
195	675	5
227	675	0
259	675	1
291	675	-1
323	675	0
355	675	1
387	675	0
419	675	-2
451	675	-2
483	675	3
515	675	1
547	675	1
579	675	0
611	675	-2
643	675	0
675	675	-7
707	675	2
739	675	3
771	675	2
803	675	-3
835	675	2
867	675	-4
899	675	0
931	675	-4
963	675	0
995	675	-1
4	676	1
36	676	0
68	676	0
100	676	1
132	676	0
164	676	0
196	676	1
228	676	-4
260	676	0
292	676	7
324	676	0
356	676	1
388	676	1
420	676	-1
452	676	1
484	676	-2
516	676	-1
548	676	1
580	676	1
612	676	-1
644	676	0
676	676	1
708	676	2
740	676	-1
772	676	-1
804	676	-2
836	676	3
868	676	1
900	676	3
932	676	3
964	676	0
996	676	0
5	677	0
37	677	2
69	677	2
101	677	2
133	677	0
165	677	1
197	677	2
229	677	3
261	677	2
293	677	3
325	677	0
357	677	4
389	677	4
421	677	-1
453	677	-4
485	677	-4
517	677	-3
549	677	0
581	677	0
613	677	-2
645	677	-1
677	677	-1
709	677	1
741	677	2
773	677	1
805	677	1
837	677	3
869	677	2
901	677	1
933	677	2
965	677	-1
997	677	0
6	678	0
38	678	1
70	678	0
102	678	0
134	678	-2
166	678	-2
198	678	2
230	678	2
262	678	-1
294	678	0
326	678	1
358	678	-4
390	678	2
422	678	3
454	678	-2
486	678	-1
518	678	-2
550	678	-1
582	678	5
614	678	4
646	678	-4
678	678	-2
710	678	3
742	678	-1
774	678	2
806	678	2
838	678	0
870	678	-1
902	678	3
934	678	2
966	678	0
998	678	0
7	679	0
39	679	0
71	679	1
103	679	0
135	679	0
167	679	2
199	679	1
231	679	-4
263	679	-5
295	679	1
327	679	3
359	679	-3
391	679	2
423	679	3
455	679	-2
487	679	-3
519	679	1
551	679	2
583	679	1
615	679	2
647	679	-4
679	679	4
711	679	5
743	679	6
775	679	1
807	679	1
839	679	0
871	679	1
903	679	-1
935	679	1
967	679	-2
999	679	0
8	680	0
40	680	1
72	680	1
104	680	0
136	680	1
168	680	1
200	680	2
232	680	3
264	680	3
296	680	1
328	680	-2
360	680	1
392	680	-6
424	680	-4
456	680	1
488	680	0
520	680	1
552	680	-2
584	680	-1
616	680	-1
648	680	0
680	680	2
712	680	1
744	680	1
776	680	-1
808	680	2
840	680	1
872	680	2
904	680	2
936	680	5
968	680	0
1000	680	0
9	681	0
41	681	0
73	681	0
105	681	-1
137	681	0
169	681	0
201	681	0
233	681	0
265	681	0
297	681	-1
329	681	-1
361	681	0
393	681	0
425	681	0
457	681	0
489	681	0
521	681	-1
553	681	0
585	681	0
617	681	0
649	681	0
681	681	-1
713	681	0
745	681	0
777	681	0
809	681	0
841	681	0
873	681	0
905	681	0
937	681	0
969	681	0
1001	681	0
10	682	0
42	682	0
74	682	1
106	682	0
138	682	-1
170	682	-3
202	682	-1
234	682	3
266	682	-2
298	682	-1
330	682	2
362	682	-1
394	682	-7
426	682	-3
458	682	0
490	682	6
522	682	-3
554	682	1
586	682	1
618	682	3
650	682	3
682	682	2
714	682	0
746	682	1
778	682	-2
810	682	1
842	682	3
874	682	2
906	682	0
938	682	-2
970	682	1
1002	682	0
11	683	1
43	683	0
75	683	1
107	683	1
139	683	3
171	683	3
203	683	-1
235	683	2
267	683	3
299	683	-1
331	683	-2
363	683	-2
395	683	-2
427	683	0
459	683	4
491	683	1
523	683	-6
555	683	2
587	683	2
619	683	2
651	683	1
683	683	1
715	683	1
747	683	3
779	683	2
811	683	-1
843	683	-1
875	683	-2
907	683	-3
939	683	1
971	683	0
1003	683	1
12	684	0
44	684	0
76	684	0
108	684	0
140	684	1
172	684	0
204	684	5
236	684	2
268	684	2
300	684	4
332	684	3
364	684	2
396	684	3
428	684	-6
460	684	2
492	684	0
524	684	0
556	684	1
588	684	0
620	684	-3
652	684	-2
684	684	-3
716	684	0
748	684	-2
780	684	2
812	684	3
844	684	1
876	684	-1
908	684	-1
940	684	2
972	684	1
1004	684	0
13	685	0
45	685	0
77	685	-1
109	685	0
141	685	1
173	685	-1
205	685	2
237	685	-1
269	685	0
301	685	0
333	685	1
365	685	-2
397	685	2
429	685	2
461	685	2
493	685	2
525	685	2
557	685	1
589	685	3
621	685	-3
653	685	1
685	685	2
717	685	0
749	685	-1
781	685	0
813	685	1
845	685	1
877	685	3
909	685	0
941	685	1
973	685	2
1005	685	0
14	686	1
46	686	1
78	686	0
110	686	-1
142	686	0
174	686	-2
206	686	-3
238	686	-2
270	686	0
302	686	1
334	686	1
366	686	2
398	686	2
430	686	1
462	686	0
494	686	-2
526	686	-3
558	686	2
590	686	0
622	686	2
654	686	0
686	686	-2
718	686	-3
750	686	4
782	686	-1
814	686	-1
846	686	0
878	686	-1
910	686	-2
942	686	1
974	686	1
1006	686	-1
15	687	0
47	687	0
79	687	0
111	687	0
143	687	1
175	687	0
207	687	0
239	687	0
271	687	0
303	687	2
335	687	0
367	687	2
399	687	1
431	687	2
463	687	3
495	687	1
527	687	2
559	687	0
591	687	3
623	687	-1
655	687	4
687	687	1
719	687	0
751	687	0
783	687	-3
815	687	-3
847	687	-3
879	687	3
911	687	2
943	687	-1
975	687	4
1007	687	0
16	688	0
48	688	0
80	688	0
112	688	0
144	688	2
176	688	2
208	688	-2
240	688	-1
272	688	0
304	688	-1
336	688	0
368	688	-1
400	688	0
432	688	1
464	688	-2
496	688	3
528	688	-3
560	688	3
592	688	3
624	688	3
656	688	1
688	688	1
720	688	-3
752	688	-2
784	688	4
816	688	-3
848	688	-3
880	688	-1
912	688	0
944	688	1
976	688	0
1008	688	1
17	689	0
49	689	0
81	689	0
113	689	0
145	689	-1
177	689	1
209	689	-3
241	689	1
273	689	-4
305	689	-2
337	689	-4
369	689	1
401	689	0
433	689	1
465	689	3
497	689	-3
529	689	2
561	689	2
593	689	2
625	689	-2
657	689	-1
689	689	0
721	689	3
753	689	-1
785	689	2
817	689	-1
849	689	0
881	689	2
913	689	-1
945	689	0
977	689	-1
1009	689	0
18	690	1
50	690	0
82	690	0
114	690	0
146	690	2
178	690	1
210	690	-2
242	690	1
274	690	2
306	690	3
338	690	-2
370	690	4
402	690	4
434	690	-3
466	690	-3
498	690	3
530	690	-3
562	690	4
594	690	-1
626	690	-2
658	690	-3
690	690	2
722	690	2
754	690	1
786	690	1
818	690	-1
850	690	-1
882	690	-2
914	690	-2
946	690	-3
978	690	0
1010	690	-1
19	691	1
51	691	0
83	691	1
115	691	1
147	691	-1
179	691	0
211	691	0
243	691	-1
275	691	-1
307	691	-2
339	691	3
371	691	0
403	691	0
435	691	0
467	691	3
499	691	2
531	691	1
563	691	2
595	691	1
627	691	-2
659	691	-1
691	691	-1
723	691	1
755	691	2
787	691	1
819	691	-1
851	691	-1
883	691	-1
915	691	-2
947	691	0
979	691	0
1011	691	0
20	692	-1
52	692	0
84	692	0
116	692	0
148	692	0
180	692	0
212	692	0
244	692	0
276	692	0
308	692	0
340	692	0
372	692	0
404	692	0
436	692	0
468	692	0
500	692	0
532	692	0
564	692	-1
596	692	0
628	692	0
660	692	0
692	692	0
724	692	0
756	692	0
788	692	0
820	692	0
852	692	0
884	692	0
916	692	0
948	692	0
980	692	0
1012	692	0
21	693	1
53	693	1
85	693	1
117	693	1
149	693	-3
181	693	2
213	693	1
245	693	2
277	693	0
309	693	1
341	693	-2
373	693	-6
405	693	-4
437	693	-2
469	693	2
501	693	1
533	693	2
565	693	0
597	693	1
629	693	3
661	693	1
693	693	1
725	693	0
757	693	0
789	693	1
821	693	3
853	693	2
885	693	-2
917	693	3
949	693	1
981	693	0
1013	693	1
22	694	1
54	694	-1
86	694	0
118	694	0
150	694	1
182	694	2
214	694	-6
246	694	4
278	694	-2
310	694	4
342	694	5
374	694	0
406	694	-2
438	694	0
470	694	-5
502	694	4
534	694	-4
566	694	-3
598	694	3
630	694	4
662	694	-5
694	694	2
726	694	-1
758	694	1
790	694	4
822	694	3
854	694	-2
886	694	-4
918	694	2
950	694	1
982	694	0
1014	694	0
23	695	0
55	695	0
87	695	0
119	695	0
151	695	1
183	695	2
215	695	1
247	695	2
279	695	1
311	695	2
343	695	0
375	695	0
407	695	-4
439	695	6
471	695	5
503	695	-3
535	695	-2
567	695	2
599	695	2
631	695	2
663	695	1
695	695	0
727	695	0
759	695	1
791	695	2
823	695	2
855	695	0
887	695	-4
919	695	-3
951	695	0
983	695	1
1015	695	1
24	696	0
56	696	0
88	696	0
120	696	0
152	696	-1
184	696	0
216	696	0
248	696	-1
280	696	0
312	696	-1
344	696	0
376	696	0
408	696	0
440	696	0
472	696	0
504	696	0
536	696	0
568	696	0
600	696	-1
632	696	-1
664	696	0
696	696	0
728	696	0
760	696	0
792	696	-1
824	696	1
856	696	0
888	696	0
920	696	0
952	696	0
984	696	0
1016	696	0
25	697	0
57	697	0
89	697	0
121	697	4
153	697	0
185	697	0
217	697	-4
249	697	-3
281	697	2
313	697	-1
345	697	4
377	697	-2
409	697	-3
441	697	2
473	697	1
505	697	0
537	697	0
569	697	-2
601	697	1
633	697	-2
665	697	1
697	697	3
729	697	3
761	697	3
793	697	-1
825	697	2
857	697	1
889	697	-5
921	697	-3
953	697	0
985	697	1
1017	697	0
26	698	0
58	698	-1
90	698	0
122	698	-1
154	698	-1
186	698	1
218	698	0
250	698	0
282	698	0
314	698	0
346	698	0
378	698	-1
410	698	0
442	698	0
474	698	0
506	698	0
538	698	0
570	698	0
602	698	0
634	698	-1
666	698	0
698	698	0
730	698	0
762	698	0
794	698	0
826	698	0
858	698	0
890	698	0
922	698	-1
954	698	0
986	698	0
1018	698	0
27	699	1
59	699	1
91	699	0
123	699	1
155	699	-2
187	699	-2
219	699	1
251	699	2
283	699	0
315	699	0
347	699	0
379	699	-1
411	699	3
443	699	1
475	699	-3
507	699	3
539	699	-3
571	699	2
603	699	-3
635	699	-3
667	699	-4
699	699	-2
731	699	-3
763	699	0
795	699	1
827	699	3
859	699	1
891	699	3
923	699	1
955	699	-1
987	699	1
1019	699	0
28	700	0
60	700	0
92	700	-1
124	700	0
156	700	1
188	700	4
220	700	2
252	700	1
284	700	-1
316	700	1
348	700	1
380	700	4
412	700	1
444	700	2
476	700	-2
508	700	2
540	700	0
572	700	-3
604	700	2
636	700	-3
668	700	-4
700	700	0
732	700	1
764	700	-1
796	700	1
828	700	3
860	700	-1
892	700	-2
924	700	-4
956	700	0
988	700	0
1020	700	0
29	701	0
61	701	0
93	701	0
125	701	0
157	701	-1
189	701	0
221	701	-3
253	701	3
285	701	-1
317	701	3
349	701	1
381	701	-1
413	701	3
445	701	3
477	701	3
509	701	-2
541	701	2
573	701	1
605	701	0
637	701	-1
669	701	-1
701	701	2
733	701	1
765	701	1
797	701	2
829	701	2
861	701	3
893	701	1
925	701	0
957	701	-2
989	701	0
1021	701	-1
30	702	0
62	702	0
94	702	0
126	702	0
158	702	4
190	702	2
222	702	2
254	702	-3
286	702	0
318	702	-1
350	702	0
382	702	-1
414	702	1
446	702	-2
478	702	1
510	702	1
542	702	2
574	702	1
606	702	2
638	702	-3
670	702	0
702	702	-1
734	702	2
766	702	2
798	702	0
830	702	-1
862	702	-2
894	702	-4
926	702	-3
958	702	0
990	702	0
1022	702	0
31	703	1
63	703	0
95	703	1
127	703	4
159	703	3
191	703	1
223	703	0
255	703	2
287	703	0
319	703	0
351	703	1
383	703	1
415	703	2
447	703	2
479	703	3
511	703	0
543	703	0
575	703	-2
607	703	0
639	703	3
671	703	2
703	703	1
735	703	-7
767	703	-2
799	703	0
831	703	2
863	703	0
895	703	-1
927	703	2
959	703	0
991	703	1
1023	703	0
32	704	0
64	704	1
96	704	0
128	704	-3
160	704	-1
192	704	1
224	704	-1
256	704	1
288	704	1
320	704	-1
352	704	-1
384	704	-2
416	704	1
448	704	1
480	704	-3
512	704	2
544	704	2
576	704	3
608	704	0
640	704	3
672	704	1
704	704	2
736	704	0
768	704	-1
800	704	1
832	704	-1
864	704	3
896	704	3
928	704	-1
960	704	0
992	704	0
1024	704	-1
1	705	0
33	705	0
65	705	-1
97	705	0
129	705	0
161	705	-3
193	705	0
225	705	2
257	705	-1
289	705	1
321	705	-1
353	705	-1
385	705	-2
417	705	-1
449	705	4
481	705	3
513	705	2
545	705	3
577	705	2
609	705	-3
641	705	-3
673	705	-2
705	705	0
737	705	0
769	705	-1
801	705	2
833	705	2
865	705	1
897	705	2
929	705	1
961	705	0
993	705	0
2	706	0
34	706	0
66	706	1
98	706	0
130	706	0
162	706	0
194	706	-1
226	706	0
258	706	0
290	706	-1
322	706	0
354	706	0
386	706	0
418	706	-1
450	706	0
482	706	0
514	706	0
546	706	0
578	706	0
610	706	0
642	706	-1
674	706	-1
706	706	0
738	706	0
770	706	-1
802	706	-1
834	706	0
866	706	0
898	706	0
930	706	0
962	706	0
994	706	0
3	707	0
35	707	0
67	707	0
99	707	0
131	707	0
163	707	0
195	707	0
227	707	1
259	707	-1
291	707	0
323	707	0
355	707	0
387	707	0
419	707	0
451	707	-1
483	707	0
515	707	-1
547	707	1
579	707	-1
611	707	-1
643	707	-1
675	707	0
707	707	0
739	707	-1
771	707	-1
803	707	0
835	707	0
867	707	0
899	707	0
931	707	0
963	707	0
995	707	1
4	708	0
36	708	0
68	708	0
100	708	0
132	708	0
164	708	0
196	708	4
228	708	-2
260	708	-2
292	708	7
324	708	2
356	708	1
388	708	0
420	708	-2
452	708	1
484	708	1
516	708	0
548	708	2
580	708	0
612	708	1
644	708	0
676	708	1
708	708	2
740	708	-4
772	708	1
804	708	-2
836	708	5
868	708	3
900	708	4
932	708	3
964	708	0
996	708	0
5	709	0
37	709	0
69	709	0
101	709	1
133	709	4
165	709	-1
197	709	-1
229	709	1
261	709	-2
293	709	-2
325	709	2
357	709	2
389	709	-2
421	709	2
453	709	-2
485	709	0
517	709	2
549	709	-1
581	709	1
613	709	0
645	709	1
677	709	2
709	709	2
741	709	2
773	709	0
805	709	0
837	709	-3
869	709	4
901	709	-1
933	709	1
965	709	0
997	709	1
6	710	0
38	710	0
70	710	0
102	710	0
134	710	-1
166	710	-2
198	710	1
230	710	2
262	710	-3
294	710	0
326	710	0
358	710	-4
390	710	2
422	710	3
454	710	2
486	710	0
518	710	-1
550	710	-1
582	710	4
614	710	3
646	710	-3
678	710	-1
710	710	1
742	710	0
774	710	1
806	710	1
838	710	1
870	710	0
902	710	3
934	710	2
966	710	0
998	710	0
7	711	0
39	711	0
71	711	1
103	711	0
135	711	0
167	711	3
199	711	-2
231	711	3
263	711	2
295	711	0
327	711	2
359	711	3
391	711	-1
423	711	1
455	711	0
487	711	-1
519	711	2
551	711	0
583	711	2
615	711	1
647	711	2
679	711	-3
711	711	-4
743	711	-4
775	711	2
807	711	1
839	711	7
871	711	0
903	711	1
935	711	0
967	711	-2
999	711	-1
8	712	0
40	712	1
72	712	0
104	712	0
136	712	0
168	712	2
200	712	-1
232	712	1
264	712	2
296	712	1
328	712	2
360	712	0
392	712	-6
424	712	-1
456	712	0
488	712	3
520	712	3
552	712	0
584	712	-3
616	712	1
648	712	1
680	712	1
712	712	0
744	712	-1
776	712	-3
808	712	-1
840	712	3
872	712	3
904	712	1
936	712	1
968	712	-1
1000	712	0
9	713	0
41	713	1
73	713	0
105	713	0
137	713	-2
169	713	-3
201	713	-3
233	713	0
265	713	1
297	713	1
329	713	-2
361	713	1
393	713	3
425	713	-1
457	713	-6
489	713	3
521	713	3
553	713	-2
585	713	-1
617	713	2
649	713	0
681	713	1
713	713	-2
745	713	1
777	713	0
809	713	3
841	713	0
873	713	1
905	713	-2
937	713	-3
969	713	2
1001	713	0
10	714	0
42	714	1
74	714	1
106	714	0
138	714	0
170	714	-3
202	714	-1
234	714	-1
266	714	-6
298	714	0
330	714	2
362	714	0
394	714	1
426	714	3
458	714	1
490	714	-1
522	714	-4
554	714	-1
586	714	-3
618	714	2
650	714	2
682	714	-1
714	714	-2
746	714	0
778	714	-1
810	714	0
842	714	1
874	714	3
906	714	3
938	714	1
970	714	1
1002	714	0
11	715	0
43	715	0
75	715	0
107	715	0
139	715	0
171	715	0
203	715	0
235	715	0
267	715	0
299	715	0
331	715	-1
363	715	0
395	715	0
427	715	0
459	715	0
491	715	0
523	715	0
555	715	0
587	715	0
619	715	-1
651	715	0
683	715	-1
715	715	0
747	715	0
779	715	0
811	715	0
843	715	0
875	715	0
907	715	0
939	715	0
971	715	0
1003	715	0
12	716	0
44	716	0
76	716	0
108	716	0
140	716	-1
172	716	0
204	716	3
236	716	2
268	716	1
300	716	3
332	716	3
364	716	1
396	716	4
428	716	-3
460	716	2
492	716	0
524	716	1
556	716	1
588	716	0
620	716	-3
652	716	-2
684	716	-3
716	716	1
748	716	-2
780	716	0
812	716	4
844	716	2
876	716	0
908	716	-2
940	716	0
972	716	0
1004	716	0
13	717	1
45	717	0
77	717	1
109	717	1
141	717	0
173	717	2
205	717	2
237	717	2
269	717	4
301	717	6
333	717	2
365	717	-2
397	717	-2
429	717	-2
461	717	-3
493	717	-1
525	717	0
557	717	0
589	717	-1
621	717	0
653	717	-1
685	717	-1
717	717	1
749	717	-1
781	717	0
813	717	0
845	717	0
877	717	1
909	717	1
941	717	0
973	717	0
1005	717	0
14	718	1
46	718	0
78	718	0
110	718	-1
142	718	0
174	718	-1
206	718	-1
238	718	2
270	718	-1
302	718	1
334	718	2
366	718	2
398	718	2
430	718	1
462	718	1
494	718	-3
526	718	-4
558	718	0
590	718	-2
622	718	1
654	718	2
686	718	2
718	718	2
750	718	0
782	718	1
814	718	2
846	718	0
878	718	0
910	718	0
942	718	1
974	718	1
1006	718	0
15	719	0
47	719	1
79	719	0
111	719	-1
143	719	3
175	719	-1
207	719	0
239	719	0
271	719	-3
303	719	-1
335	719	0
367	719	0
399	719	1
431	719	1
463	719	3
495	719	2
527	719	3
559	719	2
591	719	3
623	719	2
655	719	5
687	719	0
719	719	0
751	719	0
783	719	-3
815	719	-2
847	719	-1
879	719	-1
911	719	-1
943	719	-1
975	719	-2
1007	719	0
16	720	0
48	720	0
80	720	0
112	720	0
144	720	1
176	720	3
208	720	1
240	720	1
272	720	0
304	720	3
336	720	1
368	720	0
400	720	-4
432	720	-3
464	720	0
496	720	0
528	720	0
560	720	-1
592	720	-1
624	720	-1
656	720	-1
688	720	-2
720	720	-1
752	720	2
784	720	-1
816	720	3
848	720	3
880	720	2
912	720	-1
944	720	0
976	720	-1
1008	720	0
17	721	-1
49	721	-1
81	721	0
113	721	0
145	721	0
177	721	0
209	721	0
241	721	0
273	721	0
305	721	0
337	721	1
369	721	0
401	721	-1
433	721	-1
465	721	0
497	721	0
529	721	0
561	721	0
593	721	0
625	721	0
657	721	0
689	721	-1
721	721	0
753	721	0
785	721	0
817	721	-1
849	721	0
881	721	-1
913	721	1
945	721	0
977	721	0
1009	721	0
18	722	0
50	722	0
82	722	-1
114	722	0
146	722	0
178	722	-3
210	722	-2
242	722	-1
274	722	1
306	722	3
338	722	-2
370	722	4
402	722	3
434	722	-3
466	722	-2
498	722	2
530	722	-3
562	722	3
594	722	-2
626	722	-3
658	722	-3
690	722	2
722	722	2
754	722	2
786	722	1
818	722	2
850	722	0
882	722	0
914	722	0
946	722	-2
978	722	0
1010	722	0
19	723	0
51	723	0
83	723	1
115	723	0
147	723	-2
179	723	-1
211	723	0
243	723	0
275	723	0
307	723	0
339	723	2
371	723	1
403	723	1
435	723	1
467	723	1
499	723	0
531	723	0
563	723	0
595	723	-1
627	723	0
659	723	1
691	723	-1
723	723	-1
755	723	0
787	723	0
819	723	4
851	723	-4
883	723	0
915	723	1
947	723	0
979	723	0
1011	723	0
20	724	0
52	724	0
84	724	0
116	724	0
148	724	-1
180	724	0
212	724	-1
244	724	0
276	724	0
308	724	0
340	724	0
372	724	0
404	724	0
436	724	0
468	724	0
500	724	0
532	724	0
564	724	0
596	724	0
628	724	0
660	724	0
692	724	0
724	724	0
756	724	0
788	724	0
820	724	0
852	724	-1
884	724	0
916	724	0
948	724	0
980	724	0
1012	724	-1
21	725	1
53	725	0
85	725	0
117	725	0
149	725	2
181	725	0
213	725	2
245	725	1
277	725	1
309	725	-2
341	725	2
373	725	-1
405	725	2
437	725	0
469	725	-3
501	725	-2
533	725	0
565	725	-2
597	725	0
629	725	1
661	725	0
693	725	1
725	725	-1
757	725	2
789	725	1
821	725	-2
853	725	-1
885	725	-3
917	725	2
949	725	0
981	725	0
1013	725	0
22	726	0
54	726	0
86	726	0
118	726	0
150	726	2
182	726	1
214	726	-2
246	726	2
278	726	-2
310	726	4
342	726	-4
374	726	0
406	726	2
438	726	3
470	726	-2
502	726	1
534	726	-3
566	726	-4
598	726	3
630	726	3
662	726	-3
694	726	1
726	726	0
758	726	2
790	726	2
822	726	-1
854	726	-2
886	726	-1
918	726	3
950	726	1
982	726	0
1014	726	0
23	727	0
55	727	-1
87	727	0
119	727	2
151	727	1
183	727	3
215	727	-1
247	727	2
279	727	2
311	727	1
343	727	0
375	727	-1
407	727	-2
439	727	5
471	727	3
503	727	-2
535	727	3
567	727	3
599	727	3
631	727	-2
663	727	-1
695	727	-1
727	727	0
759	727	1
791	727	1
823	727	2
855	727	0
887	727	2
919	727	1
951	727	1
983	727	1
1015	727	0
24	728	-1
56	728	0
88	728	0
120	728	-2
152	728	2
184	728	-1
216	728	0
248	728	1
280	728	2
312	728	-1
344	728	1
376	728	2
408	728	0
440	728	2
472	728	4
504	728	2
536	728	2
568	728	2
600	728	3
632	728	-1
664	728	-2
696	728	-2
728	728	-1
760	728	1
792	728	0
824	728	2
856	728	-2
888	728	2
920	728	0
952	728	0
984	728	-1
1016	728	1
25	729	1
57	729	0
89	729	0
121	729	-2
153	729	0
185	729	0
217	729	5
249	729	6
281	729	-1
313	729	2
345	729	-3
377	729	2
409	729	2
441	729	-1
473	729	-1
505	729	3
537	729	-4
569	729	1
601	729	-3
633	729	2
665	729	-1
697	729	-1
729	729	-1
761	729	0
793	729	1
825	729	-1
857	729	-1
889	729	3
921	729	3
953	729	0
985	729	1
1017	729	1
26	730	1
58	730	0
90	730	0
122	730	0
154	730	4
186	730	2
218	730	3
250	730	0
282	730	1
314	730	4
346	730	3
378	730	0
410	730	6
442	730	-1
474	730	4
506	730	-1
538	730	-2
570	730	3
602	730	-3
634	730	-4
666	730	-1
698	730	-1
730	730	1
762	730	1
794	730	2
826	730	3
858	730	1
890	730	-2
922	730	2
954	730	0
986	730	0
1018	730	0
27	731	0
59	731	1
91	731	0
123	731	0
155	731	-2
187	731	-1
219	731	-3
251	731	1
283	731	2
315	731	2
347	731	1
379	731	2
411	731	3
443	731	1
475	731	1
507	731	-1
539	731	1
571	731	-1
603	731	3
635	731	1
667	731	-3
699	731	-2
731	731	-1
763	731	-1
795	731	1
827	731	2
859	731	-1
891	731	2
923	731	1
955	731	-1
987	731	1
1019	731	1
28	732	0
60	732	0
92	732	0
124	732	0
156	732	0
188	732	0
220	732	0
252	732	0
284	732	0
316	732	0
348	732	0
380	732	0
412	732	-1
444	732	-1
476	732	0
508	732	0
540	732	0
572	732	-1
604	732	0
636	732	0
668	732	0
700	732	0
732	732	-1
764	732	-1
796	732	0
828	732	0
860	732	-1
892	732	0
924	732	0
956	732	0
988	732	1
1020	732	-1
29	733	-1
61	733	1
93	733	0
125	733	0
157	733	-1
189	733	3
221	733	0
253	733	-1
285	733	1
317	733	1
349	733	-4
381	733	2
413	733	2
445	733	1
477	733	-1
509	733	-3
541	733	-1
573	733	-4
605	733	0
637	733	1
669	733	3
701	733	2
733	733	2
765	733	1
797	733	2
829	733	2
861	733	3
893	733	0
925	733	0
957	733	-3
989	733	0
1021	733	0
30	734	0
62	734	0
94	734	0
126	734	-1
158	734	-2
190	734	0
222	734	4
254	734	-2
286	734	1
318	734	1
350	734	4
382	734	2
414	734	1
446	734	-1
478	734	-3
510	734	0
542	734	-1
574	734	-3
606	734	-2
638	734	-1
670	734	1
702	734	-5
734	734	1
766	734	2
798	734	1
830	734	3
862	734	3
894	734	2
926	734	-1
958	734	0
990	734	0
1022	734	1
31	735	1
63	735	0
95	735	2
127	735	0
159	735	0
191	735	-1
223	735	0
255	735	3
287	735	1
319	735	0
351	735	-1
383	735	0
415	735	2
447	735	2
479	735	2
511	735	2
543	735	2
575	735	0
607	735	0
639	735	0
671	735	0
703	735	-2
735	735	-3
767	735	-2
799	735	-1
831	735	3
863	735	1
895	735	-3
927	735	2
959	735	0
991	735	-1
1023	735	0
32	736	1
64	736	0
96	736	0
128	736	-1
160	736	0
192	736	-4
224	736	-1
256	736	-2
288	736	-3
320	736	-2
352	736	2
384	736	3
416	736	-1
448	736	-2
480	736	1
512	736	-2
544	736	-2
576	736	-1
608	736	-1
640	736	-3
672	736	-1
704	736	3
736	736	-4
768	736	-3
800	736	3
832	736	0
864	736	0
896	736	-2
928	736	0
960	736	1
992	736	-1
1024	736	0
1	737	0
33	737	0
65	737	0
97	737	1
129	737	0
161	737	-2
193	737	1
225	737	1
257	737	2
289	737	0
321	737	-2
353	737	-2
385	737	-2
417	737	-2
449	737	4
481	737	4
513	737	2
545	737	3
577	737	2
609	737	-1
641	737	-2
673	737	-3
705	737	-1
737	737	4
769	737	0
801	737	2
833	737	2
865	737	1
897	737	2
929	737	0
961	737	0
993	737	1
2	738	0
34	738	0
66	738	0
98	738	1
130	738	1
162	738	0
194	738	0
226	738	4
258	738	1
290	738	2
322	738	-2
354	738	0
386	738	0
418	738	1
450	738	3
482	738	-3
514	738	0
546	738	3
578	738	2
610	738	-1
642	738	0
674	738	2
706	738	-3
738	738	-4
770	738	3
802	738	-3
834	738	1
866	738	4
898	738	3
930	738	1
962	738	0
994	738	0
3	739	1
35	739	0
67	739	0
99	739	0
131	739	1
163	739	-3
195	739	0
227	739	0
259	739	-2
291	739	2
323	739	3
355	739	2
387	739	2
419	739	3
451	739	2
483	739	3
515	739	1
547	739	2
579	739	0
611	739	-2
643	739	-1
675	739	-3
707	739	-1
739	739	4
771	739	1
803	739	-2
835	739	3
867	739	-1
899	739	2
931	739	1
963	739	0
995	739	0
4	740	0
36	740	0
68	740	0
100	740	1
132	740	0
164	740	0
196	740	0
228	740	-3
260	740	1
292	740	7
324	740	2
356	740	2
388	740	3
420	740	3
452	740	5
484	740	-1
516	740	0
548	740	-2
580	740	-1
612	740	0
644	740	1
676	740	1
708	740	1
740	740	0
772	740	0
804	740	-1
836	740	-2
868	740	2
900	740	3
932	740	2
964	740	0
996	740	0
5	741	0
37	741	2
69	741	2
101	741	2
133	741	-2
165	741	-1
197	741	2
229	741	-2
261	741	2
293	741	0
325	741	0
357	741	3
389	741	2
421	741	-4
453	741	0
485	741	1
517	741	0
549	741	3
581	741	0
613	741	1
645	741	-1
677	741	-4
709	741	-4
741	741	-4
773	741	0
805	741	-2
837	741	5
869	741	-4
901	741	0
933	741	0
965	741	0
997	741	0
6	742	1
38	742	1
70	742	0
102	742	0
134	742	-1
166	742	-1
198	742	2
230	742	2
262	742	-1
294	742	-1
326	742	0
358	742	-3
390	742	2
422	742	3
454	742	-1
486	742	-1
518	742	-2
550	742	-1
582	742	5
614	742	3
646	742	-2
678	742	-1
710	742	3
742	742	0
774	742	0
806	742	2
838	742	1
870	742	0
902	742	4
934	742	2
966	742	0
998	742	0
7	743	0
39	743	-1
71	743	0
103	743	0
135	743	-2
167	743	-5
199	743	2
231	743	3
263	743	-1
295	743	0
327	743	-2
359	743	1
391	743	5
423	743	4
455	743	3
487	743	4
519	743	-5
551	743	2
583	743	3
615	743	1
647	743	-3
679	743	4
711	743	5
743	743	4
775	743	-3
807	743	-2
839	743	-7
871	743	-1
903	743	1
935	743	-1
967	743	3
999	743	0
8	744	0
40	744	1
72	744	1
104	744	0
136	744	1
168	744	2
200	744	0
232	744	-1
264	744	-3
296	744	-4
328	744	0
360	744	-1
392	744	0
424	744	1
456	744	-1
488	744	0
520	744	0
552	744	0
584	744	1
616	744	3
648	744	4
680	744	4
712	744	1
744	744	-3
776	744	-3
808	744	-7
840	744	1
872	744	1
904	744	0
936	744	0
968	744	-1
1000	744	-1
9	745	0
41	745	2
73	745	0
105	745	0
137	745	-2
169	745	-4
201	745	-2
233	745	0
265	745	0
297	745	-3
329	745	-4
361	745	1
393	745	-1
425	745	0
457	745	3
489	745	1
521	745	-2
553	745	3
585	745	4
617	745	-3
649	745	3
681	745	2
713	745	1
745	745	0
777	745	0
809	745	0
841	745	3
873	745	-1
905	745	-2
937	745	1
969	745	-3
1001	745	0
10	746	0
42	746	0
74	746	1
106	746	0
138	746	1
170	746	3
202	746	1
234	746	1
266	746	1
298	746	2
330	746	-2
362	746	-1
394	746	5
426	746	4
458	746	-1
490	746	1
522	746	0
554	746	-2
586	746	-2
618	746	2
650	746	0
682	746	1
714	746	3
746	746	4
778	746	3
810	746	2
842	746	-3
874	746	-4
906	746	-2
938	746	0
970	746	1
1002	746	0
11	747	0
43	747	0
75	747	0
107	747	0
139	747	-1
171	747	-1
203	747	0
235	747	0
267	747	0
299	747	0
331	747	0
363	747	0
395	747	-1
427	747	0
459	747	0
491	747	0
523	747	-1
555	747	0
587	747	-1
619	747	0
651	747	-1
683	747	0
715	747	0
747	747	0
779	747	0
811	747	0
843	747	0
875	747	0
907	747	0
939	747	0
971	747	0
1003	747	1
12	748	0
44	748	0
76	748	-1
108	748	-1
140	748	0
172	748	0
204	748	0
236	748	0
268	748	-1
300	748	0
332	748	1
364	748	0
396	748	0
428	748	0
460	748	0
492	748	0
524	748	1
556	748	-1
588	748	0
620	748	0
652	748	1
684	748	0
716	748	1
748	748	2
780	748	-1
812	748	-1
844	748	1
876	748	0
908	748	1
940	748	-1
972	748	0
1004	748	0
13	749	0
45	749	1
77	749	0
109	749	0
141	749	0
173	749	-1
205	749	0
237	749	0
269	749	0
301	749	0
333	749	-1
365	749	-1
397	749	0
429	749	0
461	749	-1
493	749	0
525	749	-1
557	749	-1
589	749	0
621	749	0
653	749	0
685	749	0
717	749	0
749	749	0
781	749	-1
813	749	0
845	749	-1
877	749	-1
909	749	-1
941	749	0
973	749	0
1005	749	0
14	750	1
46	750	1
78	750	0
110	750	0
142	750	0
174	750	-1
206	750	-3
238	750	-3
270	750	-2
302	750	3
334	750	0
366	750	0
398	750	1
430	750	0
462	750	-1
494	750	5
526	750	4
558	750	0
590	750	0
622	750	-2
654	750	-4
686	750	-3
718	750	-2
750	750	3
782	750	-2
814	750	-3
846	750	0
878	750	0
910	750	-3
942	750	1
974	750	1
1006	750	0
15	751	1
47	751	0
79	751	0
111	751	2
143	751	-2
175	751	-1
207	751	-3
239	751	-1
271	751	4
303	751	0
335	751	0
367	751	2
399	751	2
431	751	2
463	751	1
495	751	-1
527	751	-1
559	751	-3
591	751	3
623	751	-2
655	751	3
687	751	-2
719	751	1
751	751	0
783	751	-2
815	751	-2
847	751	-3
879	751	0
911	751	2
943	751	-1
975	751	4
1007	751	0
16	752	0
48	752	0
80	752	0
112	752	0
144	752	0
176	752	0
208	752	0
240	752	0
272	752	1
304	752	0
336	752	0
368	752	0
400	752	-1
432	752	-1
464	752	-1
496	752	0
528	752	-1
560	752	0
592	752	-1
624	752	0
656	752	0
688	752	0
720	752	0
752	752	-1
784	752	0
816	752	0
848	752	0
880	752	0
912	752	0
944	752	0
976	752	0
1008	752	0
17	753	0
49	753	0
81	753	0
113	753	-1
145	753	1
177	753	0
209	753	2
241	753	0
273	753	2
305	753	2
337	753	3
369	753	-1
401	753	0
433	753	0
465	753	-2
497	753	3
529	753	1
561	753	1
593	753	1
625	753	1
657	753	1
689	753	0
721	753	-2
753	753	0
785	753	0
817	753	0
849	753	0
881	753	-3
913	753	5
945	753	0
977	753	0
1009	753	0
18	754	0
50	754	-1
82	754	0
114	754	0
146	754	4
178	754	3
210	754	0
242	754	1
274	754	1
306	754	0
338	754	1
370	754	0
402	754	-1
434	754	-2
466	754	-2
498	754	3
530	754	-3
562	754	3
594	754	-1
626	754	1
658	754	-2
690	754	3
722	754	2
754	754	2
786	754	1
818	754	-4
850	754	0
882	754	-2
914	754	-2
946	754	-1
978	754	0
1010	754	0
19	755	2
51	755	0
83	755	0
115	755	1
147	755	-5
179	755	-5
211	755	0
243	755	-6
275	755	-4
307	755	-4
339	755	-3
371	755	4
403	755	4
435	755	2
467	755	0
499	755	0
531	755	0
563	755	1
595	755	0
627	755	1
659	755	1
691	755	1
723	755	1
755	755	-3
787	755	-3
819	755	-1
851	755	-2
883	755	3
915	755	0
947	755	0
979	755	0
1011	755	0
20	756	1
52	756	1
84	756	0
116	756	0
148	756	1
180	756	2
212	756	-1
244	756	0
276	756	-3
308	756	4
340	756	2
372	756	-3
404	756	1
436	756	2
468	756	0
500	756	1
532	756	-1
564	756	2
596	756	3
628	756	2
660	756	0
692	756	0
724	756	1
756	756	-1
788	756	-3
820	756	0
852	756	-3
884	756	1
916	756	-2
948	756	1
980	756	0
1012	756	0
21	757	1
53	757	1
85	757	1
117	757	0
149	757	0
181	757	1
213	757	-4
245	757	-2
277	757	0
309	757	-1
341	757	2
373	757	1
405	757	-3
437	757	-1
469	757	-1
501	757	1
533	757	4
565	757	0
597	757	1
629	757	2
661	757	-1
693	757	0
725	757	1
757	757	-3
789	757	-1
821	757	-1
853	757	1
885	757	4
917	757	-1
949	757	1
981	757	0
1013	757	1
22	758	0
54	758	0
86	758	0
118	758	0
150	758	-1
182	758	3
214	758	-1
246	758	1
278	758	0
310	758	-2
342	758	4
374	758	2
406	758	2
438	758	1
470	758	2
502	758	-3
534	758	3
566	758	4
598	758	-4
630	758	-2
662	758	-1
694	758	-1
726	758	-2
758	758	-2
790	758	1
822	758	4
854	758	1
886	758	0
918	758	-1
950	758	2
982	758	0
1014	758	0
23	759	0
55	759	0
87	759	-1
119	759	0
151	759	0
183	759	0
215	759	0
247	759	-1
279	759	0
311	759	-1
343	759	0
375	759	0
407	759	0
439	759	0
471	759	0
503	759	0
535	759	0
567	759	-1
599	759	0
631	759	0
663	759	0
695	759	1
727	759	0
759	759	-1
791	759	-1
823	759	-1
855	759	0
887	759	0
919	759	-1
951	759	0
983	759	0
1015	759	0
24	760	0
56	760	0
88	760	0
120	760	1
152	760	0
184	760	2
216	760	2
248	760	1
280	760	0
312	760	-2
344	760	1
376	760	1
408	760	1
440	760	1
472	760	-2
504	760	3
536	760	3
568	760	1
600	760	-5
632	760	2
664	760	3
696	760	2
728	760	2
760	760	2
792	760	1
824	760	1
856	760	5
888	760	-4
920	760	-2
952	760	0
984	760	0
1016	760	1
25	761	0
57	761	-1
89	761	0
121	761	-1
153	761	0
185	761	0
217	761	0
249	761	-1
281	761	0
313	761	0
345	761	0
377	761	0
409	761	0
441	761	0
473	761	0
505	761	0
537	761	0
569	761	0
601	761	0
633	761	0
665	761	0
697	761	-1
729	761	-1
761	761	-1
793	761	-1
825	761	-1
857	761	-1
889	761	0
921	761	-1
953	761	0
985	761	-1
1017	761	0
26	762	0
58	762	0
90	762	0
122	762	0
154	762	3
186	762	5
218	762	3
250	762	-1
282	762	-1
314	762	-4
346	762	3
378	762	1
410	762	0
442	762	0
474	762	2
506	762	-1
538	762	1
570	762	3
602	762	-2
634	762	0
666	762	0
698	762	1
730	762	1
762	762	1
794	762	1
826	762	1
858	762	1
890	762	-1
922	762	2
954	762	0
986	762	0
1018	762	0
27	763	0
59	763	1
91	763	-1
123	763	0
155	763	-3
187	763	-4
219	763	-1
251	763	1
283	763	3
315	763	3
347	763	0
379	763	2
411	763	1
443	763	2
475	763	1
507	763	3
539	763	-1
571	763	2
603	763	-2
635	763	-3
667	763	1
699	763	-2
731	763	-4
763	763	-3
795	763	0
827	763	2
859	763	1
891	763	1
923	763	1
955	763	0
987	763	2
1019	763	0
28	764	0
60	764	1
92	764	1
124	764	2
156	764	0
188	764	0
220	764	1
252	764	1
284	764	2
316	764	2
348	764	1
380	764	2
412	764	-1
444	764	4
476	764	-4
508	764	-4
540	764	0
572	764	3
604	764	-2
636	764	2
668	764	-1
700	764	3
732	764	3
764	764	2
796	764	0
828	764	0
860	764	0
892	764	-2
924	764	-5
956	764	1
988	764	1
1020	764	0
29	765	1
61	765	0
93	765	0
125	765	0
157	765	0
189	765	0
221	765	0
253	765	0
285	765	0
317	765	2
349	765	-6
381	765	-3
413	765	2
445	765	2
477	765	2
509	765	1
541	765	0
573	765	3
605	765	2
637	765	0
669	765	1
701	765	1
733	765	-1
765	765	-1
797	765	0
829	765	0
861	765	-1
893	765	0
925	765	0
957	765	-2
989	765	1
1021	765	0
30	766	0
62	766	1
94	766	0
126	766	0
158	766	0
190	766	0
222	766	0
254	766	0
286	766	0
318	766	0
350	766	-1
382	766	0
414	766	0
446	766	0
478	766	0
510	766	0
542	766	0
574	766	0
606	766	0
638	766	-1
670	766	0
702	766	0
734	766	0
766	766	0
798	766	0
830	766	0
862	766	0
894	766	0
926	766	0
958	766	0
990	766	0
1022	766	0
31	767	1
63	767	0
95	767	2
127	767	-2
159	767	-3
191	767	1
223	767	0
255	767	-3
287	767	2
319	767	3
351	767	3
383	767	3
415	767	1
447	767	1
479	767	0
511	767	1
543	767	-2
575	767	-2
607	767	-2
639	767	-1
671	767	-1
703	767	-1
735	767	7
767	767	0
799	767	1
831	767	-1
863	767	4
895	767	-2
927	767	3
959	767	-1
991	767	0
1023	767	0
32	768	1
64	768	0
96	768	0
128	768	-1
160	768	-2
192	768	-3
224	768	-5
256	768	0
288	768	1
320	768	-2
352	768	4
384	768	4
416	768	2
448	768	2
480	768	-5
512	768	-5
544	768	-4
576	768	-2
608	768	-5
640	768	-2
672	768	3
704	768	3
736	768	0
768	768	1
800	768	0
832	768	0
864	768	2
896	768	-2
928	768	0
960	768	1
992	768	-1
1024	768	0
1	769	0
33	769	0
65	769	0
97	769	1
129	769	-1
161	769	2
193	769	0
225	769	-3
257	769	2
289	769	0
321	769	2
353	769	2
385	769	1
417	769	2
449	769	-1
481	769	-4
513	769	-3
545	769	-4
577	769	-2
609	769	1
641	769	0
673	769	0
705	769	2
737	769	1
769	769	4
801	769	0
833	769	-1
865	769	-2
897	769	-3
929	769	0
961	769	0
993	769	0
2	770	0
34	770	0
66	770	0
98	770	0
130	770	-1
162	770	0
194	770	0
226	770	0
258	770	0
290	770	0
322	770	0
354	770	0
386	770	1
418	770	-1
450	770	-1
482	770	0
514	770	0
546	770	0
578	770	0
610	770	0
642	770	0
674	770	1
706	770	0
738	770	0
770	770	0
802	770	0
834	770	0
866	770	0
898	770	0
930	770	-1
962	770	0
994	770	0
3	771	0
35	771	0
67	771	1
99	771	0
131	771	0
163	771	0
195	771	0
227	771	0
259	771	0
291	771	0
323	771	0
355	771	0
387	771	0
419	771	0
451	771	0
483	771	0
515	771	0
547	771	-1
579	771	0
611	771	0
643	771	0
675	771	0
707	771	-1
739	771	0
771	771	-1
803	771	0
835	771	0
867	771	0
899	771	0
931	771	0
963	771	0
995	771	-1
4	772	0
36	772	0
68	772	0
100	772	-1
132	772	0
164	772	0
196	772	0
228	772	0
260	772	0
292	772	0
324	772	0
356	772	0
388	772	0
420	772	0
452	772	0
484	772	0
516	772	0
548	772	0
580	772	-1
612	772	-1
644	772	0
676	772	0
708	772	0
740	772	0
772	772	0
804	772	0
836	772	0
868	772	0
900	772	0
932	772	0
964	772	0
996	772	0
5	773	0
37	773	2
69	773	1
101	773	1
133	773	-1
165	773	0
197	773	2
229	773	-1
261	773	2
293	773	-2
325	773	3
357	773	6
389	773	2
421	773	-2
453	773	0
485	773	0
517	773	-2
549	773	1
581	773	0
613	773	-1
645	773	0
677	773	-3
709	773	-3
741	773	-3
773	773	0
805	773	-3
837	773	4
869	773	-3
901	773	1
933	773	-2
965	773	0
997	773	0
6	774	1
38	774	0
70	774	0
102	774	0
134	774	2
166	774	2
198	774	1
230	774	0
262	774	2
294	774	0
326	774	0
358	774	2
390	774	0
422	774	0
454	774	1
486	774	2
518	774	1
550	774	-2
582	774	-2
614	774	0
646	774	2
678	774	2
710	774	1
742	774	1
774	774	2
806	774	3
838	774	-1
870	774	-5
902	774	-2
934	774	-2
966	774	1
998	774	-1
7	775	-1
39	775	0
71	775	1
103	775	0
135	775	-1
167	775	-4
199	775	3
231	775	3
263	775	1
295	775	1
327	775	3
359	775	1
391	775	-2
423	775	-1
455	775	0
487	775	-2
519	775	0
551	775	2
583	775	2
615	775	1
647	775	-2
679	775	-1
711	775	-4
743	775	-4
775	775	2
807	775	1
839	775	6
871	775	0
903	775	1
935	775	1
967	775	-3
999	775	-1
8	776	0
40	776	1
72	776	2
104	776	0
136	776	1
168	776	0
200	776	2
232	776	2
264	776	2
296	776	1
328	776	-3
360	776	0
392	776	-5
424	776	-3
456	776	2
488	776	-3
520	776	-2
552	776	3
584	776	3
616	776	3
648	776	3
680	776	2
712	776	2
744	776	2
776	776	3
808	776	1
840	776	-3
872	776	-3
904	776	-1
936	776	-4
968	776	-1
1000	776	0
9	777	0
41	777	0
73	777	0
105	777	1
137	777	0
169	777	0
201	777	0
233	777	-1
265	777	0
297	777	-1
329	777	0
361	777	0
393	777	0
425	777	-1
457	777	0
489	777	-1
521	777	0
553	777	0
585	777	0
617	777	0
649	777	0
681	777	0
713	777	0
745	777	0
777	777	0
809	777	-1
841	777	0
873	777	0
905	777	-1
937	777	0
969	777	-1
1001	777	0
10	778	0
42	778	0
74	778	-1
106	778	0
138	778	0
170	778	1
202	778	0
234	778	3
266	778	0
298	778	-2
330	778	0
362	778	0
394	778	1
426	778	2
458	778	1
490	778	2
522	778	5
554	778	2
586	778	3
618	778	-3
650	778	-2
682	778	1
714	778	-1
746	778	0
778	778	-3
810	778	0
842	778	0
874	778	1
906	778	4
938	778	0
970	778	-1
1002	778	0
11	779	0
43	779	1
75	779	0
107	779	0
139	779	-1
171	779	0
203	779	0
235	779	0
267	779	0
299	779	0
331	779	-1
363	779	-1
395	779	0
427	779	0
459	779	-1
491	779	-1
523	779	0
555	779	0
587	779	0
619	779	0
651	779	-1
683	779	0
715	779	0
747	779	-1
779	779	0
811	779	0
843	779	0
875	779	0
907	779	-1
939	779	0
971	779	0
1003	779	0
12	780	0
44	780	-1
76	780	1
108	780	2
140	780	1
172	780	0
204	780	0
236	780	0
268	780	-3
300	780	2
332	780	-3
364	780	-4
396	780	4
428	780	-1
460	780	2
492	780	0
524	780	-4
556	780	2
588	780	2
620	780	1
652	780	3
684	780	2
716	780	2
748	780	-1
780	780	1
812	780	0
844	780	-1
876	780	-1
908	780	3
940	780	-1
972	780	-2
1004	780	-1
13	781	1
45	781	0
77	781	0
109	781	1
141	781	0
173	781	0
205	781	0
237	781	-1
269	781	-3
301	781	-2
333	781	0
365	781	1
397	781	-1
429	781	0
461	781	1
493	781	-2
525	781	-1
557	781	0
589	781	-1
621	781	3
653	781	2
685	781	0
717	781	0
749	781	-3
781	781	-3
813	781	3
845	781	-2
877	781	-2
909	781	0
941	781	2
973	781	1
1005	781	0
14	782	0
46	782	1
78	782	0
110	782	3
142	782	0
174	782	2
206	782	1
238	782	-1
270	782	-3
302	782	-2
334	782	-2
366	782	-1
398	782	-1
430	782	2
462	782	1
494	782	-4
526	782	-4
558	782	3
590	782	3
622	782	3
654	782	3
686	782	1
718	782	2
750	782	0
782	782	-2
814	782	-1
846	782	-1
878	782	0
910	782	-4
942	782	0
974	782	0
1006	782	0
15	783	2
47	783	0
79	783	0
111	783	1
143	783	2
175	783	2
207	783	1
239	783	-1
271	783	3
303	783	2
335	783	0
367	783	1
399	783	-1
431	783	-6
463	783	-7
495	783	-4
527	783	-1
559	783	3
591	783	-4
623	783	3
655	783	0
687	783	2
719	783	3
751	783	0
783	783	3
815	783	3
847	783	3
879	783	1
911	783	1
943	783	2
975	783	1
1007	783	-1
16	784	0
48	784	0
80	784	1
112	784	1
144	784	0
176	784	0
208	784	4
240	784	1
272	784	1
304	784	3
336	784	2
368	784	0
400	784	-2
432	784	-1
464	784	1
496	784	-1
528	784	2
560	784	-3
592	784	-3
624	784	-1
656	784	-2
688	784	-2
720	784	2
752	784	2
784	784	-3
816	784	3
848	784	4
880	784	3
912	784	2
944	784	0
976	784	1
1008	784	0
17	785	-1
49	785	1
81	785	0
113	785	0
145	785	0
177	785	-1
209	785	2
241	785	0
273	785	2
305	785	2
337	785	-1
369	785	1
401	785	1
433	785	0
465	785	0
497	785	1
529	785	-3
561	785	0
593	785	-1
625	785	-2
657	785	-2
689	785	-2
721	785	-2
753	785	1
785	785	-3
817	785	2
849	785	4
881	785	0
913	785	2
945	785	0
977	785	1
1009	785	0
18	786	0
50	786	0
82	786	0
114	786	0
146	786	-2
178	786	-3
210	786	-1
242	786	-1
274	786	-1
306	786	0
338	786	0
370	786	2
402	786	2
434	786	-1
466	786	-1
498	786	0
530	786	0
562	786	-2
594	786	1
626	786	3
658	786	2
690	786	0
722	786	0
754	786	1
786	786	0
818	786	-1
850	786	-1
882	786	1
914	786	1
946	786	-1
978	786	0
1010	786	0
19	787	1
51	787	0
83	787	1
115	787	0
147	787	0
179	787	-2
211	787	0
243	787	2
275	787	2
307	787	2
339	787	1
371	787	1
403	787	1
435	787	1
467	787	-2
499	787	0
531	787	3
563	787	-1
595	787	-1
627	787	1
659	787	1
691	787	-1
723	787	-3
755	787	1
787	787	2
819	787	4
851	787	-2
883	787	0
915	787	1
947	787	0
979	787	1
1011	787	0
20	788	0
52	788	1
84	788	0
116	788	0
148	788	1
180	788	1
212	788	-1
244	788	-1
276	788	4
308	788	-3
340	788	-2
372	788	4
404	788	4
436	788	-2
468	788	3
500	788	4
532	788	2
564	788	0
596	788	-2
628	788	0
660	788	-1
692	788	2
724	788	2
756	788	2
788	788	-4
820	788	3
852	788	0
884	788	0
916	788	3
948	788	1
980	788	1
1012	788	1
21	789	0
53	789	1
85	789	0
117	789	1
149	789	5
181	789	-2
213	789	1
245	789	0
277	789	-2
309	789	-1
341	789	2
373	789	6
405	789	5
437	789	1
469	789	-2
501	789	-3
533	789	-1
565	789	-1
597	789	2
629	789	-1
661	789	2
693	789	0
725	789	1
757	789	1
789	789	-3
821	789	-4
853	789	-4
885	789	-4
917	789	1
949	789	1
981	789	-1
1013	789	0
22	790	0
54	790	0
86	790	0
118	790	-1
150	790	0
182	790	2
214	790	3
246	790	-2
278	790	2
310	790	-4
342	790	6
374	790	2
406	790	1
438	790	-2
470	790	0
502	790	-2
534	790	0
566	790	1
598	790	-1
630	790	-2
662	790	4
694	790	0
726	790	1
758	790	1
790	790	-1
822	790	1
854	790	2
886	790	1
918	790	1
950	790	1
982	790	0
1014	790	1
23	791	0
55	791	0
87	791	0
119	791	0
151	791	0
183	791	0
215	791	-1
247	791	0
279	791	0
311	791	0
343	791	-1
375	791	0
407	791	0
439	791	0
471	791	0
503	791	-1
535	791	-1
567	791	0
599	791	0
631	791	0
663	791	0
695	791	0
727	791	0
759	791	-1
791	791	0
823	791	-1
855	791	0
887	791	0
919	791	0
951	791	1
983	791	-1
1015	791	-1
24	792	0
56	792	0
88	792	0
120	792	0
152	792	1
184	792	1
216	792	1
248	792	1
280	792	-1
312	792	3
344	792	2
376	792	-1
408	792	4
440	792	-1
472	792	0
504	792	0
536	792	2
568	792	1
600	792	5
632	792	-4
664	792	-4
696	792	-2
728	792	1
760	792	0
792	792	2
824	792	1
856	792	-1
888	792	1
920	792	0
952	792	-1
984	792	1
1016	792	1
25	793	0
57	793	0
89	793	1
121	793	2
153	793	-1
185	793	0
217	793	0
249	793	4
281	793	2
313	793	0
345	793	2
377	793	2
409	793	-1
441	793	4
473	793	1
505	793	-3
537	793	-5
569	793	-2
601	793	1
633	793	1
665	793	2
697	793	0
729	793	1
761	793	-1
793	793	-2
825	793	1
857	793	0
889	793	1
921	793	3
953	793	0
985	793	0
1017	793	0
26	794	2
58	794	0
90	794	0
122	794	0
154	794	4
186	794	1
218	794	1
250	794	-2
282	794	2
314	794	4
346	794	0
378	794	0
410	794	-3
442	794	0
474	794	-1
506	794	1
538	794	-4
570	794	3
602	794	-3
634	794	-6
666	794	-1
698	794	-4
730	794	2
762	794	1
794	794	1
826	794	1
858	794	-1
890	794	-2
922	794	2
954	794	0
986	794	0
1018	794	0
27	795	0
59	795	1
91	795	0
123	795	0
155	795	2
187	795	4
219	795	-1
251	795	-1
283	795	-2
315	795	-1
347	795	3
379	795	2
411	795	3
443	795	-2
475	795	-2
507	795	-3
539	795	0
571	795	-2
603	795	3
635	795	2
667	795	-5
699	795	2
731	795	2
763	795	3
795	795	2
827	795	2
859	795	-2
891	795	2
923	795	1
955	795	0
987	795	1
1019	795	0
28	796	0
60	796	0
92	796	-1
124	796	0
156	796	0
188	796	-1
220	796	0
252	796	0
284	796	0
316	796	0
348	796	0
380	796	0
412	796	0
444	796	0
476	796	0
508	796	0
540	796	0
572	796	0
604	796	0
636	796	0
668	796	0
700	796	0
732	796	0
764	796	0
796	796	0
828	796	0
860	796	1
892	796	0
924	796	0
956	796	0
988	796	0
1020	796	-1
29	797	0
61	797	0
93	797	0
125	797	1
157	797	1
189	797	0
221	797	1
253	797	-2
285	797	-2
317	797	-2
349	797	-1
381	797	5
413	797	3
445	797	1
477	797	1
509	797	-2
541	797	3
573	797	-2
605	797	3
637	797	3
669	797	0
701	797	1
733	797	-1
765	797	-4
797	797	-3
829	797	-2
861	797	0
893	797	0
925	797	0
957	797	-2
989	797	0
1021	797	1
30	798	0
62	798	0
94	798	0
126	798	0
158	798	-4
190	798	0
222	798	-2
254	798	0
286	798	-4
318	798	-2
350	798	2
382	798	1
414	798	0
446	798	0
478	798	1
510	798	2
542	798	-2
574	798	2
606	798	1
638	798	3
670	798	-1
702	798	3
734	798	-1
766	798	-2
798	798	-1
830	798	1
862	798	0
894	798	-2
926	798	-6
958	798	0
990	798	0
1022	798	0
31	799	1
63	799	-1
95	799	1
127	799	-1
159	799	-4
191	799	-1
223	799	-2
255	799	-1
287	799	4
319	799	1
351	799	2
383	799	1
415	799	3
447	799	3
479	799	4
511	799	-4
543	799	-3
575	799	-5
607	799	-4
639	799	-1
671	799	-2
703	799	-1
735	799	1
767	799	-2
799	799	0
831	799	1
863	799	0
895	799	0
927	799	2
959	799	0
991	799	0
1023	799	-1
32	800	0
64	800	0
96	800	0
128	800	1
160	800	1
192	800	-2
224	800	-2
256	800	0
288	800	1
320	800	-2
352	800	3
384	800	2
416	800	2
448	800	3
480	800	-2
512	800	-1
544	800	1
576	800	2
608	800	0
640	800	-1
672	800	2
704	800	3
736	800	0
768	800	-1
800	800	1
832	800	-1
864	800	4
896	800	-3
928	800	3
960	800	0
992	800	0
1024	800	0
1	801	-1
33	801	0
65	801	0
97	801	0
129	801	0
161	801	-2
193	801	-2
225	801	-2
257	801	2
289	801	0
321	801	2
353	801	3
385	801	2
417	801	1
449	801	3
481	801	-3
513	801	-4
545	801	-4
577	801	0
609	801	-1
641	801	0
673	801	-2
705	801	-3
737	801	2
769	801	1
801	801	1
833	801	2
865	801	2
897	801	-3
929	801	0
961	801	1
993	801	0
2	802	-1
34	802	-1
66	802	1
98	802	2
130	802	1
162	802	0
194	802	-3
226	802	-2
258	802	-1
290	802	-2
322	802	0
354	802	-3
386	802	0
418	802	1
450	802	1
482	802	3
514	802	0
546	802	2
578	802	-2
610	802	3
642	802	0
674	802	1
706	802	4
738	802	3
770	802	-3
802	802	4
834	802	1
866	802	-3
898	802	-4
930	802	0
962	802	-1
994	802	0
3	803	0
35	803	0
67	803	0
99	803	1
131	803	0
163	803	2
195	803	2
227	803	0
259	803	1
291	803	-1
323	803	0
355	803	-3
387	803	1
419	803	-2
451	803	1
483	803	-1
515	803	-1
547	803	-1
579	803	-1
611	803	0
643	803	1
675	803	-1
707	803	1
739	803	0
771	803	1
803	803	4
835	803	2
867	803	-3
899	803	3
931	803	3
963	803	0
995	803	0
4	804	1
36	804	0
68	804	0
100	804	0
132	804	0
164	804	0
196	804	1
228	804	-3
260	804	-1
292	804	7
324	804	3
356	804	3
388	804	3
420	804	1
452	804	4
484	804	1
516	804	1
548	804	-1
580	804	-1
612	804	0
644	804	-1
676	804	1
708	804	2
740	804	-3
772	804	0
804	804	-3
836	804	-1
868	804	1
900	804	3
932	804	5
964	804	0
996	804	0
5	805	0
37	805	0
69	805	0
101	805	0
133	805	0
165	805	-1
197	805	0
229	805	-1
261	805	0
293	805	0
325	805	0
357	805	0
389	805	-1
421	805	-1
453	805	-1
485	805	0
517	805	0
549	805	-1
581	805	0
613	805	0
645	805	0
677	805	0
709	805	0
741	805	0
773	805	0
805	805	0
837	805	0
869	805	-1
901	805	0
933	805	0
965	805	0
997	805	0
6	806	1
38	806	0
70	806	2
102	806	0
134	806	4
166	806	3
198	806	-3
230	806	-2
262	806	2
294	806	-1
326	806	2
358	806	3
390	806	-1
422	806	-1
454	806	2
486	806	0
518	806	2
550	806	-3
582	806	0
614	806	-1
646	806	2
678	806	2
710	806	1
742	806	0
774	806	3
806	806	3
838	806	-3
870	806	-5
902	806	-1
934	806	-3
966	806	0
998	806	0
7	807	0
39	807	0
71	807	0
103	807	0
135	807	0
167	807	0
199	807	0
231	807	-1
263	807	0
295	807	0
327	807	0
359	807	0
391	807	-1
423	807	0
455	807	-1
487	807	0
519	807	-1
551	807	0
583	807	0
615	807	0
647	807	0
679	807	0
711	807	-1
743	807	0
775	807	0
807	807	0
839	807	0
871	807	0
903	807	0
935	807	-1
967	807	-1
999	807	0
8	808	-1
40	808	0
72	808	0
104	808	0
136	808	0
168	808	0
200	808	1
232	808	-3
264	808	-4
296	808	-2
328	808	-1
360	808	3
392	808	4
424	808	0
456	808	0
488	808	1
520	808	0
552	808	0
584	808	2
616	808	2
648	808	2
680	808	2
712	808	-1
744	808	-3
776	808	-3
808	808	-4
840	808	-1
872	808	0
904	808	3
936	808	4
968	808	1
1000	808	0
9	809	0
41	809	-1
73	809	0
105	809	1
137	809	0
169	809	0
201	809	0
233	809	0
265	809	0
297	809	0
329	809	0
361	809	0
393	809	0
425	809	-1
457	809	0
489	809	0
521	809	0
553	809	0
585	809	0
617	809	0
649	809	-1
681	809	0
713	809	0
745	809	-1
777	809	0
809	809	0
841	809	0
873	809	0
905	809	0
937	809	0
969	809	0
1001	809	-1
10	810	0
42	810	0
74	810	1
106	810	0
138	810	0
170	810	-1
202	810	-2
234	810	-2
266	810	-2
298	810	1
330	810	2
362	810	1
394	810	-5
426	810	-1
458	810	2
490	810	0
522	810	-2
554	810	2
586	810	1
618	810	2
650	810	2
682	810	-1
714	810	-1
746	810	-2
778	810	1
810	810	-2
842	810	2
874	810	3
906	810	2
938	810	2
970	810	2
1002	810	0
11	811	0
43	811	0
75	811	1
107	811	-1
139	811	-3
171	811	-3
203	811	1
235	811	1
267	811	-1
299	811	2
331	811	-3
363	811	1
395	811	5
427	811	0
459	811	-3
491	811	4
523	811	-5
555	811	2
587	811	3
619	811	2
651	811	2
683	811	2
715	811	-3
747	811	2
779	811	-3
811	811	2
843	811	1
875	811	2
907	811	2
939	811	1
971	811	0
1003	811	0
12	812	0
44	812	0
76	812	1
108	812	0
140	812	1
172	812	0
204	812	-1
236	812	-3
268	812	-4
300	812	-2
332	812	-1
364	812	2
396	812	-3
428	812	1
460	812	-2
492	812	1
524	812	1
556	812	0
588	812	1
620	812	3
652	812	4
684	812	3
716	812	1
748	812	2
780	812	1
812	812	-3
844	812	-2
876	812	-2
908	812	3
940	812	0
972	812	-1
1004	812	0
13	813	0
45	813	0
77	813	0
109	813	0
141	813	0
173	813	2
205	813	2
237	813	2
269	813	4
301	813	6
333	813	3
365	813	-2
397	813	-2
429	813	-1
461	813	0
493	813	-1
525	813	-1
557	813	1
589	813	-2
621	813	-3
653	813	-2
685	813	-2
717	813	1
749	813	1
781	813	2
813	813	-1
845	813	1
877	813	0
909	813	0
941	813	-1
973	813	-1
1005	813	0
14	814	-1
46	814	0
78	814	0
110	814	0
142	814	0
174	814	0
206	814	1
238	814	0
270	814	0
302	814	0
334	814	-1
366	814	0
398	814	-1
430	814	-1
462	814	0
494	814	0
526	814	0
558	814	0
590	814	0
622	814	0
654	814	0
686	814	-1
718	814	0
750	814	0
782	814	0
814	814	0
846	814	1
878	814	0
910	814	0
942	814	0
974	814	-1
1006	814	0
15	815	2
47	815	0
79	815	0
111	815	2
143	815	-1
175	815	-2
207	815	-4
239	815	0
271	815	4
303	815	2
335	815	0
367	815	3
399	815	3
431	815	2
463	815	-1
495	815	-4
527	815	-4
559	815	-5
591	815	1
623	815	-3
655	815	-3
687	815	-1
719	815	3
751	815	0
783	815	1
815	815	0
847	815	1
879	815	1
911	815	2
943	815	-1
975	815	3
1007	815	0
16	816	0
48	816	0
80	816	1
112	816	0
144	816	-3
176	816	0
208	816	1
240	816	-1
272	816	0
304	816	2
336	816	2
368	816	1
400	816	2
432	816	3
464	816	4
496	816	-1
528	816	5
560	816	-1
592	816	-1
624	816	-1
656	816	0
688	816	-1
720	816	0
752	816	0
784	816	0
816	816	2
848	816	1
880	816	2
912	816	4
944	816	2
976	816	0
1008	816	1
17	817	0
49	817	0
81	817	-1
113	817	-1
145	817	0
177	817	0
209	817	0
241	817	0
273	817	0
305	817	0
337	817	0
369	817	0
401	817	0
433	817	-1
465	817	0
497	817	0
529	817	0
561	817	0
593	817	0
625	817	-1
657	817	0
689	817	0
721	817	-1
753	817	0
785	817	0
817	817	0
849	817	0
881	817	0
913	817	0
945	817	0
977	817	1
1009	817	0
18	818	0
50	818	0
82	818	0
114	818	0
146	818	2
178	818	-1
210	818	-2
242	818	0
274	818	2
306	818	3
338	818	-2
370	818	4
402	818	4
434	818	-3
466	818	-3
498	818	3
530	818	-3
562	818	3
594	818	0
626	818	-4
658	818	-3
690	818	2
722	818	2
754	818	2
786	818	0
818	818	1
850	818	0
882	818	-1
914	818	-2
946	818	-3
978	818	0
1010	818	0
19	819	2
51	819	0
83	819	1
115	819	2
147	819	0
179	819	-2
211	819	0
243	819	3
275	819	3
307	819	3
339	819	3
371	819	0
403	819	0
435	819	-1
467	819	-2
499	819	-1
531	819	2
563	819	-1
595	819	1
627	819	-3
659	819	-2
691	819	-3
723	819	-2
755	819	3
787	819	2
819	819	2
851	819	1
883	819	1
915	819	0
947	819	-1
979	819	0
1011	819	0
20	820	0
52	820	1
84	820	0
116	820	0
148	820	2
180	820	2
212	820	-2
244	820	-4
276	820	2
308	820	1
340	820	-1
372	820	1
404	820	5
436	820	-3
468	820	2
500	820	3
532	820	0
564	820	2
596	820	1
628	820	2
660	820	-2
692	820	2
724	820	1
756	820	0
788	820	-2
820	820	-2
852	820	-3
884	820	-2
916	820	0
948	820	1
980	820	0
1012	820	1
21	821	1
53	821	1
85	821	1
117	821	2
149	821	4
181	821	-3
213	821	1
245	821	2
277	821	0
309	821	-2
341	821	4
373	821	6
405	821	4
437	821	3
469	821	-2
501	821	-1
533	821	1
565	821	0
597	821	2
629	821	-1
661	821	1
693	821	-1
725	821	0
757	821	1
789	821	1
821	821	-2
853	821	-1
885	821	0
917	821	1
949	821	1
981	821	0
1013	821	1
22	822	0
54	822	0
86	822	0
118	822	-1
150	822	1
182	822	-2
214	822	-4
246	822	2
278	822	-1
310	822	4
342	822	-5
374	822	0
406	822	0
438	822	0
470	822	1
502	822	-2
534	822	2
566	822	3
598	822	0
630	822	0
662	822	2
694	822	1
726	822	-1
758	822	-1
790	822	3
822	822	1
854	822	0
886	822	-3
918	822	2
950	822	1
982	822	1
1014	822	0
23	823	0
55	823	0
87	823	1
119	823	0
151	823	1
183	823	2
215	823	1
247	823	3
279	823	2
311	823	2
343	823	1
375	823	-1
407	823	-2
439	823	2
471	823	0
503	823	0
535	823	-3
567	823	-2
599	823	-2
631	823	2
663	823	1
695	823	-1
727	823	-1
759	823	1
791	823	3
823	823	2
855	823	0
887	823	0
919	823	-2
951	823	-1
983	823	0
1015	823	-1
24	824	0
56	824	0
88	824	-1
120	824	1
152	824	0
184	824	0
216	824	0
248	824	0
280	824	0
312	824	0
344	824	0
376	824	-1
408	824	0
440	824	0
472	824	-1
504	824	0
536	824	-1
568	824	-1
600	824	0
632	824	0
664	824	0
696	824	0
728	824	-1
760	824	0
792	824	0
824	824	-1
856	824	0
888	824	0
920	824	0
952	824	0
984	824	0
1016	824	0
25	825	1
57	825	-1
89	825	0
121	825	-4
153	825	-1
185	825	0
217	825	5
249	825	5
281	825	1
313	825	2
345	825	-3
377	825	1
409	825	2
441	825	-3
473	825	-3
505	825	2
537	825	-4
569	825	1
601	825	-4
633	825	3
665	825	2
697	825	-1
729	825	-1
761	825	-2
793	825	0
825	825	3
857	825	3
889	825	1
921	825	2
953	825	0
985	825	1
1017	825	1
26	826	1
58	826	0
90	826	0
122	826	0
154	826	5
186	826	3
218	826	2
250	826	-2
282	826	0
314	826	1
346	826	-2
378	826	-3
410	826	3
442	826	-2
474	826	1
506	826	1
538	826	-3
570	826	3
602	826	-3
634	826	0
666	826	1
698	826	1
730	826	3
762	826	3
794	826	1
826	826	-1
858	826	-1
890	826	-3
922	826	1
954	826	0
986	826	0
1018	826	1
27	827	1
59	827	1
91	827	-1
123	827	1
155	827	3
187	827	3
219	827	2
251	827	-1
283	827	-1
315	827	-1
347	827	1
379	827	1
411	827	2
443	827	-3
475	827	-1
507	827	-3
539	827	1
571	827	-1
603	827	2
635	827	2
667	827	-4
699	827	2
731	827	2
763	827	2
795	827	2
827	827	1
859	827	-2
891	827	0
923	827	0
955	827	0
987	827	1
1019	827	0
28	828	0
60	828	0
92	828	1
124	828	2
156	828	-4
188	828	-1
220	828	-2
252	828	0
284	828	2
316	828	1
348	828	2
380	828	2
412	828	1
444	828	-1
476	828	2
508	828	1
540	828	0
572	828	-3
604	828	3
636	828	-3
668	828	-5
700	828	2
732	828	-1
764	828	-1
796	828	0
828	828	2
860	828	0
892	828	1
924	828	2
956	828	1
988	828	1
1020	828	0
29	829	0
61	829	-1
93	829	1
125	829	0
157	829	0
189	829	2
221	829	0
253	829	0
285	829	0
317	829	2
349	829	7
381	829	3
413	829	1
445	829	1
477	829	0
509	829	0
541	829	2
573	829	-1
605	829	-1
637	829	0
669	829	-1
701	829	1
733	829	2
765	829	3
797	829	2
829	829	0
861	829	0
893	829	2
925	829	0
957	829	2
989	829	0
1021	829	1
30	830	0
62	830	0
94	830	0
126	830	-1
158	830	1
190	830	4
222	830	4
254	830	-1
286	830	2
318	830	1
350	830	1
382	830	1
414	830	2
446	830	1
478	830	-4
510	830	2
542	830	3
574	830	-1
606	830	-3
638	830	-2
670	830	2
702	830	-5
734	830	2
766	830	3
798	830	0
830	830	3
862	830	1
894	830	0
926	830	-2
958	830	0
990	830	1
1022	830	0
31	831	0
63	831	0
95	831	1
127	831	2
159	831	3
191	831	0
223	831	0
255	831	3
287	831	0
319	831	-2
351	831	-1
383	831	-1
415	831	1
447	831	1
479	831	2
511	831	1
543	831	2
575	831	3
607	831	2
639	831	2
671	831	2
703	831	1
735	831	-7
767	831	-1
799	831	0
831	831	3
863	831	-3
895	831	2
927	831	0
959	831	0
991	831	-1
1023	831	0
32	832	1
64	832	0
96	832	0
128	832	2
160	832	2
192	832	-1
224	832	-2
256	832	2
288	832	0
320	832	-3
352	832	2
384	832	2
416	832	1
448	832	1
480	832	-2
512	832	-4
544	832	-4
576	832	-2
608	832	-5
640	832	-4
672	832	2
704	832	3
736	832	-3
768	832	0
800	832	2
832	832	1
864	832	0
896	832	2
928	832	-2
960	832	0
992	832	0
1024	832	0
1	833	-1
33	833	0
65	833	1
97	833	1
129	833	1
161	833	-1
193	833	-2
225	833	4
257	833	-3
289	833	1
321	833	0
353	833	-1
385	833	-2
417	833	-3
449	833	2
481	833	2
513	833	2
545	833	3
577	833	1
609	833	-3
641	833	-3
673	833	-2
705	833	2
737	833	0
769	833	-3
801	833	2
833	833	2
865	833	1
897	833	2
929	833	0
961	833	1
993	833	0
2	834	0
34	834	0
66	834	0
98	834	1
130	834	0
162	834	-3
194	834	-3
226	834	-4
258	834	-1
290	834	0
322	834	3
354	834	3
386	834	-1
418	834	2
450	834	-4
482	834	2
514	834	3
546	834	-3
578	834	3
610	834	-2
642	834	3
674	834	-1
706	834	-1
738	834	-2
770	834	1
802	834	1
834	834	-2
866	834	-1
898	834	2
930	834	2
962	834	0
994	834	0
3	835	0
35	835	0
67	835	0
99	835	2
131	835	0
163	835	1
195	835	0
227	835	1
259	835	1
291	835	0
323	835	1
355	835	-2
387	835	1
419	835	0
451	835	-1
483	835	-3
515	835	-2
547	835	-3
579	835	-1
611	835	1
643	835	4
675	835	1
707	835	1
739	835	-1
771	835	0
803	835	4
835	835	0
867	835	0
899	835	0
931	835	2
963	835	1
995	835	-1
4	836	0
36	836	0
68	836	0
100	836	1
132	836	0
164	836	0
196	836	-1
228	836	-2
260	836	0
292	836	-1
324	836	5
356	836	0
388	836	-4
420	836	-6
452	836	-5
484	836	-2
516	836	1
548	836	0
580	836	-1
612	836	0
644	836	-1
676	836	-2
708	836	1
740	836	-2
772	836	2
804	836	0
836	836	1
868	836	2
900	836	-1
932	836	-1
964	836	0
996	836	-1
5	837	0
37	837	1
69	837	0
101	837	0
133	837	-2
165	837	-1
197	837	2
229	837	0
261	837	1
293	837	-1
325	837	1
357	837	-2
389	837	-1
421	837	0
453	837	1
485	837	2
517	837	2
549	837	1
581	837	0
613	837	3
645	837	3
677	837	1
709	837	1
741	837	0
773	837	0
805	837	0
837	837	1
869	837	1
901	837	-3
933	837	2
965	837	0
997	837	0
6	838	1
38	838	0
70	838	1
102	838	1
134	838	-4
166	838	-3
198	838	2
230	838	2
262	838	0
294	838	3
326	838	4
358	838	-3
390	838	1
422	838	2
454	838	-3
486	838	-1
518	838	0
550	838	3
582	838	5
614	838	4
646	838	-3
678	838	-3
710	838	2
742	838	0
774	838	-1
806	838	0
838	838	3
870	838	4
902	838	3
934	838	2
966	838	0
998	838	0
7	839	0
39	839	0
71	839	1
103	839	0
135	839	-1
167	839	-3
199	839	0
231	839	-1
263	839	-1
295	839	1
327	839	-1
359	839	0
391	839	2
423	839	0
455	839	3
487	839	4
519	839	0
551	839	-3
583	839	0
615	839	1
647	839	1
679	839	3
711	839	5
743	839	5
775	839	-3
807	839	-2
839	839	-7
871	839	0
903	839	1
935	839	0
967	839	2
999	839	0
8	840	0
40	840	1
72	840	1
104	840	0
136	840	0
168	840	1
200	840	-2
232	840	-3
264	840	-2
296	840	-3
328	840	4
360	840	0
392	840	5
424	840	3
456	840	-2
488	840	1
520	840	1
552	840	-1
584	840	-1
616	840	-1
648	840	-2
680	840	-1
712	840	1
744	840	1
776	840	1
808	840	1
840	840	-2
872	840	-2
904	840	0
936	840	-3
968	840	-1
1000	840	0
9	841	0
41	841	1
73	841	0
105	841	0
137	841	1
169	841	5
201	841	3
233	841	0
265	841	2
297	841	0
329	841	2
361	841	2
393	841	-2
425	841	0
457	841	5
489	841	-3
521	841	-3
553	841	2
585	841	2
617	841	-3
649	841	1
681	841	0
713	841	3
745	841	2
777	841	0
809	841	1
841	841	1
873	841	1
905	841	0
937	841	-1
969	841	-2
1001	841	1
10	842	0
42	842	0
74	842	1
106	842	0
138	842	-1
170	842	-2
202	842	-1
234	842	0
266	842	-1
298	842	-1
330	842	1
362	842	0
394	842	5
426	842	3
458	842	0
490	842	-1
522	842	2
554	842	3
586	842	3
618	842	-5
650	842	-2
682	842	-4
714	842	-5
746	842	-1
778	842	-2
810	842	0
842	842	2
874	842	1
906	842	5
938	842	1
970	842	0
1002	842	0
11	843	0
43	843	0
75	843	0
107	843	0
139	843	0
171	843	1
203	843	-1
235	843	-1
267	843	1
299	843	0
331	843	1
363	843	2
395	843	0
427	843	2
459	843	4
491	843	0
523	843	0
555	843	-3
587	843	-3
619	843	-3
651	843	-3
683	843	-1
715	843	0
747	843	3
779	843	1
811	843	1
843	843	2
875	843	4
907	843	3
939	843	0
971	843	0
1003	843	0
12	844	0
44	844	0
76	844	1
108	844	0
140	844	0
172	844	0
204	844	6
236	844	3
268	844	2
300	844	2
332	844	3
364	844	1
396	844	3
428	844	-3
460	844	3
492	844	0
524	844	0
556	844	1
588	844	2
620	844	-2
652	844	-2
684	844	-3
716	844	-1
748	844	-4
780	844	3
812	844	4
844	844	1
876	844	2
908	844	-4
940	844	3
972	844	0
1004	844	0
13	845	1
45	845	0
77	845	0
109	845	2
141	845	0
173	845	0
205	845	-1
237	845	-1
269	845	-3
301	845	1
333	845	3
365	845	3
397	845	1
429	845	1
461	845	-3
493	845	-3
525	845	-3
557	845	0
589	845	-1
621	845	-1
653	845	-2
685	845	-3
717	845	-3
749	845	-2
781	845	-1
813	845	3
845	845	1
877	845	0
909	845	2
941	845	4
973	845	5
1005	845	0
14	846	0
46	846	1
78	846	0
110	846	-1
142	846	-1
174	846	1
206	846	0
238	846	1
270	846	-1
302	846	-3
334	846	-1
366	846	-1
398	846	1
430	846	2
462	846	-3
494	846	-4
526	846	-3
558	846	3
590	846	2
622	846	3
654	846	3
686	846	2
718	846	2
750	846	1
782	846	1
814	846	2
846	846	0
878	846	-1
910	846	-5
942	846	1
974	846	0
1006	846	-1
15	847	0
47	847	0
79	847	0
111	847	0
143	847	1
175	847	-1
207	847	0
239	847	0
271	847	-4
303	847	-3
335	847	0
367	847	-2
399	847	0
431	847	3
463	847	3
495	847	3
527	847	3
559	847	3
591	847	2
623	847	2
655	847	5
687	847	0
719	847	1
751	847	0
783	847	-2
815	847	-1
847	847	-2
879	847	-1
911	847	-1
943	847	2
975	847	-4
1007	847	-1
16	848	0
48	848	-1
80	848	0
112	848	0
144	848	0
176	848	0
208	848	4
240	848	2
272	848	0
304	848	2
336	848	1
368	848	1
400	848	0
432	848	-2
464	848	2
496	848	-3
528	848	3
560	848	-3
592	848	-4
624	848	-4
656	848	2
688	848	1
720	848	3
752	848	3
784	848	-4
816	848	2
848	848	3
880	848	3
912	848	2
944	848	1
976	848	0
1008	848	1
17	849	0
49	849	0
81	849	0
113	849	0
145	849	-2
177	849	0
209	849	2
241	849	0
273	849	1
305	849	1
337	849	-1
369	849	0
401	849	1
433	849	0
465	849	-1
497	849	3
529	849	2
561	849	3
593	849	2
625	849	0
657	849	1
689	849	-2
721	849	-3
753	849	-2
785	849	-4
817	849	0
849	849	0
881	849	-3
913	849	2
945	849	0
977	849	0
1009	849	0
18	850	0
50	850	0
82	850	0
114	850	0
146	850	0
178	850	1
210	850	4
242	850	3
274	850	2
306	850	-3
338	850	3
370	850	-4
402	850	-3
434	850	4
466	850	3
498	850	-3
530	850	3
562	850	-3
594	850	3
626	850	2
658	850	2
690	850	0
722	850	1
754	850	1
786	850	2
818	850	-1
850	850	2
882	850	2
914	850	1
946	850	4
978	850	0
1010	850	0
19	851	1
51	851	0
83	851	0
115	851	0
147	851	3
179	851	3
211	851	0
243	851	0
275	851	0
307	851	0
339	851	-1
371	851	-2
403	851	-3
435	851	-1
467	851	1
499	851	0
531	851	2
563	851	1
595	851	1
627	851	2
659	851	2
691	851	3
723	851	4
755	851	-1
787	851	-2
819	851	2
851	851	-1
883	851	-2
915	851	1
947	851	0
979	851	0
1011	851	0
20	852	1
52	852	1
84	852	0
116	852	0
148	852	2
180	852	1
212	852	0
244	852	0
276	852	-1
308	852	3
340	852	0
372	852	1
404	852	-1
436	852	1
468	852	-3
500	852	-3
532	852	3
564	852	-2
596	852	-2
628	852	-2
660	852	2
692	852	0
724	852	-2
756	852	1
788	852	4
820	852	-1
852	852	5
884	852	-4
916	852	1
948	852	1
980	852	1
1012	852	1
21	853	-1
53	853	-1
85	853	0
117	853	0
149	853	-1
181	853	0
213	853	-1
245	853	0
277	853	0
309	853	0
341	853	0
373	853	0
405	853	0
437	853	0
469	853	0
501	853	0
533	853	-1
565	853	0
597	853	0
629	853	0
661	853	0
693	853	0
725	853	0
757	853	0
789	853	0
821	853	0
853	853	0
885	853	0
917	853	1
949	853	0
981	853	0
1013	853	0
22	854	0
54	854	0
86	854	0
118	854	0
150	854	3
182	854	-1
214	854	-5
246	854	4
278	854	-3
310	854	5
342	854	-3
374	854	-2
406	854	-2
438	854	1
470	854	0
502	854	1
534	854	1
566	854	2
598	854	2
630	854	2
662	854	0
694	854	1
726	854	-2
758	854	-1
790	854	4
822	854	0
854	854	-2
886	854	-4
918	854	3
950	854	1
982	854	0
1014	854	0
23	855	0
55	855	0
87	855	0
119	855	0
151	855	1
183	855	2
215	855	-1
247	855	2
279	855	0
311	855	1
343	855	0
375	855	-1
407	855	-2
439	855	6
471	855	5
503	855	-3
535	855	1
567	855	4
599	855	4
631	855	-1
663	855	0
695	855	-3
727	855	0
759	855	1
791	855	2
823	855	1
855	855	-1
887	855	-3
919	855	-5
951	855	-3
983	855	0
1015	855	1
24	856	0
56	856	0
88	856	0
120	856	0
152	856	2
184	856	0
216	856	-1
248	856	1
280	856	2
312	856	1
344	856	1
376	856	0
408	856	4
440	856	0
472	856	1
504	856	3
536	856	3
568	856	1
600	856	3
632	856	-4
664	856	-6
696	856	-4
728	856	0
760	856	0
792	856	1
824	856	1
856	856	-1
888	856	0
920	856	-1
952	856	0
984	856	-1
1016	856	0
25	857	1
57	857	-1
89	857	0
121	857	-2
153	857	0
185	857	0
217	857	-1
249	857	-4
281	857	-1
313	857	0
345	857	-6
377	857	0
409	857	2
441	857	-6
473	857	0
505	857	3
537	857	1
569	857	1
601	857	0
633	857	0
665	857	0
697	857	-1
729	857	-1
761	857	0
793	857	1
825	857	2
857	857	0
889	857	0
921	857	-2
953	857	0
985	857	1
1017	857	1
26	858	2
58	858	0
90	858	0
122	858	0
154	858	-3
186	858	1
218	858	1
250	858	-2
282	858	1
314	858	-3
346	858	-4
378	858	0
410	858	-7
442	858	-3
474	858	-3
506	858	1
538	858	3
570	858	-1
602	858	2
634	858	4
666	858	3
698	858	2
730	858	3
762	858	2
794	858	1
826	858	-1
858	858	0
890	858	0
922	858	2
954	858	0
986	858	0
1018	858	0
27	859	0
59	859	0
91	859	0
123	859	-1
155	859	-3
187	859	-1
219	859	-4
251	859	-1
283	859	-3
315	859	-2
347	859	3
379	859	2
411	859	2
443	859	-1
475	859	0
507	859	-3
539	859	-2
571	859	-3
603	859	2
635	859	2
667	859	-1
699	859	1
731	859	1
763	859	1
795	859	1
827	859	1
859	859	1
891	859	5
923	859	1
955	859	0
987	859	0
1019	859	0
28	860	1
60	860	0
92	860	1
124	860	1
156	860	2
188	860	3
220	860	1
252	860	0
284	860	-1
316	860	1
348	860	0
380	860	6
412	860	-2
444	860	4
476	860	-3
508	860	1
540	860	-1
572	860	-2
604	860	2
636	860	-2
668	860	-4
700	860	3
732	860	3
764	860	2
796	860	0
828	860	2
860	860	0
892	860	-1
924	860	-2
956	860	1
988	860	1
1020	860	0
29	861	-1
61	861	0
93	861	0
125	861	0
157	861	-1
189	861	2
221	861	0
253	861	0
285	861	2
317	861	2
349	861	4
381	861	0
413	861	-2
445	861	-1
477	861	1
509	861	-2
541	861	2
573	861	-2
605	861	-2
637	861	-4
669	861	5
701	861	1
733	861	0
765	861	2
797	861	2
829	861	2
861	861	4
893	861	3
925	861	0
957	861	-2
989	861	0
1021	861	1
30	862	0
62	862	0
94	862	0
126	862	0
158	862	-2
190	862	0
222	862	-1
254	862	3
286	862	0
318	862	3
350	862	1
382	862	2
414	862	2
446	862	4
478	862	0
510	862	1
542	862	1
574	862	-3
606	862	-2
638	862	2
670	862	1
702	862	0
734	862	-1
766	862	0
798	862	0
830	862	1
862	862	1
894	862	3
926	862	4
958	862	0
990	862	0
1022	862	0
31	863	2
63	863	-1
95	863	1
127	863	-1
159	863	-4
191	863	0
223	863	-2
255	863	1
287	863	4
319	863	1
351	863	1
383	863	1
415	863	2
447	863	3
479	863	4
511	863	-4
543	863	-4
575	863	-4
607	863	-4
639	863	0
671	863	-2
703	863	-1
735	863	3
767	863	0
799	863	0
831	863	2
863	863	-1
895	863	1
927	863	1
959	863	0
991	863	0
1023	863	0
32	864	1
64	864	0
96	864	0
128	864	-1
160	864	-2
192	864	-1
224	864	-4
256	864	1
288	864	2
320	864	-2
352	864	1
384	864	1
416	864	0
448	864	2
480	864	2
512	864	-1
544	864	0
576	864	0
608	864	-1
640	864	1
672	864	1
704	864	-2
736	864	2
768	864	0
800	864	-1
832	864	-2
864	864	4
896	864	-2
928	864	2
960	864	0
992	864	0
1024	864	0
1	865	0
33	865	0
65	865	0
97	865	1
129	865	0
161	865	0
193	865	-3
225	865	5
257	865	-3
289	865	2
321	865	1
353	865	1
385	865	-1
417	865	-1
449	865	-3
481	865	1
513	865	3
545	865	3
577	865	1
609	865	-2
641	865	-2
673	865	-1
705	865	2
737	865	-2
769	865	-3
801	865	2
833	865	2
865	865	2
897	865	3
929	865	0
961	865	1
993	865	-1
2	866	0
34	866	0
66	866	0
98	866	1
130	866	1
162	866	-1
194	866	-1
226	866	-3
258	866	0
290	866	0
322	866	1
354	866	0
386	866	0
418	866	2
450	866	-3
482	866	2
514	866	3
546	866	-3
578	866	1
610	866	3
642	866	2
674	866	2
706	866	0
738	866	2
770	866	-2
802	866	3
834	866	-1
866	866	-3
898	866	0
930	866	2
962	866	1
994	866	0
3	867	0
35	867	0
67	867	0
99	867	-1
131	867	0
163	867	0
195	867	0
227	867	0
259	867	0
291	867	0
323	867	0
355	867	0
387	867	0
419	867	-1
451	867	0
483	867	0
515	867	0
547	867	0
579	867	0
611	867	0
643	867	0
675	867	0
707	867	0
739	867	0
771	867	0
803	867	0
835	867	0
867	867	0
899	867	0
931	867	0
963	867	0
995	867	0
4	868	0
36	868	0
68	868	0
100	868	1
132	868	-1
164	868	0
196	868	3
228	868	5
260	868	2
292	868	-7
324	868	-3
356	868	-2
388	868	-2
420	868	2
452	868	0
484	868	4
516	868	2
548	868	2
580	868	2
612	868	0
644	868	0
676	868	-4
708	868	0
740	868	2
772	868	3
804	868	5
836	868	2
868	868	-1
900	868	-1
932	868	-3
964	868	0
996	868	0
5	869	0
37	869	0
69	869	0
101	869	1
133	869	1
165	869	-2
197	869	-3
229	869	-1
261	869	1
293	869	-1
325	869	2
357	869	-4
389	869	1
421	869	0
453	869	3
485	869	3
517	869	3
549	869	3
581	869	0
613	869	4
645	869	3
677	869	2
709	869	1
741	869	-1
773	869	-1
805	869	-3
837	869	1
869	869	-5
901	869	1
933	869	-1
965	869	0
997	869	0
6	870	0
38	870	0
70	870	1
102	870	0
134	870	-4
166	870	-2
198	870	3
230	870	4
262	870	-2
294	870	0
326	870	1
358	870	-4
390	870	2
422	870	3
454	870	-3
486	870	-2
518	870	-1
550	870	3
582	870	5
614	870	4
646	870	-2
678	870	-1
710	870	3
742	870	0
774	870	0
806	870	1
838	870	3
870	870	5
902	870	3
934	870	2
966	870	-1
998	870	-1
7	871	0
39	871	0
71	871	0
103	871	0
135	871	0
167	871	0
199	871	-1
231	871	-1
263	871	0
295	871	0
327	871	0
359	871	0
391	871	0
423	871	-1
455	871	0
487	871	0
519	871	0
551	871	-1
583	871	0
615	871	0
647	871	0
679	871	0
711	871	0
743	871	0
775	871	0
807	871	0
839	871	0
871	871	0
903	871	0
935	871	0
967	871	1
999	871	0
8	872	0
40	872	1
72	872	0
104	872	0
136	872	0
168	872	0
200	872	3
232	872	2
264	872	2
296	872	0
328	872	1
360	872	-2
392	872	4
424	872	0
456	872	-1
488	872	1
520	872	2
552	872	-3
584	872	3
616	872	-4
648	872	-2
680	872	2
712	872	1
744	872	2
776	872	-1
808	872	1
840	872	2
872	872	0
904	872	-2
936	872	-3
968	872	-2
1000	872	0
9	873	0
41	873	0
73	873	0
105	873	0
137	873	0
169	873	0
201	873	-1
233	873	0
265	873	0
297	873	0
329	873	0
361	873	0
393	873	0
425	873	0
457	873	0
489	873	0
521	873	0
553	873	0
585	873	0
617	873	0
649	873	0
681	873	0
713	873	0
745	873	0
777	873	0
809	873	0
841	873	0
873	873	0
905	873	-1
937	873	0
969	873	0
1001	873	0
10	874	0
42	874	0
74	874	0
106	874	0
138	874	0
170	874	-3
202	874	-1
234	874	1
266	874	-2
298	874	-2
330	874	1
362	874	1
394	874	-6
426	874	2
458	874	3
490	874	6
522	874	2
554	874	1
586	874	1
618	874	3
650	874	2
682	874	2
714	874	-1
746	874	0
778	874	-1
810	874	1
842	874	2
874	874	2
906	874	2
938	874	0
970	874	1
1002	874	0
11	875	0
43	875	0
75	875	0
107	875	2
139	875	4
171	875	3
203	875	0
235	875	2
267	875	3
299	875	-2
331	875	1
363	875	-1
395	875	-5
427	875	3
459	875	5
491	875	0
523	875	3
555	875	-1
587	875	0
619	875	-1
651	875	-1
683	875	-2
715	875	2
747	875	2
779	875	2
811	875	3
843	875	1
875	875	-1
907	875	-1
939	875	1
971	875	-1
1003	875	0
12	876	1
44	876	0
76	876	0
108	876	-1
140	876	-1
172	876	0
204	876	0
236	876	1
268	876	0
300	876	-1
332	876	0
364	876	-1
396	876	0
428	876	0
460	876	0
492	876	-1
524	876	-1
556	876	-1
588	876	0
620	876	0
652	876	0
684	876	0
716	876	0
748	876	0
780	876	0
812	876	0
844	876	0
876	876	0
908	876	0
940	876	0
972	876	0
1004	876	0
13	877	0
45	877	0
77	877	0
109	877	0
141	877	0
173	877	-1
205	877	1
237	877	0
269	877	0
301	877	-2
333	877	-1
365	877	-2
397	877	0
429	877	0
461	877	2
493	877	2
525	877	2
557	877	1
589	877	0
621	877	2
653	877	0
685	877	1
717	877	0
749	877	0
781	877	1
813	877	0
845	877	1
877	877	2
909	877	0
941	877	-4
973	877	-3
1005	877	0
14	878	1
46	878	1
78	878	1
110	878	-1
142	878	0
174	878	1
206	878	3
238	878	3
270	878	-1
302	878	2
334	878	2
366	878	-1
398	878	-1
430	878	1
462	878	-4
494	878	0
526	878	0
558	878	2
590	878	3
622	878	3
654	878	1
686	878	1
718	878	1
750	878	-2
782	878	2
814	878	4
846	878	0
878	878	0
910	878	0
942	878	-2
974	878	1
1006	878	0
15	879	1
47	879	0
79	879	0
111	879	1
143	879	0
175	879	-2
207	879	-4
239	879	0
271	879	-3
303	879	-2
335	879	0
367	879	-1
399	879	1
431	879	3
463	879	3
495	879	3
527	879	3
559	879	2
591	879	2
623	879	2
655	879	5
687	879	-2
719	879	0
751	879	0
783	879	-3
815	879	-1
847	879	-2
879	879	-1
911	879	-1
943	879	1
975	879	-2
1007	879	0
16	880	0
48	880	-1
80	880	-1
112	880	0
144	880	2
176	880	2
208	880	-2
240	880	0
272	880	0
304	880	-2
336	880	-1
368	880	1
400	880	2
432	880	-1
464	880	1
496	880	1
528	880	0
560	880	2
592	880	2
624	880	2
656	880	4
688	880	0
720	880	-3
752	880	-2
784	880	3
816	880	-3
848	880	-2
880	880	0
912	880	1
944	880	1
976	880	0
1008	880	1
17	881	0
49	881	0
81	881	1
113	881	0
145	881	-1
177	881	2
209	881	0
241	881	-1
273	881	-1
305	881	-1
337	881	1
369	881	1
401	881	2
433	881	2
465	881	0
497	881	5
529	881	1
561	881	3
593	881	3
625	881	-2
657	881	-2
689	881	-2
721	881	2
753	881	-1
785	881	0
817	881	-1
849	881	0
881	881	-4
913	881	2
945	881	0
977	881	2
1009	881	0
18	882	0
50	882	0
82	882	0
114	882	1
146	882	0
178	882	2
210	882	4
242	882	3
274	882	1
306	882	-3
338	882	3
370	882	-5
402	882	-4
434	882	3
466	882	3
498	882	-3
530	882	3
562	882	-3
594	882	2
626	882	3
658	882	3
690	882	1
722	882	0
754	882	0
786	882	3
818	882	1
850	882	3
882	882	3
914	882	2
946	882	3
978	882	0
1010	882	0
19	883	0
51	883	0
83	883	0
115	883	-1
147	883	1
179	883	1
211	883	0
243	883	0
275	883	1
307	883	1
339	883	-2
371	883	3
403	883	1
435	883	-1
467	883	-4
499	883	-3
531	883	1
563	883	-2
595	883	-2
627	883	1
659	883	1
691	883	2
723	883	2
755	883	0
787	883	1
819	883	-2
851	883	2
883	883	3
915	883	1
947	883	-1
979	883	0
1011	883	0
20	884	0
52	884	0
84	884	0
116	884	0
148	884	0
180	884	-1
212	884	-1
244	884	0
276	884	0
308	884	0
340	884	0
372	884	0
404	884	0
436	884	-1
468	884	0
500	884	0
532	884	0
564	884	0
596	884	0
628	884	-1
660	884	0
692	884	0
724	884	0
756	884	0
788	884	-1
820	884	0
852	884	-1
884	884	0
916	884	0
948	884	0
980	884	0
1012	884	0
21	885	0
53	885	0
85	885	-1
117	885	0
149	885	1
181	885	-1
213	885	0
245	885	-1
277	885	1
309	885	2
341	885	1
373	885	4
405	885	0
437	885	-1
469	885	1
501	885	0
533	885	1
565	885	-1
597	885	0
629	885	-2
661	885	-1
693	885	0
725	885	0
757	885	1
789	885	1
821	885	1
853	885	0
885	885	3
917	885	-2
949	885	0
981	885	1
1013	885	0
22	886	-1
54	886	0
86	886	0
118	886	0
150	886	-1
182	886	-1
214	886	0
246	886	0
278	886	0
310	886	0
342	886	0
374	886	-1
406	886	0
438	886	0
470	886	-1
502	886	0
534	886	0
566	886	0
598	886	-1
630	886	0
662	886	0
694	886	0
726	886	0
758	886	0
790	886	0
822	886	0
854	886	0
886	886	0
918	886	0
950	886	0
982	886	0
1014	886	-1
23	887	0
55	887	0
87	887	0
119	887	-2
151	887	1
183	887	-1
215	887	3
247	887	0
279	887	-2
311	887	3
343	887	0
375	887	2
407	887	-4
439	887	5
471	887	5
503	887	-3
535	887	3
567	887	2
599	887	-1
631	887	-3
663	887	-1
695	887	4
727	887	1
759	887	-1
791	887	1
823	887	3
855	887	3
887	887	-2
919	887	1
951	887	2
983	887	0
1015	887	0
24	888	-1
56	888	0
88	888	0
120	888	1
152	888	-1
184	888	1
216	888	2
248	888	2
280	888	-2
312	888	-1
344	888	-1
376	888	-2
408	888	1
440	888	-2
472	888	1
504	888	-2
536	888	-2
568	888	-4
600	888	-2
632	888	1
664	888	1
696	888	1
728	888	3
760	888	2
792	888	2
824	888	1
856	888	3
888	888	-1
920	888	-2
952	888	0
984	888	0
1016	888	1
25	889	1
57	889	0
89	889	0
121	889	4
153	889	-1
185	889	0
217	889	-4
249	889	-6
281	889	2
313	889	-2
345	889	1
377	889	0
409	889	0
441	889	-3
473	889	-1
505	889	1
537	889	3
569	889	0
601	889	3
633	889	0
665	889	2
697	889	3
729	889	3
761	889	2
793	889	0
825	889	3
857	889	1
889	889	-5
921	889	-4
953	889	0
985	889	1
1017	889	1
26	890	-1
58	890	0
90	890	0
122	890	0
154	890	-1
186	890	0
218	890	0
250	890	0
282	890	-1
314	890	0
346	890	0
378	890	0
410	890	0
442	890	-1
474	890	-1
506	890	1
538	890	0
570	890	0
602	890	0
634	890	-1
666	890	-1
698	890	0
730	890	0
762	890	0
794	890	-1
826	890	0
858	890	0
890	890	0
922	890	0
954	890	0
986	890	-1
1018	890	0
27	891	0
59	891	0
91	891	0
123	891	0
155	891	2
187	891	1
219	891	1
251	891	0
283	891	1
315	891	2
347	891	0
379	891	-2
411	891	-3
443	891	1
475	891	1
507	891	0
539	891	0
571	891	2
603	891	-2
635	891	1
667	891	1
699	891	2
731	891	0
763	891	1
795	891	-2
827	891	-1
859	891	2
891	891	0
923	891	-1
955	891	0
987	891	1
1019	891	0
28	892	-1
60	892	0
92	892	0
124	892	1
156	892	3
188	892	1
220	892	1
252	892	1
284	892	1
316	892	0
348	892	1
380	892	-6
412	892	2
444	892	-4
476	892	2
508	892	2
540	892	0
572	892	3
604	892	-3
636	892	2
668	892	4
700	892	-4
732	892	-1
764	892	-1
796	892	0
828	892	-1
860	892	0
892	892	0
924	892	-1
956	892	1
988	892	0
1020	892	-1
29	893	1
61	893	1
93	893	0
125	893	1
157	893	3
189	893	0
221	893	1
253	893	1
285	893	-1
317	893	1
349	893	7
381	893	6
413	893	-2
445	893	-2
477	893	1
509	893	-1
541	893	3
573	893	3
605	893	-2
637	893	-2
669	893	5
701	893	1
733	893	3
765	893	2
797	893	1
829	893	1
861	893	0
893	893	2
925	893	1
957	893	3
989	893	0
1021	893	0
30	894	0
62	894	0
94	894	0
126	894	0
158	894	-3
190	894	1
222	894	0
254	894	2
286	894	2
318	894	2
350	894	1
382	894	1
414	894	4
446	894	5
478	894	0
510	894	1
542	894	-1
574	894	-3
606	894	-2
638	894	1
670	894	3
702	894	0
734	894	0
766	894	0
798	894	0
830	894	1
862	894	2
894	894	4
926	894	4
958	894	0
990	894	0
1022	894	0
31	895	1
63	895	0
95	895	1
127	895	0
159	895	-1
191	895	1
223	895	1
255	895	2
287	895	1
319	895	2
351	895	2
383	895	1
415	895	2
447	895	2
479	895	2
511	895	-4
543	895	-3
575	895	-2
607	895	-1
639	895	2
671	895	2
703	895	1
735	895	-7
767	895	-1
799	895	1
831	895	1
863	895	-2
895	895	3
927	895	-2
959	895	0
991	895	0
1023	895	0
32	896	0
64	896	0
96	896	0
128	896	3
160	896	2
192	896	2
224	896	4
256	896	2
288	896	-1
320	896	1
352	896	-2
384	896	-2
416	896	2
448	896	-1
480	896	-1
512	896	3
544	896	2
576	896	2
608	896	1
640	896	-4
672	896	2
704	896	0
736	896	0
768	896	0
800	896	-1
832	896	0
864	896	0
896	896	3
928	896	-1
960	896	1
992	896	0
1024	896	0
1	897	1
33	897	0
65	897	0
97	897	-1
129	897	1
161	897	0
193	897	-1
225	897	3
257	897	-2
289	897	3
321	897	4
353	897	3
385	897	0
417	897	-2
449	897	-2
481	897	-1
513	897	-2
545	897	0
577	897	-1
609	897	-1
641	897	-3
673	897	-4
705	897	0
737	897	1
769	897	-1
801	897	3
833	897	3
865	897	3
897	897	0
929	897	0
961	897	0
993	897	-1
2	898	0
34	898	0
66	898	0
98	898	0
130	898	0
162	898	0
194	898	0
226	898	-1
258	898	0
290	898	0
322	898	0
354	898	0
386	898	0
418	898	0
450	898	-1
482	898	0
514	898	0
546	898	0
578	898	0
610	898	0
642	898	-1
674	898	0
706	898	0
738	898	-1
770	898	0
802	898	0
834	898	0
866	898	0
898	898	-1
930	898	0
962	898	0
994	898	0
3	899	0
35	899	0
67	899	0
99	899	2
131	899	0
163	899	-1
195	899	-2
227	899	0
259	899	-2
291	899	2
323	899	3
355	899	2
387	899	2
419	899	3
451	899	1
483	899	-1
515	899	-3
547	899	-2
579	899	-2
611	899	-3
643	899	1
675	899	2
707	899	-2
739	899	2
771	899	3
803	899	3
835	899	3
867	899	-3
899	899	0
931	899	1
963	899	0
995	899	0
4	900	0
36	900	0
68	900	-1
100	900	1
132	900	0
164	900	-1
196	900	3
228	900	4
260	900	-1
292	900	-6
324	900	-3
356	900	-2
388	900	-3
420	900	2
452	900	1
484	900	3
516	900	1
548	900	3
580	900	3
612	900	0
644	900	-1
676	900	-2
708	900	3
740	900	0
772	900	3
804	900	2
836	900	3
868	900	-2
900	900	-3
932	900	-4
964	900	0
996	900	0
5	901	1
37	901	2
69	901	2
101	901	2
133	901	2
165	901	1
197	901	3
229	901	3
261	901	2
293	901	1
325	901	1
357	901	5
389	901	2
421	901	-1
453	901	-5
485	901	-5
517	901	-3
549	901	-1
581	901	0
613	901	0
645	901	-1
677	901	2
709	901	1
741	901	3
773	901	1
805	901	1
837	901	2
869	901	3
901	901	0
933	901	3
965	901	0
997	901	0
6	902	1
38	902	-1
70	902	1
102	902	0
134	902	3
166	902	3
198	902	-2
230	902	-3
262	902	3
294	902	0
326	902	1
358	902	5
390	902	-1
422	902	-3
454	902	2
486	902	2
518	902	1
550	902	1
582	902	-3
614	902	-4
646	902	3
678	902	2
710	902	-1
742	902	0
774	902	1
806	902	-1
838	902	-1
870	902	0
902	902	-3
934	902	0
966	902	0
998	902	0
7	903	0
39	903	0
71	903	1
103	903	0
135	903	-2
167	903	-4
199	903	1
231	903	3
263	903	2
295	903	2
327	903	-2
359	903	2
391	903	5
423	903	4
455	903	3
487	903	3
519	903	-4
551	903	3
583	903	3
615	903	2
647	903	-3
679	903	4
711	903	5
743	903	4
775	903	-2
807	903	-2
839	903	-5
871	903	0
903	903	1
935	903	0
967	903	2
999	903	0
8	904	0
40	904	1
72	904	1
104	904	-1
136	904	0
168	904	1
200	904	-1
232	904	-1
264	904	1
296	904	3
328	904	0
360	904	2
392	904	0
424	904	-1
456	904	2
488	904	0
520	904	-1
552	904	0
584	904	1
616	904	1
648	904	2
680	904	1
712	904	0
744	904	0
776	904	-1
808	904	0
840	904	0
872	904	2
904	904	-1
936	904	4
968	904	1
1000	904	0
9	905	0
41	905	2
73	905	-1
105	905	0
137	905	1
169	905	3
201	905	1
233	905	0
265	905	-2
297	905	-4
329	905	-1
361	905	-2
393	905	-3
425	905	2
457	905	4
489	905	4
521	905	0
553	905	2
585	905	2
617	905	-4
649	905	2
681	905	2
713	905	-2
745	905	0
777	905	0
809	905	0
841	905	2
873	905	-1
905	905	-3
937	905	1
969	905	-1
1001	905	0
10	906	0
42	906	0
74	906	2
106	906	0
138	906	0
170	906	-3
202	906	0
234	906	1
266	906	-6
298	906	1
330	906	2
362	906	1
394	906	2
426	906	1
458	906	0
490	906	4
522	906	-3
554	906	-2
586	906	-3
618	906	3
650	906	2
682	906	2
714	906	-1
746	906	2
778	906	-1
810	906	2
842	906	2
874	906	3
906	906	4
938	906	2
970	906	1
1002	906	0
11	907	0
43	907	0
75	907	1
107	907	0
139	907	-2
171	907	-2
203	907	1
235	907	-2
267	907	0
299	907	-2
331	907	-1
363	907	1
395	907	1
427	907	0
459	907	-3
491	907	-1
523	907	0
555	907	1
587	907	0
619	907	1
651	907	2
683	907	2
715	907	-1
747	907	-1
779	907	0
811	907	-2
843	907	1
875	907	4
907	907	4
939	907	1
971	907	0
1003	907	0
12	908	0
44	908	0
76	908	0
108	908	0
140	908	0
172	908	0
204	908	0
236	908	0
268	908	0
300	908	0
332	908	0
364	908	-1
396	908	0
428	908	-1
460	908	0
492	908	0
524	908	0
556	908	0
588	908	0
620	908	0
652	908	0
684	908	0
716	908	0
748	908	1
780	908	0
812	908	0
844	908	0
876	908	1
908	908	0
940	908	0
972	908	0
1004	908	0
13	909	0
45	909	0
77	909	0
109	909	0
141	909	1
173	909	1
205	909	3
237	909	1
269	909	1
301	909	3
333	909	2
365	909	-2
397	909	0
429	909	2
461	909	0
493	909	-1
525	909	-1
557	909	-1
589	909	-1
621	909	-3
653	909	1
685	909	2
717	909	0
749	909	1
781	909	0
813	909	-2
845	909	2
877	909	3
909	909	5
941	909	4
973	909	0
1005	909	0
14	910	1
46	910	1
78	910	1
110	910	2
142	910	0
174	910	3
206	910	3
238	910	2
270	910	-1
302	910	-3
334	910	0
366	910	1
398	910	0
430	910	0
462	910	2
494	910	-2
526	910	-2
558	910	1
590	910	0
622	910	1
654	910	2
686	910	2
718	910	2
750	910	-3
782	910	-2
814	910	0
846	910	0
878	910	0
910	910	4
942	910	1
974	910	1
1006	910	0
15	911	0
47	911	1
79	911	0
111	911	0
143	911	4
175	911	0
207	911	0
239	911	1
271	911	1
303	911	1
335	911	0
367	911	1
399	911	0
431	911	2
463	911	1
495	911	0
527	911	0
559	911	2
591	911	-2
623	911	2
655	911	2
687	911	0
719	911	1
751	911	0
783	911	0
815	911	0
847	911	1
879	911	0
911	911	0
943	911	0
975	911	0
1007	911	0
16	912	0
48	912	1
80	912	0
112	912	1
144	912	0
176	912	0
208	912	-1
240	912	0
272	912	0
304	912	1
336	912	0
368	912	0
400	912	0
432	912	0
464	912	-1
496	912	0
528	912	1
560	912	0
592	912	0
624	912	0
656	912	-1
688	912	-1
720	912	0
752	912	0
784	912	0
816	912	1
848	912	1
880	912	1
912	912	0
944	912	-1
976	912	0
1008	912	0
17	913	0
49	913	0
81	913	0
113	913	1
145	913	-1
177	913	0
209	913	1
241	913	0
273	913	2
305	913	1
337	913	0
369	913	0
401	913	0
433	913	0
465	913	-2
497	913	0
529	913	1
561	913	1
593	913	2
625	913	-1
657	913	2
689	913	1
721	913	0
753	913	0
785	913	-1
817	913	0
849	913	0
881	913	-2
913	913	1
945	913	0
977	913	-1
1009	913	0
18	914	0
50	914	0
82	914	0
114	914	0
146	914	4
178	914	5
210	914	3
242	914	2
274	914	1
306	914	-2
338	914	0
370	914	-5
402	914	-3
434	914	2
466	914	2
498	914	-2
530	914	1
562	914	-3
594	914	1
626	914	3
658	914	2
690	914	2
722	914	1
754	914	1
786	914	1
818	914	-2
850	914	2
882	914	3
914	914	1
946	914	1
978	914	1
1010	914	0
19	915	1
51	915	0
83	915	0
115	915	1
147	915	0
179	915	-1
211	915	0
243	915	-1
275	915	1
307	915	2
339	915	2
371	915	0
403	915	1
435	915	0
467	915	1
499	915	2
531	915	1
563	915	-1
595	915	-1
627	915	0
659	915	0
691	915	-1
723	915	-1
755	915	0
787	915	1
819	915	3
851	915	-2
883	915	-1
915	915	1
947	915	1
979	915	1
1011	915	0
20	916	0
52	916	0
84	916	1
116	916	0
148	916	-1
180	916	0
212	916	2
244	916	3
276	916	-3
308	916	-1
340	916	3
372	916	1
404	916	-5
436	916	3
468	916	1
500	916	-1
532	916	-3
564	916	-1
596	916	1
628	916	1
660	916	-2
692	916	1
724	916	1
756	916	2
788	916	-4
820	916	3
852	916	0
884	916	4
916	916	0
948	916	1
980	916	1
1012	916	-1
21	917	1
53	917	1
85	917	0
117	917	1
149	917	1
181	917	-1
213	917	1
245	917	-1
277	917	-3
309	917	-2
341	917	-2
373	917	0
405	917	0
437	917	-2
469	917	1
501	917	3
533	917	4
565	917	2
597	917	3
629	917	4
661	917	3
693	917	-1
725	917	0
757	917	-3
789	917	-5
821	917	-3
853	917	-3
885	917	-3
917	917	2
949	917	1
981	917	0
1013	917	1
22	918	0
54	918	0
86	918	0
118	918	0
150	918	-1
182	918	1
214	918	-4
246	918	1
278	918	-1
310	918	2
342	918	1
374	918	1
406	918	1
438	918	1
470	918	2
502	918	3
534	918	0
566	918	1
598	918	1
630	918	2
662	918	-2
694	918	-2
726	918	-3
758	918	-1
790	918	2
822	918	2
854	918	-1
886	918	0
918	918	-1
950	918	1
982	918	1
1014	918	0
23	919	1
55	919	1
87	919	0
119	919	-2
151	919	0
183	919	2
215	919	-1
247	919	2
279	919	-1
311	919	-1
343	919	0
375	919	-2
407	919	1
439	919	0
471	919	1
503	919	2
535	919	2
567	919	1
599	919	-6
631	919	1
663	919	1
695	919	-1
727	919	0
759	919	2
791	919	0
823	919	-4
855	919	-3
887	919	0
919	919	0
951	919	1
983	919	0
1015	919	0
24	920	0
56	920	0
88	920	0
120	920	0
152	920	0
184	920	-1
216	920	0
248	920	0
280	920	0
312	920	-1
344	920	0
376	920	0
408	920	-1
440	920	0
472	920	0
504	920	0
536	920	1
568	920	0
600	920	-1
632	920	0
664	920	0
696	920	0
728	920	0
760	920	0
792	920	-1
824	920	0
856	920	0
888	920	1
920	920	0
952	920	0
984	920	0
1016	920	0
25	921	1
57	921	0
89	921	0
121	921	1
153	921	0
185	921	0
217	921	-2
249	921	-4
281	921	0
313	921	0
345	921	-4
377	921	-1
409	921	2
441	921	-4
473	921	-2
505	921	2
537	921	0
569	921	2
601	921	2
633	921	1
665	921	3
697	921	3
729	921	1
761	921	1
793	921	0
825	921	4
857	921	4
889	921	-3
921	921	-3
953	921	1
985	921	0
1017	921	0
26	922	2
58	922	0
90	922	0
122	922	1
154	922	-4
186	922	-4
218	922	-3
250	922	3
282	922	-1
314	922	-3
346	922	3
378	922	3
410	922	2
442	922	2
474	922	3
506	922	-1
538	922	1
570	922	-1
602	922	2
634	922	-2
666	922	-2
698	922	-1
730	922	-3
762	922	-3
794	922	0
826	922	2
858	922	0
890	922	-1
922	922	1
954	922	0
986	922	0
1018	922	1
27	923	0
59	923	1
91	923	0
123	923	2
155	923	-4
187	923	-4
219	923	0
251	923	2
283	923	2
315	923	2
347	923	0
379	923	1
411	923	1
443	923	3
475	923	2
507	923	3
539	923	1
571	923	2
603	923	-2
635	923	-2
667	923	2
699	923	-3
731	923	-4
763	923	-4
795	923	-1
827	923	2
859	923	1
891	923	1
923	923	2
955	923	0
987	923	1
1019	923	-1
28	924	0
60	924	0
92	924	0
124	924	0
156	924	-3
188	924	-3
220	924	-2
252	924	0
284	924	4
316	924	4
348	924	1
380	924	0
412	924	-1
444	924	5
476	924	-3
508	924	-2
540	924	0
572	924	3
604	924	-4
636	924	3
668	924	2
700	924	-3
732	924	-2
764	924	-1
796	924	0
828	924	3
860	924	0
892	924	-3
924	924	-1
956	924	0
988	924	0
1020	924	0
29	925	1
61	925	0
93	925	0
125	925	1
157	925	2
189	925	-2
221	925	0
253	925	1
285	925	2
317	925	0
349	925	-3
381	925	-5
413	925	3
445	925	3
477	925	1
509	925	4
541	925	-4
573	925	-1
605	925	3
637	925	3
669	925	-4
701	925	-1
733	925	-1
765	925	-2
797	925	0
829	925	0
861	925	1
893	925	1
925	925	0
957	925	2
989	925	0
1021	925	1
30	926	0
62	926	0
94	926	0
126	926	-1
158	926	-4
190	926	0
222	926	1
254	926	-2
286	926	0
318	926	2
350	926	2
382	926	1
414	926	-2
446	926	0
478	926	-3
510	926	2
542	926	1
574	926	0
606	926	-1
638	926	-3
670	926	2
702	926	-5
734	926	1
766	926	1
798	926	0
830	926	3
862	926	2
894	926	1
926	926	0
958	926	0
990	926	-1
1022	926	0
31	927	1
63	927	0
95	927	1
127	927	0
159	927	-3
191	927	0
223	927	-1
255	927	-4
287	927	1
319	927	2
351	927	2
383	927	2
415	927	1
447	927	1
479	927	-2
511	927	0
543	927	-1
575	927	-1
607	927	-2
639	927	-2
671	927	-1
703	927	1
735	927	1
767	927	-1
799	927	0
831	927	-2
863	927	2
895	927	-3
927	927	3
959	927	0
991	927	-1
1023	927	0
32	928	1
64	928	0
96	928	0
128	928	-4
160	928	-4
192	928	-4
224	928	-4
256	928	-3
288	928	-1
320	928	1
352	928	2
384	928	3
416	928	1
448	928	-3
480	928	0
512	928	1
544	928	1
576	928	3
608	928	-1
640	928	3
672	928	-2
704	928	2
736	928	-2
768	928	-3
800	928	2
832	928	-1
864	928	3
896	928	-3
928	928	1
960	928	2
992	928	0
1024	928	0
1	929	0
33	929	0
65	929	0
97	929	1
129	929	-1
161	929	-3
193	929	-3
225	929	1
257	929	0
289	929	0
321	929	1
353	929	2
385	929	2
417	929	2
449	929	-1
481	929	-1
513	929	0
545	929	-1
577	929	3
609	929	2
641	929	2
673	929	3
705	929	-2
737	929	-2
769	929	0
801	929	-1
833	929	1
865	929	1
897	929	-3
929	929	0
961	929	0
993	929	0
2	930	1
34	930	0
66	930	0
98	930	0
130	930	1
162	930	4
194	930	3
226	930	1
258	930	1
290	930	0
322	930	1
354	930	1
386	930	0
418	930	-3
450	930	5
482	930	-2
514	930	-2
546	930	3
578	930	3
610	930	0
642	930	1
674	930	-3
706	930	2
738	930	2
770	930	-1
802	930	1
834	930	0
866	930	1
898	930	-2
930	930	-6
962	930	1
994	930	0
3	931	-1
35	931	0
67	931	0
99	931	2
131	931	-1
163	931	-1
195	931	-2
227	931	0
259	931	0
291	931	1
323	931	2
355	931	3
387	931	1
419	931	1
451	931	1
483	931	-2
515	931	-3
547	931	0
579	931	-2
611	931	0
643	931	1
675	931	7
707	931	-1
739	931	1
771	931	2
803	931	3
835	931	1
867	931	-4
899	931	-3
931	931	-1
963	931	0
995	931	0
4	932	0
36	932	0
68	932	-1
100	932	1
132	932	0
164	932	0
196	932	1
228	932	3
260	932	2
292	932	-6
324	932	-2
356	932	-2
388	932	-3
420	932	-4
452	932	-5
484	932	0
516	932	3
548	932	3
580	932	3
612	932	0
644	932	0
676	932	-2
708	932	1
740	932	2
772	932	1
804	932	2
836	932	3
868	932	-1
900	932	-1
932	932	-1
964	932	0
996	932	1
5	933	0
37	933	-1
69	933	-1
101	933	0
133	933	0
165	933	0
197	933	0
229	933	0
261	933	0
293	933	0
325	933	-1
357	933	0
389	933	-1
421	933	1
453	933	0
485	933	0
517	933	0
549	933	-1
581	933	-1
613	933	0
645	933	0
677	933	0
709	933	-1
741	933	0
773	933	0
805	933	-2
837	933	-1
869	933	0
901	933	0
933	933	0
965	933	0
997	933	0
6	934	0
38	934	0
70	934	0
102	934	0
134	934	-3
166	934	-2
198	934	2
230	934	1
262	934	-2
294	934	1
326	934	1
358	934	-5
390	934	3
422	934	3
454	934	-1
486	934	1
518	934	3
550	934	2
582	934	-3
614	934	5
646	934	2
678	934	1
710	934	1
742	934	1
774	934	-1
806	934	-2
838	934	4
870	934	4
902	934	-1
934	934	1
966	934	1
998	934	0
7	935	0
39	935	0
71	935	-1
103	935	0
135	935	0
167	935	0
199	935	0
231	935	0
263	935	-1
295	935	0
327	935	0
359	935	-1
391	935	0
423	935	0
455	935	0
487	935	0
519	935	0
551	935	-1
583	935	0
615	935	0
647	935	0
679	935	0
711	935	0
743	935	0
775	935	0
807	935	0
839	935	-1
871	935	0
903	935	-1
935	935	0
967	935	0
999	935	0
8	936	0
40	936	1
72	936	0
104	936	0
136	936	0
168	936	2
200	936	-5
232	936	-2
264	936	-2
296	936	-3
328	936	3
360	936	1
392	936	2
424	936	3
456	936	2
488	936	3
520	936	0
552	936	-2
584	936	0
616	936	-3
648	936	-2
680	936	0
712	936	-2
744	936	-2
776	936	0
808	936	-1
840	936	3
872	936	1
904	936	-1
936	936	3
968	936	2
1000	936	0
9	937	0
41	937	1
73	937	0
105	937	1
137	937	1
169	937	4
201	937	4
233	937	0
265	937	1
297	937	0
329	937	2
361	937	3
393	937	1
425	937	1
457	937	3
489	937	-3
521	937	3
553	937	-2
585	937	-3
617	937	2
649	937	-4
681	937	-3
713	937	1
745	937	2
777	937	0
809	937	2
841	937	-2
873	937	1
905	937	2
937	937	0
969	937	3
1001	937	1
10	938	-1
42	938	0
74	938	-1
106	938	0
138	938	0
170	938	0
202	938	0
234	938	0
266	938	0
298	938	-1
330	938	0
362	938	-1
394	938	0
426	938	0
458	938	0
490	938	0
522	938	0
554	938	0
586	938	0
618	938	-1
650	938	0
682	938	-1
714	938	-1
746	938	0
778	938	0
810	938	-1
842	938	0
874	938	0
906	938	0
938	938	-1
970	938	0
1002	938	0
11	939	0
43	939	0
75	939	1
107	939	-1
139	939	-5
171	939	-3
203	939	-1
235	939	-2
267	939	-1
299	939	1
331	939	1
363	939	2
395	939	5
427	939	1
459	939	-6
491	939	1
523	939	1
555	939	3
587	939	2
619	939	3
651	939	-1
683	939	-2
715	939	0
747	939	-2
779	939	-1
811	939	1
843	939	1
875	939	1
907	939	2
939	939	-1
971	939	0
1003	939	1
12	940	-1
44	940	0
76	940	0
108	940	1
140	940	-1
172	940	0
204	940	3
236	940	3
268	940	-3
300	940	2
332	940	-2
364	940	-2
396	940	5
428	940	-3
460	940	3
492	940	0
524	940	0
556	940	-1
588	940	1
620	940	2
652	940	3
684	940	2
716	940	-2
748	940	-2
780	940	3
812	940	0
844	940	-1
876	940	2
908	940	-1
940	940	1
972	940	-2
1004	940	1
13	941	0
45	941	0
77	941	1
109	941	-1
141	941	0
173	941	3
205	941	1
237	941	2
269	941	1
301	941	2
333	941	2
365	941	3
397	941	-2
429	941	-2
461	941	-3
493	941	2
525	941	2
557	941	0
589	941	2
621	941	-3
653	941	2
685	941	1
717	941	3
749	941	3
781	941	2
813	941	-1
845	941	2
877	941	-1
909	941	1
941	941	1
973	941	1
1005	941	0
14	942	-1
46	942	0
78	942	0
110	942	0
142	942	0
174	942	-1
206	942	0
238	942	0
270	942	0
302	942	0
334	942	0
366	942	0
398	942	0
430	942	-1
462	942	-1
494	942	0
526	942	0
558	942	0
590	942	0
622	942	0
654	942	0
686	942	0
718	942	-1
750	942	0
782	942	0
814	942	0
846	942	1
878	942	0
910	942	-1
942	942	0
974	942	1
1006	942	1
15	943	1
47	943	0
79	943	-1
111	943	0
143	943	6
175	943	0
207	943	0
239	943	0
271	943	-3
303	943	0
335	943	0
367	943	0
399	943	0
431	943	1
463	943	2
495	943	1
527	943	1
559	943	1
591	943	-1
623	943	2
655	943	4
687	943	1
719	943	1
751	943	0
783	943	-3
815	943	-2
847	943	-1
879	943	-1
911	943	1
943	943	0
975	943	0
1007	943	0
16	944	0
48	944	0
80	944	1
112	944	0
144	944	5
176	944	4
208	944	3
240	944	1
272	944	0
304	944	2
336	944	-1
368	944	-1
400	944	-1
432	944	-2
464	944	2
496	944	-3
528	944	4
560	944	-3
592	944	-1
624	944	-1
656	944	2
688	944	2
720	944	2
752	944	3
784	944	-3
816	944	1
848	944	1
880	944	1
912	944	1
944	944	1
976	944	1
1008	944	1
17	945	0
49	945	0
81	945	-1
113	945	0
145	945	0
177	945	0
209	945	2
241	945	0
273	945	2
305	945	3
337	945	-1
369	945	3
401	945	-1
433	945	0
465	945	2
497	945	-5
529	945	0
561	945	-1
593	945	-3
625	945	2
657	945	1
689	945	1
721	945	-3
753	945	2
785	945	-1
817	945	4
849	945	4
881	945	4
913	945	-1
945	945	0
977	945	-2
1009	945	0
18	946	0
50	946	-1
82	946	0
114	946	0
146	946	0
178	946	0
210	946	-1
242	946	0
274	946	0
306	946	0
338	946	-1
370	946	-1
402	946	-1
434	946	0
466	946	0
498	946	0
530	946	0
562	946	0
594	946	1
626	946	-1
658	946	0
690	946	0
722	946	-1
754	946	0
786	946	0
818	946	0
850	946	-1
882	946	-1
914	946	0
946	946	0
978	946	-1
1010	946	-1
19	947	0
51	947	0
83	947	0
115	947	0
147	947	-2
179	947	-2
211	947	0
243	947	1
275	947	4
307	947	4
339	947	4
371	947	0
403	947	1
435	947	2
467	947	1
499	947	1
531	947	2
563	947	-2
595	947	1
627	947	-3
659	947	-3
691	947	-3
723	947	-3
755	947	2
787	947	1
819	947	-2
851	947	0
883	947	0
915	947	0
947	947	0
979	947	1
1011	947	0
20	948	1
52	948	0
84	948	1
116	948	1
148	948	0
180	948	1
212	948	-3
244	948	0
276	948	0
308	948	0
340	948	0
372	948	1
404	948	-3
436	948	1
468	948	3
500	948	4
532	948	1
564	948	2
596	948	2
628	948	2
660	948	-2
692	948	2
724	948	2
756	948	1
788	948	-4
820	948	2
852	948	-3
884	948	0
916	948	1
948	948	0
980	948	0
1012	948	0
21	949	2
53	949	1
85	949	1
117	949	1
149	949	-2
181	949	3
213	949	-5
245	949	-6
277	949	-2
309	949	1
341	949	3
373	949	4
405	949	4
437	949	4
469	949	0
501	949	-1
533	949	-2
565	949	-1
597	949	0
629	949	1
661	949	-1
693	949	-2
725	949	1
757	949	-3
789	949	-2
821	949	-2
853	949	-2
885	949	3
917	949	-2
949	949	2
981	949	0
1013	949	1
22	950	0
54	950	0
86	950	0
118	950	0
150	950	-1
182	950	1
214	950	3
246	950	-2
278	950	2
310	950	-4
342	950	0
374	950	1
406	950	1
438	950	1
470	950	2
502	950	4
534	950	-2
566	950	-2
598	950	2
630	950	2
662	950	0
694	950	2
726	950	2
758	950	2
790	950	-2
822	950	-1
854	950	1
886	950	3
918	950	0
950	950	-1
982	950	0
1014	950	0
23	951	-1
55	951	-1
87	951	0
119	951	2
151	951	0
183	951	0
215	951	-1
247	951	1
279	951	4
311	951	0
343	951	0
375	951	0
407	951	3
439	951	-6
471	951	-5
503	951	3
535	951	1
567	951	0
599	951	2
631	951	4
663	951	1
695	951	-3
727	951	0
759	951	2
791	951	-1
823	951	-1
855	951	0
887	951	3
919	951	0
951	951	-2
983	951	0
1015	951	1
24	952	0
56	952	0
88	952	0
120	952	0
152	952	1
184	952	-1
216	952	-2
248	952	-2
280	952	-1
312	952	1
344	952	3
376	952	2
408	952	2
440	952	2
472	952	-1
504	952	2
536	952	3
568	952	3
600	952	3
632	952	-3
664	952	-4
696	952	-2
728	952	-1
760	952	-1
792	952	0
824	952	1
856	952	-2
888	952	1
920	952	3
952	952	1
984	952	0
1016	952	0
25	953	0
57	953	0
89	953	0
121	953	-1
153	953	-1
185	953	0
217	953	3
249	953	4
281	953	2
313	953	1
345	953	1
377	953	1
409	953	1
441	953	-1
473	953	-3
505	953	2
537	953	5
569	953	1
601	953	-3
633	953	0
665	953	-1
697	953	0
729	953	0
761	953	0
793	953	0
825	953	1
857	953	-1
889	953	1
921	953	3
953	953	0
985	953	1
1017	953	1
26	954	0
58	954	0
90	954	0
122	954	0
154	954	-2
186	954	0
218	954	0
250	954	1
282	954	3
314	954	3
346	954	-2
378	954	2
410	954	5
442	954	1
474	954	2
506	954	0
538	954	-2
570	954	1
602	954	-2
634	954	-1
666	954	-2
698	954	2
730	954	-1
762	954	1
794	954	1
826	954	1
858	954	0
890	954	4
922	954	-2
954	954	0
986	954	0
1018	954	0
27	955	0
59	955	0
91	955	0
123	955	0
155	955	1
187	955	3
219	955	0
251	955	-3
283	955	-2
315	955	1
347	955	3
379	955	0
411	955	0
443	955	-3
475	955	1
507	955	-2
539	955	1
571	955	2
603	955	2
635	955	2
667	955	-4
699	955	2
731	955	2
763	955	2
795	955	1
827	955	2
859	955	1
891	955	-1
923	955	-1
955	955	0
987	955	0
1019	955	0
28	956	0
60	956	0
92	956	0
124	956	1
156	956	0
188	956	1
220	956	0
252	956	0
284	956	1
316	956	0
348	956	2
380	956	-6
412	956	3
444	956	-5
476	956	3
508	956	3
540	956	0
572	956	2
604	956	0
636	956	1
668	956	1
700	956	-3
732	956	-2
764	956	-3
796	956	0
828	956	0
860	956	0
892	956	3
924	956	3
956	956	1
988	956	1
1020	956	0
29	957	1
61	957	0
93	957	0
125	957	1
157	957	2
189	957	-2
221	957	-1
253	957	2
285	957	-2
317	957	0
349	957	7
381	957	1
413	957	-3
445	957	-3
477	957	2
509	957	0
541	957	2
573	957	2
605	957	-1
637	957	-1
669	957	1
701	957	-1
733	957	1
765	957	1
797	957	0
829	957	-1
861	957	-1
893	957	0
925	957	0
957	957	0
989	957	0
1021	957	0
30	958	0
62	958	0
94	958	0
126	958	0
158	958	3
190	958	3
222	958	2
254	958	0
286	958	-1
318	958	-2
350	958	-1
382	958	-2
414	958	-2
446	958	-3
478	958	2
510	958	4
542	958	-3
574	958	2
606	958	3
638	958	1
670	958	0
702	958	2
734	958	1
766	958	0
798	958	0
830	958	-2
862	958	-2
894	958	-2
926	958	-2
958	958	0
990	958	0
1022	958	0
31	959	0
63	959	0
95	959	-1
127	959	0
159	959	0
191	959	0
223	959	0
255	959	0
287	959	0
319	959	0
351	959	0
383	959	-1
415	959	0
447	959	0
479	959	0
511	959	0
543	959	0
575	959	0
607	959	0
639	959	0
671	959	-1
703	959	-1
735	959	0
767	959	-1
799	959	0
831	959	0
863	959	0
895	959	1
927	959	0
959	959	0
991	959	0
1023	959	-1
32	960	1
64	960	0
96	960	0
128	960	-1
160	960	-3
192	960	0
224	960	-1
256	960	2
288	960	1
320	960	0
352	960	1
384	960	2
416	960	-1
448	960	1
480	960	2
512	960	0
544	960	0
576	960	0
608	960	0
640	960	-1
672	960	1
704	960	-2
736	960	2
768	960	0
800	960	-1
832	960	0
864	960	4
896	960	-1
928	960	3
960	960	1
992	960	0
1024	960	0
1	961	0
33	961	0
65	961	0
97	961	1
129	961	-1
161	961	-1
193	961	0
225	961	0
257	961	0
289	961	3
321	961	3
353	961	2
385	961	0
417	961	-1
449	961	-2
481	961	-2
513	961	-2
545	961	-1
577	961	-2
609	961	-2
641	961	-3
673	961	-5
705	961	1
737	961	5
769	961	2
801	961	3
833	961	3
865	961	1
897	961	2
929	961	-1
961	961	1
993	961	-1
2	962	0
34	962	0
66	962	0
98	962	1
130	962	1
162	962	-1
194	962	-1
226	962	-2
258	962	-2
290	962	-1
322	962	-2
354	962	-3
386	962	0
418	962	-3
450	962	5
482	962	-1
514	962	-2
546	962	2
578	962	2
610	962	-1
642	962	0
674	962	2
706	962	1
738	962	1
770	962	-3
802	962	0
834	962	2
866	962	3
898	962	0
930	962	-2
962	962	0
994	962	0
3	963	1
35	963	1
67	963	0
99	963	-1
131	963	0
163	963	-1
195	963	-2
227	963	1
259	963	-1
291	963	0
323	963	1
355	963	4
387	963	1
419	963	1
451	963	0
483	963	2
515	963	1
547	963	1
579	963	0
611	963	-1
643	963	-3
675	963	1
707	963	-2
739	963	1
771	963	0
803	963	-1
835	963	1
867	963	-1
899	963	3
931	963	0
963	963	0
995	963	0
4	964	0
36	964	0
68	964	0
100	964	1
132	964	0
164	964	-1
196	964	2
228	964	1
260	964	1
292	964	-2
324	964	0
356	964	-1
388	964	-3
420	964	-6
452	964	-5
484	964	-3
516	964	3
548	964	2
580	964	2
612	964	0
644	964	0
676	964	-1
708	964	-2
740	964	2
772	964	2
804	964	2
836	964	1
868	964	1
900	964	1
932	964	3
964	964	0
996	964	1
5	965	0
37	965	-1
69	965	0
101	965	0
133	965	0
165	965	0
197	965	-1
229	965	0
261	965	0
293	965	-1
325	965	0
357	965	-1
389	965	-1
421	965	0
453	965	0
485	965	0
517	965	0
549	965	0
581	965	0
613	965	0
645	965	-1
677	965	0
709	965	0
741	965	0
773	965	1
805	965	0
837	965	0
869	965	0
901	965	-1
933	965	0
965	965	0
997	965	-1
6	966	0
38	966	0
70	966	1
102	966	0
134	966	-5
166	966	-5
198	966	2
230	966	0
262	966	0
294	966	4
326	966	4
358	966	0
390	966	-1
422	966	2
454	966	-2
486	966	1
518	966	3
550	966	1
582	966	2
614	966	4
646	966	-2
678	966	-3
710	966	-2
742	966	-1
774	966	-2
806	966	-1
838	966	1
870	966	-1
902	966	-2
934	966	-1
966	966	0
998	966	0
7	967	0
39	967	1
71	967	0
103	967	0
135	967	0
167	967	0
199	967	1
231	967	0
263	967	0
295	967	0
327	967	0
359	967	0
391	967	0
423	967	0
455	967	-1
487	967	0
519	967	0
551	967	0
583	967	-1
615	967	-1
647	967	0
679	967	0
711	967	0
743	967	0
775	967	0
807	967	-1
839	967	-1
871	967	0
903	967	0
935	967	1
967	967	0
999	967	0
8	968	1
40	968	0
72	968	0
104	968	0
136	968	0
168	968	0
200	968	0
232	968	0
264	968	-1
296	968	0
328	968	0
360	968	-1
392	968	0
424	968	0
456	968	0
488	968	0
520	968	-1
552	968	-1
584	968	0
616	968	-1
648	968	-1
680	968	0
712	968	0
744	968	-1
776	968	0
808	968	0
840	968	0
872	968	0
904	968	0
936	968	0
968	968	-1
1000	968	1
9	969	0
41	969	0
73	969	0
105	969	0
137	969	-1
169	969	-1
201	969	3
233	969	1
265	969	2
297	969	1
329	969	0
361	969	2
393	969	-2
425	969	0
457	969	3
489	969	-4
521	969	-2
553	969	3
585	969	3
617	969	0
649	969	-3
681	969	-4
713	969	3
745	969	1
777	969	0
809	969	0
841	969	2
873	969	3
905	969	3
937	969	2
969	969	-3
1001	969	0
10	970	0
42	970	0
74	970	1
106	970	0
138	970	0
170	970	2
202	970	2
234	970	0
266	970	-2
298	970	1
330	970	2
362	970	1
394	970	5
426	970	-1
458	970	-4
490	970	2
522	970	-4
554	970	-2
586	970	-3
618	970	2
650	970	1
682	970	1
714	970	3
746	970	2
778	970	2
810	970	4
842	970	1
874	970	0
906	970	2
938	970	0
970	970	1
1002	970	0
11	971	-1
43	971	0
75	971	0
107	971	-1
139	971	0
171	971	0
203	971	0
235	971	0
267	971	-1
299	971	0
331	971	0
363	971	-1
395	971	0
427	971	0
459	971	0
491	971	0
523	971	0
555	971	0
587	971	-1
619	971	0
651	971	0
683	971	-1
715	971	0
747	971	-1
779	971	-1
811	971	0
843	971	0
875	971	0
907	971	0
939	971	1
971	971	0
1003	971	0
12	972	0
44	972	0
76	972	1
108	972	0
140	972	0
172	972	0
204	972	-5
236	972	-3
268	972	5
300	972	-2
332	972	3
364	972	4
396	972	-2
428	972	2
460	972	-1
492	972	1
524	972	3
556	972	0
588	972	1
620	972	0
652	972	0
684	972	0
716	972	1
748	972	2
780	972	-3
812	972	-1
844	972	0
876	972	0
908	972	-2
940	972	2
972	972	2
1004	972	0
13	973	1
45	973	0
77	973	0
109	973	2
141	973	0
173	973	-1
205	973	-4
237	973	-4
269	973	-2
301	973	-2
333	973	0
365	973	1
397	973	2
429	973	3
461	973	4
493	973	0
525	973	-1
557	973	1
589	973	-2
621	973	4
653	973	-1
685	973	-3
717	973	-2
749	973	-3
781	973	-3
813	973	3
845	973	1
877	973	1
909	973	2
941	973	2
973	973	3
1005	973	1
14	974	0
46	974	0
78	974	0
110	974	0
142	974	0
174	974	0
206	974	0
238	974	-1
270	974	0
302	974	0
334	974	0
366	974	0
398	974	0
430	974	0
462	974	0
494	974	0
526	974	0
558	974	0
590	974	0
622	974	-1
654	974	0
686	974	0
718	974	0
750	974	0
782	974	0
814	974	0
846	974	0
878	974	0
910	974	-1
942	974	0
974	974	0
1006	974	-1
15	975	1
47	975	0
79	975	-1
111	975	1
143	975	0
175	975	0
207	975	2
239	975	0
271	975	3
303	975	-2
335	975	0
367	975	-1
399	975	1
431	975	3
463	975	2
495	975	1
527	975	-1
559	975	-3
591	975	3
623	975	-2
655	975	-2
687	975	1
719	975	2
751	975	0
783	975	0
815	975	-1
847	975	-1
879	975	-1
911	975	1
943	975	0
975	975	2
1007	975	0
16	976	1
48	976	1
80	976	0
112	976	1
144	976	-5
176	976	-3
208	976	0
240	976	1
272	976	1
304	976	-2
336	976	-2
368	976	-1
400	976	0
432	976	1
464	976	0
496	976	2
528	976	-2
560	976	2
592	976	2
624	976	1
656	976	1
688	976	-1
720	976	-2
752	976	-2
784	976	1
816	976	0
848	976	2
880	976	0
912	976	-2
944	976	0
976	976	0
1008	976	1
17	977	0
49	977	0
81	977	0
113	977	0
145	977	1
177	977	1
209	977	-1
241	977	1
273	977	-3
305	977	-2
337	977	1
369	977	-2
401	977	0
433	977	1
465	977	1
497	977	3
529	977	2
561	977	1
593	977	1
625	977	-3
657	977	-3
689	977	0
721	977	3
753	977	-3
785	977	4
817	977	-3
849	977	-2
881	977	-4
913	977	2
945	977	0
977	977	1
1009	977	0
18	978	0
50	978	0
82	978	1
114	978	0
146	978	2
178	978	0
210	978	-2
242	978	0
274	978	1
306	978	3
338	978	-2
370	978	3
402	978	4
434	978	-3
466	978	-3
498	978	3
530	978	-3
562	978	3
594	978	0
626	978	-1
658	978	-1
690	978	3
722	978	2
754	978	2
786	978	0
818	978	-2
850	978	-1
882	978	0
914	978	-1
946	978	-3
978	978	0
1010	978	1
19	979	0
51	979	0
83	979	1
115	979	0
147	979	2
179	979	3
211	979	0
243	979	3
275	979	2
307	979	2
339	979	2
371	979	0
403	979	0
435	979	2
467	979	1
499	979	3
531	979	-2
563	979	3
595	979	2
627	979	2
659	979	1
691	979	3
723	979	0
755	979	2
787	979	1
819	979	4
851	979	-3
883	979	-3
915	979	-2
947	979	0
979	979	-1
1011	979	0
20	980	-1
52	980	0
84	980	0
116	980	0
148	980	-2
180	980	-1
212	980	2
244	980	0
276	980	1
308	980	-2
340	980	2
372	980	2
404	980	5
436	980	0
468	980	2
500	980	2
532	980	-3
564	980	0
596	980	3
628	980	2
660	980	-3
692	980	-2
724	980	1
756	980	1
788	980	-2
820	980	2
852	980	-1
884	980	4
916	980	-2
948	980	1
980	980	0
1012	980	0
21	981	-1
53	981	0
85	981	-1
117	981	-1
149	981	0
181	981	0
213	981	0
245	981	0
277	981	0
309	981	0
341	981	0
373	981	0
405	981	0
437	981	0
469	981	-1
501	981	-1
533	981	0
565	981	-1
597	981	-1
629	981	0
661	981	0
693	981	-1
725	981	0
757	981	-1
789	981	-1
821	981	-1
853	981	0
885	981	0
917	981	0
949	981	0
981	981	0
1013	981	0
22	982	0
54	982	0
86	982	0
118	982	0
150	982	1
182	982	1
214	982	3
246	982	-1
278	982	1
310	982	-2
342	982	-3
374	982	2
406	982	1
438	982	-2
470	982	-1
502	982	-1
534	982	-3
566	982	-2
598	982	2
630	982	1
662	982	4
694	982	1
726	982	1
758	982	-1
790	982	0
822	982	-4
854	982	3
886	982	4
918	982	1
950	982	1
982	982	0
1014	982	0
23	983	0
55	983	0
87	983	0
119	983	3
151	983	2
183	983	1
215	983	-3
247	983	2
279	983	2
311	983	-2
343	983	0
375	983	-1
407	983	1
439	983	0
471	983	-2
503	983	0
535	983	-4
567	983	3
599	983	3
631	983	4
663	983	0
695	983	-3
727	983	0
759	983	3
791	983	1
823	983	0
855	983	-3
887	983	-2
919	983	-2
951	983	-1
983	983	0
1015	983	-1
24	984	0
56	984	0
88	984	0
120	984	0
152	984	-1
184	984	1
216	984	1
248	984	1
280	984	0
312	984	0
344	984	-1
376	984	0
408	984	-2
440	984	1
472	984	3
504	984	-2
536	984	-3
568	984	-3
600	984	-6
632	984	3
664	984	2
696	984	1
728	984	-1
760	984	-1
792	984	-1
824	984	1
856	984	-1
888	984	-1
920	984	1
952	984	0
984	984	0
1016	984	1
25	985	0
57	985	-1
89	985	1
121	985	1
153	985	0
185	985	1
217	985	3
249	985	6
281	985	2
313	985	2
345	985	4
377	985	3
409	985	0
441	985	5
473	985	2
505	985	-2
537	985	-2
569	985	-2
601	985	0
633	985	-1
665	985	-1
697	985	-1
729	985	2
761	985	1
793	985	0
825	985	-2
857	985	-3
889	985	3
921	985	3
953	985	-1
985	985	1
1017	985	1
26	986	0
58	986	0
90	986	0
122	986	0
154	986	-2
186	986	0
218	986	0
250	986	1
282	986	0
314	986	-3
346	986	-1
378	986	1
410	986	6
442	986	-1
474	986	3
506	986	0
538	986	-2
570	986	3
602	986	-4
634	986	1
666	986	0
698	986	2
730	986	1
762	986	2
794	986	0
826	986	2
858	986	1
890	986	2
922	986	1
954	986	0
986	986	0
1018	986	0
27	987	0
59	987	0
91	987	0
123	987	0
155	987	-3
187	987	-1
219	987	-4
251	987	-2
283	987	-1
315	987	1
347	987	2
379	987	2
411	987	2
443	987	-1
475	987	0
507	987	-3
539	987	-1
571	987	-1
603	987	3
635	987	1
667	987	-1
699	987	0
731	987	0
763	987	1
795	987	2
827	987	2
859	987	0
891	987	1
923	987	0
955	987	0
987	987	0
1019	987	0
28	988	0
60	988	0
92	988	0
124	988	1
156	988	-3
188	988	-3
220	988	-2
252	988	0
284	988	1
316	988	-2
348	988	2
380	988	0
412	988	1
444	988	-1
476	988	1
508	988	0
540	988	0
572	988	-2
604	988	2
636	988	-1
668	988	-2
700	988	0
732	988	-1
764	988	0
796	988	0
828	988	0
860	988	0
892	988	2
924	988	3
956	988	1
988	988	0
1020	988	1
29	989	-1
61	989	0
93	989	0
125	989	-1
157	989	-1
189	989	0
221	989	0
253	989	0
285	989	0
317	989	0
349	989	0
381	989	0
413	989	0
445	989	0
477	989	0
509	989	0
541	989	0
573	989	-1
605	989	-1
637	989	0
669	989	0
701	989	0
733	989	0
765	989	-1
797	989	-1
829	989	0
861	989	-1
893	989	0
925	989	0
957	989	0
989	989	-1
1021	989	0
30	990	0
62	990	-1
94	990	0
126	990	0
158	990	-4
190	990	-2
222	990	2
254	990	-3
286	990	2
318	990	2
350	990	3
382	990	2
414	990	-2
446	990	-4
478	990	-3
510	990	1
542	990	1
574	990	0
606	990	0
638	990	-2
670	990	-1
702	990	-4
734	990	2
766	990	2
798	990	0
830	990	3
862	990	4
894	990	1
926	990	-1
958	990	0
990	990	0
1022	990	0
31	991	1
63	991	0
95	991	1
127	991	3
159	991	3
191	991	1
223	991	2
255	991	-1
287	991	-2
319	991	-2
351	991	-6
383	991	-5
415	991	1
447	991	5
479	991	3
511	991	2
543	991	0
575	991	0
607	991	0
639	991	-1
671	991	0
703	991	2
735	991	-1
767	991	2
799	991	1
831	991	1
863	991	-5
895	991	2
927	991	0
959	991	0
991	991	0
1023	991	1
32	992	1
64	992	-1
96	992	-1
128	992	-2
160	992	-3
192	992	-2
224	992	-5
256	992	1
288	992	1
320	992	-2
352	992	2
384	992	1
416	992	-1
448	992	5
480	992	3
512	992	-2
544	992	-3
576	992	-2
608	992	0
640	992	2
672	992	1
704	992	-3
736	992	3
768	992	2
800	992	-2
832	992	2
864	992	-3
896	992	3
928	992	0
960	992	0
992	992	0
1024	992	0
1	993	-1
33	993	0
65	993	0
97	993	1
129	993	-1
161	993	0
193	993	-1
225	993	1
257	993	-3
289	993	2
321	993	3
353	993	2
385	993	2
417	993	2
449	993	-5
481	993	-4
513	993	-2
545	993	-2
577	993	-1
609	993	2
641	993	1
673	993	2
705	993	2
737	993	-5
769	993	2
801	993	0
833	993	-2
865	993	0
897	993	-2
929	993	0
961	993	1
993	993	0
2	994	0
34	994	0
66	994	0
98	994	2
130	994	1
162	994	0
194	994	2
226	994	-1
258	994	0
290	994	0
322	994	1
354	994	0
386	994	0
418	994	1
450	994	-1
482	994	3
514	994	2
546	994	-2
578	994	-2
610	994	4
642	994	1
674	994	3
706	994	3
738	994	4
770	994	-5
802	994	3
834	994	0
866	994	-3
898	994	-1
930	994	1
962	994	0
994	994	0
3	995	0
35	995	0
67	995	1
99	995	0
131	995	0
163	995	-1
195	995	1
227	995	0
259	995	1
291	995	2
323	995	1
355	995	3
387	995	-1
419	995	2
451	995	-1
483	995	4
515	995	3
547	995	2
579	995	2
611	995	-1
643	995	1
675	995	-5
707	995	2
739	995	3
771	995	1
803	995	-2
835	995	2
867	995	-1
899	995	0
931	995	-3
963	995	0
995	995	0
4	996	1
36	996	0
68	996	1
100	996	1
132	996	0
164	996	0
196	996	-1
228	996	2
260	996	2
292	996	0
324	996	-2
356	996	1
388	996	3
420	996	4
452	996	4
484	996	3
516	996	-2
548	996	1
580	996	-2
612	996	0
644	996	0
676	996	-2
708	996	-1
740	996	1
772	996	2
804	996	3
836	996	-4
868	996	1
900	996	2
932	996	1
964	996	-1
996	996	-1
5	997	0
37	997	0
69	997	0
101	997	0
133	997	1
165	997	-1
197	997	-3
229	997	-1
261	997	2
293	997	-3
325	997	3
357	997	-3
389	997	-3
421	997	-3
453	997	0
485	997	1
517	997	1
549	997	3
581	997	0
613	997	3
645	997	1
677	997	2
709	997	-1
741	997	-2
773	997	0
805	997	-3
837	997	2
869	997	-1
901	997	1
933	997	-1
965	997	0
997	997	0
6	998	0
38	998	0
70	998	0
102	998	1
134	998	0
166	998	3
198	998	-1
230	998	-1
262	998	0
294	998	0
326	998	2
358	998	1
390	998	-2
422	998	-2
454	998	-1
486	998	0
518	998	2
550	998	2
582	998	-1
614	998	2
646	998	2
678	998	2
710	998	1
742	998	1
774	998	2
806	998	0
838	998	-2
870	998	-3
902	998	-3
934	998	-3
966	998	0
998	998	-1
7	999	0
39	999	0
71	999	0
103	999	-1
135	999	-2
167	999	-4
199	999	2
231	999	1
263	999	-1
295	999	1
327	999	-2
359	999	1
391	999	4
423	999	4
455	999	3
487	999	3
519	999	-6
551	999	4
583	999	3
615	999	0
647	999	-2
679	999	3
711	999	4
743	999	2
775	999	-3
807	999	-1
839	999	-7
871	999	-1
903	999	0
935	999	0
967	999	2
999	999	0
8	1000	0
40	1000	-1
72	1000	0
104	1000	0
136	1000	0
168	1000	-2
200	1000	4
232	1000	2
264	1000	2
296	1000	2
328	1000	-1
360	1000	0
392	1000	1
424	1000	1
456	1000	-3
488	1000	1
520	1000	0
552	1000	-2
584	1000	0
616	1000	-1
648	1000	-2
680	1000	1
712	1000	2
744	1000	3
776	1000	0
808	1000	-1
840	1000	-3
872	1000	-2
904	1000	2
936	1000	1
968	1000	0
1000	1000	0
9	1001	0
41	1001	0
73	1001	0
105	1001	0
137	1001	0
169	1001	0
201	1001	0
233	1001	0
265	1001	0
297	1001	0
329	1001	0
361	1001	0
393	1001	0
425	1001	-1
457	1001	0
489	1001	-1
521	1001	0
553	1001	-1
585	1001	0
617	1001	0
649	1001	-1
681	1001	0
713	1001	0
745	1001	0
777	1001	0
809	1001	0
841	1001	0
873	1001	0
905	1001	0
937	1001	0
969	1001	0
1001	1001	0
10	1002	1
42	1002	0
74	1002	1
106	1002	0
138	1002	0
170	1002	3
202	1002	2
234	1002	0
266	1002	4
298	1002	3
330	1002	-1
362	1002	0
394	1002	6
426	1002	0
458	1002	-2
490	1002	-6
522	1002	2
554	1002	2
586	1002	2
618	1002	-1
650	1002	-2
682	1002	1
714	1002	3
746	1002	1
778	1002	2
810	1002	-1
842	1002	-2
874	1002	-2
906	1002	-3
938	1002	1
970	1002	1
1002	1002	0
11	1003	0
43	1003	0
75	1003	1
107	1003	-1
139	1003	0
171	1003	2
203	1003	-1
235	1003	0
267	1003	0
299	1003	3
331	1003	3
363	1003	-1
395	1003	6
427	1003	-2
459	1003	-3
491	1003	1
523	1003	1
555	1003	2
587	1003	2
619	1003	2
651	1003	-3
683	1003	-1
715	1003	1
747	1003	3
779	1003	0
811	1003	1
843	1003	-1
875	1003	-1
907	1003	-3
939	1003	2
971	1003	0
1003	1003	0
12	1004	0
44	1004	1
76	1004	0
108	1004	0
140	1004	1
172	1004	0
204	1004	2
236	1004	1
268	1004	5
300	1004	0
332	1004	4
364	1004	0
396	1004	-1
428	1004	1
460	1004	-1
492	1004	0
524	1004	2
556	1004	-3
588	1004	-2
620	1004	2
652	1004	-2
684	1004	-2
716	1004	0
748	1004	2
780	1004	0
812	1004	0
844	1004	1
876	1004	-1
908	1004	-4
940	1004	3
972	1004	4
1004	1004	0
13	1005	0
45	1005	0
77	1005	0
109	1005	0
141	1005	0
173	1005	1
205	1005	-2
237	1005	0
269	1005	2
301	1005	4
333	1005	3
365	1005	2
397	1005	1
429	1005	0
461	1005	-1
493	1005	0
525	1005	1
557	1005	0
589	1005	2
621	1005	-2
653	1005	2
685	1005	2
717	1005	1
749	1005	1
781	1005	1
813	1005	-1
845	1005	2
877	1005	1
909	1005	3
941	1005	2
973	1005	0
1005	1005	0
14	1006	1
46	1006	1
78	1006	0
110	1006	-2
142	1006	1
174	1006	-1
206	1006	-1
238	1006	-1
270	1006	0
302	1006	3
334	1006	2
366	1006	2
398	1006	2
430	1006	1
462	1006	3
494	1006	3
526	1006	3
558	1006	-3
590	1006	-2
622	1006	-3
654	1006	-1
686	1006	0
718	1006	-1
750	1006	0
782	1006	-1
814	1006	-3
846	1006	0
878	1006	0
910	1006	3
942	1006	2
974	1006	1
1006	1006	0
15	1007	0
47	1007	0
79	1007	0
111	1007	0
143	1007	0
175	1007	0
207	1007	0
239	1007	0
271	1007	0
303	1007	0
335	1007	0
367	1007	-1
399	1007	0
431	1007	0
463	1007	0
495	1007	0
527	1007	-1
559	1007	0
591	1007	0
623	1007	0
655	1007	0
687	1007	0
719	1007	0
751	1007	0
783	1007	0
815	1007	0
847	1007	0
879	1007	0
911	1007	0
943	1007	0
975	1007	0
1007	1007	-1
16	1008	0
48	1008	1
80	1008	0
112	1008	0
144	1008	-1
176	1008	-1
208	1008	-1
240	1008	-1
272	1008	0
304	1008	-1
336	1008	1
368	1008	1
400	1008	0
432	1008	0
464	1008	-2
496	1008	0
528	1008	0
560	1008	0
592	1008	0
624	1008	-1
656	1008	0
688	1008	-1
720	1008	-1
752	1008	0
784	1008	-1
816	1008	0
848	1008	0
880	1008	1
912	1008	2
944	1008	0
976	1008	0
1008	1008	0
17	1009	0
49	1009	0
81	1009	1
113	1009	0
145	1009	-1
177	1009	1
209	1009	0
241	1009	0
273	1009	1
305	1009	1
337	1009	-4
369	1009	3
401	1009	1
433	1009	2
465	1009	1
497	1009	-5
529	1009	2
561	1009	0
593	1009	-1
625	1009	2
657	1009	1
689	1009	0
721	1009	-2
753	1009	1
785	1009	-1
817	1009	3
849	1009	4
881	1009	4
913	1009	-3
945	1009	-1
977	1009	-1
1009	1009	0
18	1010	0
50	1010	0
82	1010	-1
114	1010	-1
146	1010	3
178	1010	3
210	1010	0
242	1010	1
274	1010	1
306	1010	1
338	1010	2
370	1010	1
402	1010	0
434	1010	-2
466	1010	-3
498	1010	2
530	1010	-3
562	1010	4
594	1010	1
626	1010	-1
658	1010	-2
690	1010	2
722	1010	2
754	1010	2
786	1010	2
818	1010	-4
850	1010	-4
882	1010	-3
914	1010	-2
946	1010	-2
978	1010	1
1010	1010	0
19	1011	1
51	1011	0
83	1011	1
115	1011	1
147	1011	-1
179	1011	2
211	1011	1
243	1011	-1
275	1011	1
307	1011	3
339	1011	3
371	1011	0
403	1011	1
435	1011	2
467	1011	2
499	1011	2
531	1011	-2
563	1011	3
595	1011	3
627	1011	0
659	1011	1
691	1011	1
723	1011	3
755	1011	-1
787	1011	-1
819	1011	-1
851	1011	0
883	1011	-2
915	1011	0
947	1011	1
979	1011	0
1011	1011	0
20	1012	1
52	1012	1
84	1012	1
116	1012	0
148	1012	2
180	1012	0
212	1012	2
244	1012	-1
276	1012	-4
308	1012	4
340	1012	3
372	1012	-3
404	1012	4
436	1012	2
468	1012	-3
500	1012	-4
532	1012	-1
564	1012	0
596	1012	1
628	1012	-2
660	1012	1
692	1012	-2
724	1012	-2
756	1012	-2
788	1012	3
820	1012	0
852	1012	0
884	1012	1
916	1012	-3
948	1012	1
980	1012	0
1012	1012	1
21	1013	1
53	1013	1
85	1013	1
117	1013	1
149	1013	-2
181	1013	3
213	1013	-3
245	1013	-3
277	1013	-1
309	1013	2
341	1013	1
373	1013	1
405	1013	3
437	1013	4
469	1013	2
501	1013	0
533	1013	-1
565	1013	0
597	1013	0
629	1013	-1
661	1013	-2
693	1013	-2
725	1013	0
757	1013	-2
789	1013	-2
821	1013	0
853	1013	-2
885	1013	1
917	1013	-1
949	1013	1
981	1013	0
1013	1013	1
22	1014	0
54	1014	-1
86	1014	0
118	1014	0
150	1014	2
182	1014	2
214	1014	-4
246	1014	3
278	1014	0
310	1014	3
342	1014	-1
374	1014	1
406	1014	2
438	1014	2
470	1014	3
502	1014	-4
534	1014	3
566	1014	4
598	1014	-3
630	1014	-1
662	1014	-2
694	1014	0
726	1014	-2
758	1014	-2
790	1014	3
822	1014	5
854	1014	-1
886	1014	-1
918	1014	0
950	1014	2
982	1014	0
1014	1014	0
23	1015	0
55	1015	-1
87	1015	-1
119	1015	2
151	1015	1
183	1015	3
215	1015	0
247	1015	2
279	1015	1
311	1015	2
343	1015	-1
375	1015	0
407	1015	1
439	1015	-3
471	1015	-3
503	1015	3
535	1015	-2
567	1015	-2
599	1015	2
631	1015	2
663	1015	2
695	1015	-2
727	1015	0
759	1015	1
791	1015	3
823	1015	0
855	1015	0
887	1015	1
919	1015	-1
951	1015	-3
983	1015	0
1015	1015	-1
24	1016	0
56	1016	0
88	1016	1
120	1016	1
152	1016	-1
184	1016	1
216	1016	2
248	1016	1
280	1016	0
312	1016	1
344	1016	1
376	1016	-2
408	1016	7
440	1016	-2
472	1016	-1
504	1016	0
536	1016	2
568	1016	0
600	1016	5
632	1016	-3
664	1016	-1
696	1016	2
728	1016	4
760	1016	2
792	1016	2
824	1016	-1
856	1016	2
888	1016	-3
920	1016	-1
952	1016	0
984	1016	0
1016	1016	0
25	1017	0
57	1017	0
89	1017	0
121	1017	1
153	1017	0
185	1017	0
217	1017	-1
249	1017	-1
281	1017	2
313	1017	0
345	1017	-1
377	1017	-1
409	1017	0
441	1017	-5
473	1017	-3
505	1017	3
537	1017	4
569	1017	2
601	1017	1
633	1017	1
665	1017	0
697	1017	1
729	1017	0
761	1017	-1
793	1017	0
825	1017	2
857	1017	3
889	1017	-2
921	1017	-1
953	1017	1
985	1017	1
1017	1017	1
26	1018	0
58	1018	0
90	1018	0
122	1018	0
154	1018	3
186	1018	4
218	1018	2
250	1018	-2
282	1018	1
314	1018	-3
346	1018	1
378	1018	1
410	1018	-2
442	1018	-1
474	1018	2
506	1018	-1
538	1018	3
570	1018	0
602	1018	-1
634	1018	-1
666	1018	-1
698	1018	1
730	1018	2
762	1018	1
794	1018	1
826	1018	0
858	1018	0
890	1018	-1
922	1018	2
954	1018	1
986	1018	1
1018	1018	0
27	1019	0
59	1019	0
91	1019	0
123	1019	0
155	1019	1
187	1019	1
219	1019	0
251	1019	0
283	1019	0
315	1019	0
347	1019	0
379	1019	0
411	1019	0
443	1019	0
475	1019	-1
507	1019	0
539	1019	-1
571	1019	-1
603	1019	0
635	1019	0
667	1019	0
699	1019	-1
731	1019	-1
763	1019	0
795	1019	-1
827	1019	-1
859	1019	0
891	1019	1
923	1019	0
955	1019	0
987	1019	0
1019	1019	1
28	1020	0
60	1020	0
92	1020	1
124	1020	0
156	1020	-2
188	1020	-1
220	1020	2
252	1020	1
284	1020	0
316	1020	2
348	1020	1
380	1020	4
412	1020	-4
444	1020	6
476	1020	-2
508	1020	-1
540	1020	0
572	1020	1
604	1020	1
636	1020	1
668	1020	-1
700	1020	2
732	1020	1
764	1020	2
796	1020	0
828	1020	2
860	1020	0
892	1020	-1
924	1020	-3
956	1020	1
988	1020	1
1020	1020	0
29	1021	-1
61	1021	0
93	1021	-1
125	1021	1
157	1021	0
189	1021	0
221	1021	0
253	1021	0
285	1021	0
317	1021	0
349	1021	0
381	1021	0
413	1021	-1
445	1021	0
477	1021	0
509	1021	0
541	1021	0
573	1021	0
605	1021	-1
637	1021	-1
669	1021	0
701	1021	0
733	1021	0
765	1021	-1
797	1021	0
829	1021	0
861	1021	0
893	1021	-1
925	1021	0
957	1021	0
989	1021	-1
1021	1021	0
30	1022	-1
62	1022	0
94	1022	1
126	1022	0
158	1022	-2
190	1022	-3
222	1022	-1
254	1022	1
286	1022	4
318	1022	4
350	1022	3
382	1022	1
414	1022	-1
446	1022	-3
478	1022	2
510	1022	-3
542	1022	-3
574	1022	-2
606	1022	-2
638	1022	1
670	1022	-2
702	1022	2
734	1022	1
766	1022	1
798	1022	0
830	1022	2
862	1022	3
894	1022	2
926	1022	1
958	1022	0
990	1022	0
1022	1022	0
31	1023	0
63	1023	0
95	1023	0
127	1023	2
159	1023	3
191	1023	0
223	1023	2
255	1023	3
287	1023	0
319	1023	-1
351	1023	-1
383	1023	0
415	1023	1
447	1023	0
479	1023	0
511	1023	1
543	1023	2
575	1023	3
607	1023	3
639	1023	3
671	1023	2
703	1023	1
735	1023	-7
767	1023	-1
799	1023	1
831	1023	3
863	1023	-2
895	1023	4
927	1023	-2
959	1023	0
991	1023	0
1023	1023	0
32	1024	0
64	1024	0
96	1024	-1
128	1024	0
160	1024	-1
192	1024	1
224	1024	1
256	1024	3
288	1024	3
320	1024	-2
352	1024	1
384	1024	0
416	1024	3
448	1024	1
480	1024	-5
512	1024	-2
544	1024	-1
576	1024	-2
608	1024	-3
640	1024	5
672	1024	-3
704	1024	-1
736	1024	2
768	1024	4
800	1024	-5
832	1024	3
864	1024	2
896	1024	2
928	1024	-1
960	1024	0
992	1024	0
1024	1024	0
